GENERATION_PROJECT,PERIOD,gen_tech,gen_load_zone,gen_energy_source,BuildGen,BuildStorageEnergy,GenCapitalOutlay
AMOYA,2023,RunOfRiver,Surocciden,Water,0,0,0
AMOYA,2025,RunOfRiver,Surocciden,Water,0,0,0
AMOYA,2030,RunOfRiver,Surocciden,Water,0,0,0
AMOYA,2035,RunOfRiver,Surocciden,Water,0,0,0
AMOYA,2040,RunOfRiver,Surocciden,Water,0,0,0
AMOYA,2045,RunOfRiver,Surocciden,Water,0,0,0
AMOYA,2050,RunOfRiver,Surocciden,Water,0,0,0
BARRANQUILL3,2023,Thermal,Caribe,GASIMPOR,0,0,0
BARRANQUILL3,2025,Thermal,Caribe,GASIMPOR,0,0,0
BARRANQUILL3,2030,Thermal,Caribe,GASIMPOR,0,0,0
BARRANQUILL3,2035,Thermal,Caribe,GASIMPOR,0,0,0
BARRANQUILL3,2040,Thermal,Caribe,GASIMPOR,0,0,0
BARRANQUILL3,2045,Thermal,Caribe,GASIMPOR,0,0,0
BARRANQUILL3,2050,Thermal,Caribe,GASIMPOR,0,0,0
BARRANQUILL4,2023,Thermal,Caribe,GASIMPOR,0,0,0
BARRANQUILL4,2025,Thermal,Caribe,GASIMPOR,0,0,0
BARRANQUILL4,2030,Thermal,Caribe,GASIMPOR,0,0,0
BARRANQUILL4,2035,Thermal,Caribe,GASIMPOR,0,0,0
BARRANQUILL4,2040,Thermal,Caribe,GASIMPOR,0,0,0
BARRANQUILL4,2045,Thermal,Caribe,GASIMPOR,0,0,0
BARRANQUILL4,2050,Thermal,Caribe,GASIMPOR,0,0,0
BETANIA,2023,Hidro,Surocciden,Water,0,0,0
BETANIA,2025,Hidro,Surocciden,Water,0,0,0
BETANIA,2030,Hidro,Surocciden,Water,0,0,0
BETANIA,2035,Hidro,Surocciden,Water,0,0,0
BETANIA,2040,Hidro,Surocciden,Water,0,0,0
BETANIA,2045,Hidro,Surocciden,Water,0,0,0
BETANIA,2050,Hidro,Surocciden,Water,0,0,0
C_LLERAS_R,2023,RunOfRiver,Antioquia,Water,0,0,0
C_LLERAS_R,2025,RunOfRiver,Antioquia,Water,0,0,0
C_LLERAS_R,2030,RunOfRiver,Antioquia,Water,0,0,0
C_LLERAS_R,2035,RunOfRiver,Antioquia,Water,0,0,0
C_LLERAS_R,2040,RunOfRiver,Antioquia,Water,0,0,0
C_LLERAS_R,2045,RunOfRiver,Antioquia,Water,0,0,0
C_LLERAS_R,2050,RunOfRiver,Antioquia,Water,0,0,0
CALDERAS,2023,Hidro,Antioquia,Water,0,0,0
CALDERAS,2025,Hidro,Antioquia,Water,0,0,0
CALDERAS,2030,Hidro,Antioquia,Water,0,0,0
CALDERAS,2035,Hidro,Antioquia,Water,0,0,0
CALDERAS,2040,Hidro,Antioquia,Water,0,0,0
CALDERAS,2045,Hidro,Antioquia,Water,0,0,0
CALDERAS,2050,Hidro,Antioquia,Water,0,0,0
CALIMA,2023,Hidro,Surocciden,Water,0,0,0
CALIMA,2025,Hidro,Surocciden,Water,0,0,0
CALIMA,2030,Hidro,Surocciden,Water,0,0,0
CALIMA,2035,Hidro,Surocciden,Water,0,0,0
CALIMA,2040,Hidro,Surocciden,Water,0,0,0
CALIMA,2045,Hidro,Surocciden,Water,0,0,0
CALIMA,2050,Hidro,Surocciden,Water,0,0,0
CANDELARIA,2023,Thermal,Caribe,GASIMPOR,0,0,0
CANDELARIA,2025,Thermal,Caribe,GASIMPOR,0,0,0
CANDELARIA,2030,Thermal,Caribe,GASIMPOR,0,0,0
CANDELARIA,2035,Thermal,Caribe,GASIMPOR,0,0,0
CANDELARIA,2040,Thermal,Caribe,GASIMPOR,0,0,0
CANDELARIA,2045,Thermal,Caribe,GASIMPOR,0,0,0
CANDELARIA,2050,Thermal,Caribe,GASIMPOR,0,0,0
CARTAGENA1,2023,Thermal,Caribe,COMBUSTOLEO,0,0,0
CARTAGENA1,2025,Thermal,Caribe,COMBUSTOLEO,0,0,0
CARTAGENA1,2030,Thermal,Caribe,COMBUSTOLEO,0,0,0
CARTAGENA1,2035,Thermal,Caribe,COMBUSTOLEO,0,0,0
CARTAGENA1,2040,Thermal,Caribe,COMBUSTOLEO,0,0,0
CARTAGENA1,2045,Thermal,Caribe,COMBUSTOLEO,0,0,0
CARTAGENA1,2050,Thermal,Caribe,COMBUSTOLEO,0,0,0
CARTAGENA2,2023,Thermal,Caribe,COMBUSTOLEO,0,0,0
CARTAGENA2,2025,Thermal,Caribe,COMBUSTOLEO,0,0,0
CARTAGENA2,2030,Thermal,Caribe,COMBUSTOLEO,0,0,0
CARTAGENA2,2035,Thermal,Caribe,COMBUSTOLEO,0,0,0
CARTAGENA2,2040,Thermal,Caribe,COMBUSTOLEO,0,0,0
CARTAGENA2,2045,Thermal,Caribe,COMBUSTOLEO,0,0,0
CARTAGENA2,2050,Thermal,Caribe,COMBUSTOLEO,0,0,0
CARTAGENA3,2023,Thermal,Caribe,COMBUSTOLEO,0,0,0
CARTAGENA3,2025,Thermal,Caribe,COMBUSTOLEO,0,0,0
CARTAGENA3,2030,Thermal,Caribe,COMBUSTOLEO,0,0,0
CARTAGENA3,2035,Thermal,Caribe,COMBUSTOLEO,0,0,0
CARTAGENA3,2040,Thermal,Caribe,COMBUSTOLEO,0,0,0
CARTAGENA3,2045,Thermal,Caribe,COMBUSTOLEO,0,0,0
CARTAGENA3,2050,Thermal,Caribe,COMBUSTOLEO,0,0,0
CHARQUITO,2023,Hidro,Oriental,Water,0,0,0
CHARQUITO,2025,Hidro,Oriental,Water,0,0,0
CHARQUITO,2030,Hidro,Oriental,Water,0,0,0
CHARQUITO,2035,Hidro,Oriental,Water,0,0,0
CHARQUITO,2040,Hidro,Oriental,Water,0,0,0
CHARQUITO,2045,Hidro,Oriental,Water,0,0,0
CHARQUITO,2050,Hidro,Oriental,Water,0,0,0
CHIVOR,2023,Hidro,Oriental,Water,0,0,0
CHIVOR,2025,Hidro,Oriental,Water,0,0,0
CHIVOR,2030,Hidro,Oriental,Water,0,0,0
CHIVOR,2035,Hidro,Oriental,Water,0,0,0
CHIVOR,2040,Hidro,Oriental,Water,0,0,0
CHIVOR,2045,Hidro,Oriental,Water,0,0,0
CHIVOR,2050,Hidro,Oriental,Water,0,0,0
CUCUANA,2023,RunOfRiver,Surocciden,Water,0,0,0
CUCUANA,2025,RunOfRiver,Surocciden,Water,0,0,0
CUCUANA,2030,RunOfRiver,Surocciden,Water,0,0,0
CUCUANA,2035,RunOfRiver,Surocciden,Water,0,0,0
CUCUANA,2040,RunOfRiver,Surocciden,Water,0,0,0
CUCUANA,2045,RunOfRiver,Surocciden,Water,0,0,0
CUCUANA,2050,RunOfRiver,Surocciden,Water,0,0,0
DARIO VALENC,2023,RunOfRiver,Oriental,Water,0,0,0
DARIO VALENC,2025,RunOfRiver,Oriental,Water,0,0,0
DARIO VALENC,2030,RunOfRiver,Oriental,Water,0,0,0
DARIO VALENC,2035,RunOfRiver,Oriental,Water,0,0,0
DARIO VALENC,2040,RunOfRiver,Oriental,Water,0,0,0
DARIO VALENC,2045,RunOfRiver,Oriental,Water,0,0,0
DARIO VALENC,2050,RunOfRiver,Oriental,Water,0,0,0
EL QUIMBO,2023,Hidro,Surocciden,Water,0,0,0
EL QUIMBO,2025,Hidro,Surocciden,Water,0,0,0
EL QUIMBO,2030,Hidro,Surocciden,Water,0,0,0
EL QUIMBO,2035,Hidro,Surocciden,Water,0,0,0
EL QUIMBO,2040,Hidro,Surocciden,Water,0,0,0
EL QUIMBO,2045,Hidro,Surocciden,Water,0,0,0
EL QUIMBO,2050,Hidro,Surocciden,Water,0,0,0
ELTESORITO,2023,Thermal,Caribe,GASNACIO,0,0,0
ELTESORITO,2025,Thermal,Caribe,GASNACIO,0,0,0
ELTESORITO,2030,Thermal,Caribe,GASNACIO,0,0,0
ELTESORITO,2035,Thermal,Caribe,GASNACIO,0,0,0
ELTESORITO,2040,Thermal,Caribe,GASNACIO,0,0,0
ELTESORITO,2045,Thermal,Caribe,GASNACIO,0,0,0
ELTESORITO,2050,Thermal,Caribe,GASNACIO,0,0,0
ESCUELAMINAS,2023,RunOfRiver,Antioquia,Water,0,0,0
ESCUELAMINAS,2025,RunOfRiver,Antioquia,Water,0,0,0
ESCUELAMINAS,2030,RunOfRiver,Antioquia,Water,0,0,0
ESCUELAMINAS,2035,RunOfRiver,Antioquia,Water,0,0,0
ESCUELAMINAS,2040,RunOfRiver,Antioquia,Water,0,0,0
ESCUELAMINAS,2045,RunOfRiver,Antioquia,Water,0,0,0
ESCUELAMINAS,2050,RunOfRiver,Antioquia,Water,0,0,0
ESMERALDA,2023,RunOfRiver,Surocciden,Water,0,0,0
ESMERALDA,2025,RunOfRiver,Surocciden,Water,0,0,0
ESMERALDA,2030,RunOfRiver,Surocciden,Water,0,0,0
ESMERALDA,2035,RunOfRiver,Surocciden,Water,0,0,0
ESMERALDA,2040,RunOfRiver,Surocciden,Water,0,0,0
ESMERALDA,2045,RunOfRiver,Surocciden,Water,0,0,0
ESMERALDA,2050,RunOfRiver,Surocciden,Water,0,0,0
FLORES 1,2023,Thermal,Caribe,GASIMPOR,0,0,0
FLORES 1,2025,Thermal,Caribe,GASIMPOR,0,0,0
FLORES 1,2030,Thermal,Caribe,GASIMPOR,0,0,0
FLORES 1,2035,Thermal,Caribe,GASIMPOR,0,0,0
FLORES 1,2040,Thermal,Caribe,GASIMPOR,0,0,0
FLORES 1,2045,Thermal,Caribe,GASIMPOR,0,0,0
FLORES 1,2050,Thermal,Caribe,GASIMPOR,0,0,0
FLORES4,2023,Thermal,Caribe,GASNACIO,0,0,0
FLORES4,2025,Thermal,Caribe,GASNACIO,0,0,0
FLORES4,2030,Thermal,Caribe,GASNACIO,0,0,0
FLORES4,2035,Thermal,Caribe,GASNACIO,0,0,0
FLORES4,2040,Thermal,Caribe,GASNACIO,0,0,0
FLORES4,2045,Thermal,Caribe,GASNACIO,0,0,0
FLORES4,2050,Thermal,Caribe,GASNACIO,0,0,0
GUAJIRA1,2023,Thermal,Caribe,CARBON,0,0,0
GUAJIRA1,2025,Thermal,Caribe,CARBON,0,0,0
GUAJIRA1,2030,Thermal,Caribe,CARBON,0,0,0
GUAJIRA1,2035,Thermal,Caribe,CARBON,0,0,0
GUAJIRA1,2040,Thermal,Caribe,CARBON,0,0,0
GUAJIRA1,2045,Thermal,Caribe,CARBON,0,0,0
GUAJIRA1,2050,Thermal,Caribe,CARBON,0,0,0
GUAJIRA2,2023,Thermal,Caribe,CARBON,0,0,0
GUAJIRA2,2025,Thermal,Caribe,CARBON,0,0,0
GUAJIRA2,2030,Thermal,Caribe,CARBON,0,0,0
GUAJIRA2,2035,Thermal,Caribe,CARBON,0,0,0
GUAJIRA2,2040,Thermal,Caribe,CARBON,0,0,0
GUAJIRA2,2045,Thermal,Caribe,CARBON,0,0,0
GUAJIRA2,2050,Thermal,Caribe,CARBON,0,0,0
GUATAPE,2023,Hidro,Antioquia,Water,0,0,0
GUATAPE,2025,Hidro,Antioquia,Water,0,0,0
GUATAPE,2030,Hidro,Antioquia,Water,0,0,0
GUATAPE,2035,Hidro,Antioquia,Water,0,0,0
GUATAPE,2040,Hidro,Antioquia,Water,0,0,0
GUATAPE,2045,Hidro,Antioquia,Water,0,0,0
GUATAPE,2050,Hidro,Antioquia,Water,0,0,0
GUAVIO,2023,Hidro,Oriental,Water,0,0,0
GUAVIO,2025,Hidro,Oriental,Water,0,0,0
GUAVIO,2030,Hidro,Oriental,Water,0,0,0
GUAVIO,2035,Hidro,Oriental,Water,0,0,0
GUAVIO,2040,Hidro,Oriental,Water,0,0,0
GUAVIO,2045,Hidro,Oriental,Water,0,0,0
GUAVIO,2050,Hidro,Oriental,Water,0,0,0
H_AguaFresca,2023,Hidro,Antioquia,Water,0,0,0
H_AguaFresca,2025,Hidro,Antioquia,Water,0,0,0
H_AguaFresca,2030,Hidro,Antioquia,Water,0,0,0
H_AguaFresca,2035,Hidro,Antioquia,Water,0,0,0
H_AguaFresca,2040,Hidro,Antioquia,Water,0,0,0
H_AguaFresca,2045,Hidro,Antioquia,Water,0,0,0
H_AguaFresca,2050,Hidro,Antioquia,Water,0,0,0
H_Alejandria,2023,Hidro,Antioquia,Water,0,0,0
H_Alejandria,2025,Hidro,Antioquia,Water,0,0,0
H_Alejandria,2030,Hidro,Antioquia,Water,0,0,0
H_Alejandria,2035,Hidro,Antioquia,Water,0,0,0
H_Alejandria,2040,Hidro,Antioquia,Water,0,0,0
H_Alejandria,2045,Hidro,Antioquia,Water,0,0,0
H_Alejandria,2050,Hidro,Antioquia,Water,0,0,0
H_Amaime,2023,Hidro,Surocciden,Water,0,0,0
H_Amaime,2025,Hidro,Surocciden,Water,0,0,0
H_Amaime,2030,Hidro,Surocciden,Water,0,0,0
H_Amaime,2035,Hidro,Surocciden,Water,0,0,0
H_Amaime,2040,Hidro,Surocciden,Water,0,0,0
H_Amaime,2045,Hidro,Surocciden,Water,0,0,0
H_Amaime,2050,Hidro,Surocciden,Water,0,0,0
H_Amalfi,2023,Hidro,Antioquia,Water,0,0,0
H_Amalfi,2025,Hidro,Antioquia,Water,0,0,0
H_Amalfi,2030,Hidro,Antioquia,Water,0,0,0
H_Amalfi,2035,Hidro,Antioquia,Water,0,0,0
H_Amalfi,2040,Hidro,Antioquia,Water,0,0,0
H_Amalfi,2045,Hidro,Antioquia,Water,0,0,0
H_Amalfi,2050,Hidro,Antioquia,Water,0,0,0
H_America,2023,Hidro,Antioquia,Water,0,0,0
H_America,2025,Hidro,Antioquia,Water,0,0,0
H_America,2030,Hidro,Antioquia,Water,0,0,0
H_America,2035,Hidro,Antioquia,Water,0,0,0
H_America,2040,Hidro,Antioquia,Water,0,0,0
H_America,2045,Hidro,Antioquia,Water,0,0,0
H_America,2050,Hidro,Antioquia,Water,0,0,0
H_Asnazu,2023,Hidro,Surocciden,Water,0,0,0
H_Asnazu,2025,Hidro,Surocciden,Water,0,0,0
H_Asnazu,2030,Hidro,Surocciden,Water,0,0,0
H_Asnazu,2035,Hidro,Surocciden,Water,0,0,0
H_Asnazu,2040,Hidro,Surocciden,Water,0,0,0
H_Asnazu,2045,Hidro,Surocciden,Water,0,0,0
H_Asnazu,2050,Hidro,Surocciden,Water,0,0,0
H_AuresBajo,2023,Hidro,Antioquia,Water,0,0,0
H_AuresBajo,2025,Hidro,Antioquia,Water,0,0,0
H_AuresBajo,2030,Hidro,Antioquia,Water,0,0,0
H_AuresBajo,2035,Hidro,Antioquia,Water,0,0,0
H_AuresBajo,2040,Hidro,Antioquia,Water,0,0,0
H_AuresBajo,2045,Hidro,Antioquia,Water,0,0,0
H_AuresBajo,2050,Hidro,Antioquia,Water,0,0,0
H_AutCemNare,2023,Hidro,Antioquia,Water,0,0,0
H_AutCemNare,2025,Hidro,Antioquia,Water,0,0,0
H_AutCemNare,2030,Hidro,Antioquia,Water,0,0,0
H_AutCemNare,2035,Hidro,Antioquia,Water,0,0,0
H_AutCemNare,2040,Hidro,Antioquia,Water,0,0,0
H_AutCemNare,2045,Hidro,Antioquia,Water,0,0,0
H_AutCemNare,2050,Hidro,Antioquia,Water,0,0,0
H_Ayura,2023,Hidro,Antioquia,Water,0,0,0
H_Ayura,2025,Hidro,Antioquia,Water,0,0,0
H_Ayura,2030,Hidro,Antioquia,Water,0,0,0
H_Ayura,2035,Hidro,Antioquia,Water,0,0,0
H_Ayura,2040,Hidro,Antioquia,Water,0,0,0
H_Ayura,2045,Hidro,Antioquia,Water,0,0,0
H_Ayura,2050,Hidro,Antioquia,Water,0,0,0
H_Barrancas,2023,Hidro,Antioquia,Water,0,0,0
H_Barrancas,2025,Hidro,Antioquia,Water,0,0,0
H_Barrancas,2030,Hidro,Antioquia,Water,0,0,0
H_Barrancas,2035,Hidro,Antioquia,Water,0,0,0
H_Barrancas,2040,Hidro,Antioquia,Water,0,0,0
H_Barrancas,2045,Hidro,Antioquia,Water,0,0,0
H_Barrancas,2050,Hidro,Antioquia,Water,0,0,0
H_Barroso,2023,Hidro,Antioquia,Water,0,0,0
H_Barroso,2025,Hidro,Antioquia,Water,0,0,0
H_Barroso,2030,Hidro,Antioquia,Water,0,0,0
H_Barroso,2035,Hidro,Antioquia,Water,0,0,0
H_Barroso,2040,Hidro,Antioquia,Water,0,0,0
H_Barroso,2045,Hidro,Antioquia,Water,0,0,0
H_Barroso,2050,Hidro,Antioquia,Water,0,0,0
H_Bayona,2023,Hidro,Surocciden,Water,0,0,0
H_Bayona,2025,Hidro,Surocciden,Water,0,0,0
H_Bayona,2030,Hidro,Surocciden,Water,0,0,0
H_Bayona,2035,Hidro,Surocciden,Water,0,0,0
H_Bayona,2040,Hidro,Surocciden,Water,0,0,0
H_Bayona,2045,Hidro,Surocciden,Water,0,0,0
H_Bayona,2050,Hidro,Surocciden,Water,0,0,0
H_Belmonte,2023,Hidro,Surocciden,Water,0,0,0
H_Belmonte,2025,Hidro,Surocciden,Water,0,0,0
H_Belmonte,2030,Hidro,Surocciden,Water,0,0,0
H_Belmonte,2035,Hidro,Surocciden,Water,0,0,0
H_Belmonte,2040,Hidro,Surocciden,Water,0,0,0
H_Belmonte,2045,Hidro,Surocciden,Water,0,0,0
H_Belmonte,2050,Hidro,Surocciden,Water,0,0,0
H_CampestreC,2023,Hidro,Surocciden,Water,0,0,0
H_CampestreC,2025,Hidro,Surocciden,Water,0,0,0
H_CampestreC,2030,Hidro,Surocciden,Water,0,0,0
H_CampestreC,2035,Hidro,Surocciden,Water,0,0,0
H_CampestreC,2040,Hidro,Surocciden,Water,0,0,0
H_CampestreC,2045,Hidro,Surocciden,Water,0,0,0
H_CampestreC,2050,Hidro,Surocciden,Water,0,0,0
H_Cantayus,2023,Hidro,Antioquia,Water,0,0,0
H_Cantayus,2025,Hidro,Antioquia,Water,0,0,0
H_Cantayus,2030,Hidro,Antioquia,Water,0,0,0
H_Cantayus,2035,Hidro,Antioquia,Water,0,0,0
H_Cantayus,2040,Hidro,Antioquia,Water,0,0,0
H_Cantayus,2045,Hidro,Antioquia,Water,0,0,0
H_Cantayus,2050,Hidro,Antioquia,Water,0,0,0
H_Caracoli,2023,RunOfRiver,Antioquia,Water,3.75,0,1.15612e+07
H_Caracoli,2025,RunOfRiver,Antioquia,Water,0,0,0
H_Caracoli,2030,RunOfRiver,Antioquia,Water,0,0,0
H_Caracoli,2035,RunOfRiver,Antioquia,Water,0,0,0
H_Caracoli,2040,RunOfRiver,Antioquia,Water,0,0,0
H_Caracoli,2045,RunOfRiver,Antioquia,Water,0,0,0
H_Caracoli,2050,RunOfRiver,Antioquia,Water,0,0,0
H_Caruquia,2023,Hidro,Antioquia,Water,0,0,0
H_Caruquia,2025,Hidro,Antioquia,Water,0,0,0
H_Caruquia,2030,Hidro,Antioquia,Water,0,0,0
H_Caruquia,2035,Hidro,Antioquia,Water,0,0,0
H_Caruquia,2040,Hidro,Antioquia,Water,0,0,0
H_Caruquia,2045,Hidro,Antioquia,Water,0,0,0
H_Caruquia,2050,Hidro,Antioquia,Water,0,0,0
H_Cascada,2023,Hidro,Nordeste,Water,0,0,0
H_Cascada,2025,Hidro,Nordeste,Water,0,0,0
H_Cascada,2030,Hidro,Nordeste,Water,0,0,0
H_Cascada,2035,Hidro,Nordeste,Water,0,0,0
H_Cascada,2040,Hidro,Nordeste,Water,0,0,0
H_Cascada,2045,Hidro,Nordeste,Water,0,0,0
H_Cascada,2050,Hidro,Nordeste,Water,0,0,0
H_CascadaAbe,2023,Hidro,Antioquia,Water,0,0,0
H_CascadaAbe,2025,Hidro,Antioquia,Water,0,0,0
H_CascadaAbe,2030,Hidro,Antioquia,Water,0,0,0
H_CascadaAbe,2035,Hidro,Antioquia,Water,0,0,0
H_CascadaAbe,2040,Hidro,Antioquia,Water,0,0,0
H_CascadaAbe,2045,Hidro,Antioquia,Water,0,0,0
H_CascadaAbe,2050,Hidro,Antioquia,Water,0,0,0
H_CascadaAnt,2023,Hidro,Antioquia,Water,0,0,0
H_CascadaAnt,2025,Hidro,Antioquia,Water,0,0,0
H_CascadaAnt,2030,Hidro,Antioquia,Water,0,0,0
H_CascadaAnt,2035,Hidro,Antioquia,Water,0,0,0
H_CascadaAnt,2040,Hidro,Antioquia,Water,0,0,0
H_CascadaAnt,2045,Hidro,Antioquia,Water,0,0,0
H_CascadaAnt,2050,Hidro,Antioquia,Water,0,0,0
H_CascadaGra,2023,Hidro,Antioquia,Water,2.09,0,6.44347e+06
H_CascadaGra,2025,Hidro,Antioquia,Water,0,0,0
H_CascadaGra,2030,Hidro,Antioquia,Water,0,0,0
H_CascadaGra,2035,Hidro,Antioquia,Water,0,0,0
H_CascadaGra,2040,Hidro,Antioquia,Water,0,0,0
H_CascadaGra,2045,Hidro,Antioquia,Water,0,0,0
H_CascadaGra,2050,Hidro,Antioquia,Water,0,0,0
H_Bello,2023,Hidro,Antioquia,Water,0,0,0
H_Bello,2025,Hidro,Antioquia,Water,0,0,0
H_Bello,2030,Hidro,Antioquia,Water,0,0,0
H_Bello,2035,Hidro,Antioquia,Water,0,0,0
H_Bello,2040,Hidro,Antioquia,Water,0,0,0
H_Bello,2045,Hidro,Antioquia,Water,0,0,0
H_Bello,2050,Hidro,Antioquia,Water,0,0,0
H_Cauya,2023,Hidro,Surocciden,Water,0,0,0
H_Cauya,2025,Hidro,Surocciden,Water,0,0,0
H_Cauya,2030,Hidro,Surocciden,Water,0,0,0
H_Cauya,2035,Hidro,Surocciden,Water,0,0,0
H_Cauya,2040,Hidro,Surocciden,Water,0,0,0
H_Cauya,2045,Hidro,Surocciden,Water,0,0,0
H_Cauya,2050,Hidro,Surocciden,Water,0,0,0
H_Chorrera,2023,Hidro,Antioquia,Water,0,0,0
H_Chorrera,2025,Hidro,Antioquia,Water,0,0,0
H_Chorrera,2030,Hidro,Antioquia,Water,0,0,0
H_Chorrera,2035,Hidro,Antioquia,Water,0,0,0
H_Chorrera,2040,Hidro,Antioquia,Water,0,0,0
H_Chorrera,2045,Hidro,Antioquia,Water,0,0,0
H_Chorrera,2050,Hidro,Antioquia,Water,0,0,0
H_PalmasSanGil,2023,Hidro,Nordeste,Water,0,0,0
H_PalmasSanGil,2025,Hidro,Nordeste,Water,0,0,0
H_PalmasSanGil,2030,Hidro,Nordeste,Water,0,0,0
H_PalmasSanGil,2035,Hidro,Nordeste,Water,0,0,0
H_PalmasSanGil,2040,Hidro,Nordeste,Water,0,0,0
H_PalmasSanGil,2045,Hidro,Nordeste,Water,0,0,0
H_PalmasSanGil,2050,Hidro,Nordeste,Water,0,0,0
H_Coconuco,2023,Hidro,Surocciden,Water,0,0,0
H_Coconuco,2025,Hidro,Surocciden,Water,0,0,0
H_Coconuco,2030,Hidro,Surocciden,Water,0,0,0
H_Coconuco,2035,Hidro,Surocciden,Water,0,0,0
H_Coconuco,2040,Hidro,Surocciden,Water,0,0,0
H_Coconuco,2045,Hidro,Surocciden,Water,0,0,0
H_Coconuco,2050,Hidro,Surocciden,Water,0,0,0
H_Cocuyo,2023,Hidro,Surocciden,Water,0,0,0
H_Cocuyo,2025,Hidro,Surocciden,Water,0,0,0
H_Cocuyo,2030,Hidro,Surocciden,Water,0,0,0
H_Cocuyo,2035,Hidro,Surocciden,Water,0,0,0
H_Cocuyo,2040,Hidro,Surocciden,Water,0,0,0
H_Cocuyo,2045,Hidro,Surocciden,Water,0,0,0
H_Cocuyo,2050,Hidro,Surocciden,Water,0,0,0
H_Coello,2023,Hidro,Surocciden,Water,0,0,0
H_Coello,2025,Hidro,Surocciden,Water,0,0,0
H_Coello,2030,Hidro,Surocciden,Water,0,0,0
H_Coello,2035,Hidro,Surocciden,Water,0,0,0
H_Coello,2040,Hidro,Surocciden,Water,0,0,0
H_Coello,2045,Hidro,Surocciden,Water,0,0,0
H_Coello,2050,Hidro,Surocciden,Water,0,0,0
H_Currucucue,2023,Hidro,Surocciden,Water,0,0,0
H_Currucucue,2025,Hidro,Surocciden,Water,0,0,0
H_Currucucue,2030,Hidro,Surocciden,Water,0,0,0
H_Currucucue,2035,Hidro,Surocciden,Water,0,0,0
H_Currucucue,2040,Hidro,Surocciden,Water,0,0,0
H_Currucucue,2045,Hidro,Surocciden,Water,0,0,0
H_Currucucue,2050,Hidro,Surocciden,Water,0,0,0
H_ElBosque,2023,Hidro,Surocciden,Water,0,0,0
H_ElBosque,2025,Hidro,Surocciden,Water,0,0,0
H_ElBosque,2030,Hidro,Surocciden,Water,0,0,0
H_ElBosque,2035,Hidro,Surocciden,Water,0,0,0
H_ElBosque,2040,Hidro,Surocciden,Water,0,0,0
H_ElBosque,2045,Hidro,Surocciden,Water,0,0,0
H_ElBosque,2050,Hidro,Surocciden,Water,0,0,0
H_ElEden,2023,Hidro,Surocciden,Water,0,0,0
H_ElEden,2025,Hidro,Surocciden,Water,0,0,0
H_ElEden,2030,Hidro,Surocciden,Water,0,0,0
H_ElEden,2035,Hidro,Surocciden,Water,0,0,0
H_ElEden,2040,Hidro,Surocciden,Water,0,0,0
H_ElEden,2045,Hidro,Surocciden,Water,0,0,0
H_ElEden,2050,Hidro,Surocciden,Water,0,0,0
H_ElLimonar,2023,Hidro,Oriental,Water,0,0,0
H_ElLimonar,2025,Hidro,Oriental,Water,0,0,0
H_ElLimonar,2030,Hidro,Oriental,Water,0,0,0
H_ElLimonar,2035,Hidro,Oriental,Water,0,0,0
H_ElLimonar,2040,Hidro,Oriental,Water,0,0,0
H_ElLimonar,2045,Hidro,Oriental,Water,0,0,0
H_ElLimonar,2050,Hidro,Oriental,Water,0,0,0
H_LAGUNETA,2023,Hidro,Oriental,Water,0,0,0
H_LAGUNETA,2025,Hidro,Oriental,Water,0,0,0
H_LAGUNETA,2030,Hidro,Oriental,Water,0,0,0
H_LAGUNETA,2035,Hidro,Oriental,Water,0,0,0
H_LAGUNETA,2040,Hidro,Oriental,Water,0,0,0
H_LAGUNETA,2045,Hidro,Oriental,Water,0,0,0
H_LAGUNETA,2050,Hidro,Oriental,Water,0,0,0
H_ElMolino,2023,Hidro,Antioquia,Water,0,0,0
H_ElMolino,2025,Hidro,Antioquia,Water,0,0,0
H_ElMolino,2030,Hidro,Antioquia,Water,0,0,0
H_ElMolino,2035,Hidro,Antioquia,Water,0,0,0
H_ElMolino,2040,Hidro,Antioquia,Water,0,0,0
H_ElMolino,2045,Hidro,Antioquia,Water,0,0,0
H_ElMolino,2050,Hidro,Antioquia,Water,0,0,0
H_ElPopal,2023,Hidro,Antioquia,Water,0,0,0
H_ElPopal,2025,Hidro,Antioquia,Water,0,0,0
H_ElPopal,2030,Hidro,Antioquia,Water,0,0,0
H_ElPopal,2035,Hidro,Antioquia,Water,0,0,0
H_ElPopal,2040,Hidro,Antioquia,Water,0,0,0
H_ElPopal,2045,Hidro,Antioquia,Water,0,0,0
H_ElPopal,2050,Hidro,Antioquia,Water,0,0,0
H_Florida,2023,RunOfRiver,Surocciden,Water,0,0,0
H_Florida,2025,RunOfRiver,Surocciden,Water,0,0,0
H_Florida,2030,RunOfRiver,Surocciden,Water,0,0,0
H_Florida,2035,RunOfRiver,Surocciden,Water,0,0,0
H_Florida,2040,RunOfRiver,Surocciden,Water,0,0,0
H_Florida,2045,RunOfRiver,Surocciden,Water,0,0,0
H_Florida,2050,RunOfRiver,Surocciden,Water,0,0,0
H_Frisolera,2023,Hidro,Surocciden,Water,0,0,0
H_Frisolera,2025,Hidro,Surocciden,Water,0,0,0
H_Frisolera,2030,Hidro,Surocciden,Water,0,0,0
H_Frisolera,2035,Hidro,Surocciden,Water,0,0,0
H_Frisolera,2040,Hidro,Surocciden,Water,0,0,0
H_Frisolera,2045,Hidro,Surocciden,Water,0,0,0
H_Frisolera,2050,Hidro,Surocciden,Water,0,0,0
H_Guacaica,2023,Hidro,Surocciden,Water,0,0,0
H_Guacaica,2025,Hidro,Surocciden,Water,0,0,0
H_Guacaica,2030,Hidro,Surocciden,Water,0,0,0
H_Guacaica,2035,Hidro,Surocciden,Water,0,0,0
H_Guacaica,2040,Hidro,Surocciden,Water,0,0,0
H_Guacaica,2045,Hidro,Surocciden,Water,0,0,0
H_Guacaica,2050,Hidro,Surocciden,Water,0,0,0
H_Guanaquita,2023,Hidro,Antioquia,Water,0,0,0
H_Guanaquita,2025,Hidro,Antioquia,Water,0,0,0
H_Guanaquita,2030,Hidro,Antioquia,Water,0,0,0
H_Guanaquita,2035,Hidro,Antioquia,Water,0,0,0
H_Guanaquita,2040,Hidro,Antioquia,Water,0,0,0
H_Guanaquita,2045,Hidro,Antioquia,Water,0,0,0
H_Guanaquita,2050,Hidro,Antioquia,Water,0,0,0
H_Guaviomeno,2023,Hidro,Oriental,Water,0,0,0
H_Guaviomeno,2025,Hidro,Oriental,Water,0,0,0
H_Guaviomeno,2030,Hidro,Oriental,Water,0,0,0
H_Guaviomeno,2035,Hidro,Oriental,Water,0,0,0
H_Guaviomeno,2040,Hidro,Oriental,Water,0,0,0
H_Guaviomeno,2045,Hidro,Oriental,Water,0,0,0
H_Guaviomeno,2050,Hidro,Oriental,Water,0,0,0
H_Herradura,2023,RunOfRiver,Antioquia,Water,0,0,0
H_Herradura,2025,RunOfRiver,Antioquia,Water,0,0,0
H_Herradura,2030,RunOfRiver,Antioquia,Water,0,0,0
H_Herradura,2035,RunOfRiver,Antioquia,Water,0,0,0
H_Herradura,2040,RunOfRiver,Antioquia,Water,0,0,0
H_Herradura,2045,RunOfRiver,Antioquia,Water,0,0,0
H_Herradura,2050,RunOfRiver,Antioquia,Water,0,0,0
H_Inza,2023,Hidro,Surocciden,Water,0,0,0
H_Inza,2025,Hidro,Surocciden,Water,0,0,0
H_Inza,2030,Hidro,Surocciden,Water,0,0,0
H_Inza,2035,Hidro,Surocciden,Water,0,0,0
H_Inza,2040,Hidro,Surocciden,Water,0,0,0
H_Inza,2045,Hidro,Surocciden,Water,0,0,0
H_Inza,2050,Hidro,Surocciden,Water,0,0,0
H_IquiraI,2023,Hidro,Surocciden,Water,0,0,0
H_IquiraI,2025,Hidro,Surocciden,Water,0,0,0
H_IquiraI,2030,Hidro,Surocciden,Water,0,0,0
H_IquiraI,2035,Hidro,Surocciden,Water,0,0,0
H_IquiraI,2040,Hidro,Surocciden,Water,0,0,0
H_IquiraI,2045,Hidro,Surocciden,Water,0,0,0
H_IquiraI,2050,Hidro,Surocciden,Water,0,0,0
H_IquiraII,2023,Hidro,Surocciden,Water,0,0,0
H_IquiraII,2025,Hidro,Surocciden,Water,0,0,0
H_IquiraII,2030,Hidro,Surocciden,Water,0,0,0
H_IquiraII,2035,Hidro,Surocciden,Water,0,0,0
H_IquiraII,2040,Hidro,Surocciden,Water,0,0,0
H_IquiraII,2045,Hidro,Surocciden,Water,0,0,0
H_IquiraII,2050,Hidro,Surocciden,Water,0,0,0
H_JuanGarcia,2023,Hidro,Antioquia,Water,0,0,0
H_JuanGarcia,2025,Hidro,Antioquia,Water,0,0,0
H_JuanGarcia,2030,Hidro,Antioquia,Water,0,0,0
H_JuanGarcia,2035,Hidro,Antioquia,Water,0,0,0
H_JuanGarcia,2040,Hidro,Antioquia,Water,0,0,0
H_JuanGarcia,2045,Hidro,Antioquia,Water,0,0,0
H_JuanGarcia,2050,Hidro,Antioquia,Water,0,0,0
H_La_Vuelta,2023,Hidro,Antioquia,Water,0,0,0
H_La_Vuelta,2025,Hidro,Antioquia,Water,0,0,0
H_La_Vuelta,2030,Hidro,Antioquia,Water,0,0,0
H_La_Vuelta,2035,Hidro,Antioquia,Water,0,0,0
H_La_Vuelta,2040,Hidro,Antioquia,Water,0,0,0
H_La_Vuelta,2045,Hidro,Antioquia,Water,0,0,0
H_La_Vuelta,2050,Hidro,Antioquia,Water,0,0,0
H_LaPita,2023,Hidro,Surocciden,Water,0,0,0
H_LaPita,2025,Hidro,Surocciden,Water,0,0,0
H_LaPita,2030,Hidro,Surocciden,Water,0,0,0
H_LaPita,2035,Hidro,Surocciden,Water,0,0,0
H_LaPita,2040,Hidro,Surocciden,Water,0,0,0
H_LaPita,2045,Hidro,Surocciden,Water,0,0,0
H_LaPita,2050,Hidro,Surocciden,Water,0,0,0
H_LaRebusca,2023,Hidro,Antioquia,Water,0,0,0
H_LaRebusca,2025,Hidro,Antioquia,Water,0,0,0
H_LaRebusca,2030,Hidro,Antioquia,Water,0,0,0
H_LaRebusca,2035,Hidro,Antioquia,Water,0,0,0
H_LaRebusca,2040,Hidro,Antioquia,Water,0,0,0
H_LaRebusca,2045,Hidro,Antioquia,Water,0,0,0
H_LaRebusca,2050,Hidro,Antioquia,Water,0,0,0
H_LasPalmas,2023,Hidro,Antioquia,Water,0,0,0
H_LasPalmas,2025,Hidro,Antioquia,Water,0,0,0
H_LasPalmas,2030,Hidro,Antioquia,Water,0,0,0
H_LasPalmas,2035,Hidro,Antioquia,Water,0,0,0
H_LasPalmas,2040,Hidro,Antioquia,Water,0,0,0
H_LasPalmas,2045,Hidro,Antioquia,Water,0,0,0
H_LasPalmas,2050,Hidro,Antioquia,Water,0,0,0
H_Libertad,2023,Hidro,Nordeste,Water,0,0,0
H_Libertad,2025,Hidro,Nordeste,Water,0,0,0
H_Libertad,2030,Hidro,Nordeste,Water,0,0,0
H_Libertad,2035,Hidro,Nordeste,Water,0,0,0
H_Libertad,2040,Hidro,Nordeste,Water,0,0,0
H_Libertad,2045,Hidro,Nordeste,Water,0,0,0
H_Libertad,2050,Hidro,Nordeste,Water,0,0,0
H_LuzMaI,2023,Hidro,Antioquia,Water,0,0,0
H_LuzMaI,2025,Hidro,Antioquia,Water,0,0,0
H_LuzMaI,2030,Hidro,Antioquia,Water,0,0,0
H_LuzMaI,2035,Hidro,Antioquia,Water,0,0,0
H_LuzMaI,2040,Hidro,Antioquia,Water,0,0,0
H_LuzMaI,2045,Hidro,Antioquia,Water,0,0,0
H_LuzMaI,2050,Hidro,Antioquia,Water,0,0,0
H_LuzMaII,2023,Hidro,Antioquia,Water,0,0,0
H_LuzMaII,2025,Hidro,Antioquia,Water,0,0,0
H_LuzMaII,2030,Hidro,Antioquia,Water,0,0,0
H_LuzMaII,2035,Hidro,Antioquia,Water,0,0,0
H_LuzMaII,2040,Hidro,Antioquia,Water,0,0,0
H_LuzMaII,2045,Hidro,Antioquia,Water,0,0,0
H_LuzMaII,2050,Hidro,Antioquia,Water,0,0,0
H_Magallo,2023,Hidro,Antioquia,Water,0,0,0
H_Magallo,2025,Hidro,Antioquia,Water,0,0,0
H_Magallo,2030,Hidro,Antioquia,Water,0,0,0
H_Magallo,2035,Hidro,Antioquia,Water,0,0,0
H_Magallo,2040,Hidro,Antioquia,Water,0,0,0
H_Magallo,2045,Hidro,Antioquia,Water,0,0,0
H_Magallo,2050,Hidro,Antioquia,Water,0,0,0
H_Mirolindo,2023,Hidro,Surocciden,Water,0,0,0
H_Mirolindo,2025,Hidro,Surocciden,Water,0,0,0
H_Mirolindo,2030,Hidro,Surocciden,Water,0,0,0
H_Mirolindo,2035,Hidro,Surocciden,Water,0,0,0
H_Mirolindo,2040,Hidro,Surocciden,Water,0,0,0
H_Mirolindo,2045,Hidro,Surocciden,Water,0,0,0
H_Mirolindo,2050,Hidro,Surocciden,Water,0,0,0
H_Mondomo,2023,Hidro,Surocciden,Water,0,0,0
H_Mondomo,2025,Hidro,Surocciden,Water,0,0,0
H_Mondomo,2030,Hidro,Surocciden,Water,0,0,0
H_Mondomo,2035,Hidro,Surocciden,Water,0,0,0
H_Mondomo,2040,Hidro,Surocciden,Water,0,0,0
H_Mondomo,2045,Hidro,Surocciden,Water,0,0,0
H_Mondomo,2050,Hidro,Surocciden,Water,0,0,0
H_Montanitas,2023,RunOfRiver,Antioquia,Water,0,0,0
H_Montanitas,2025,RunOfRiver,Antioquia,Water,0,0,0
H_Montanitas,2030,RunOfRiver,Antioquia,Water,0,0,0
H_Montanitas,2035,RunOfRiver,Antioquia,Water,0,0,0
H_Montanitas,2040,RunOfRiver,Antioquia,Water,0,0,0
H_Montanitas,2045,RunOfRiver,Antioquia,Water,0,0,0
H_Montanitas,2050,RunOfRiver,Antioquia,Water,0,0,0
H_MorroAzul,2023,Hidro,Surocciden,Water,0,0,0
H_MorroAzul,2025,Hidro,Surocciden,Water,0,0,0
H_MorroAzul,2030,Hidro,Surocciden,Water,0,0,0
H_MorroAzul,2035,Hidro,Surocciden,Water,0,0,0
H_MorroAzul,2040,Hidro,Surocciden,Water,0,0,0
H_MorroAzul,2045,Hidro,Surocciden,Water,0,0,0
H_MorroAzul,2050,Hidro,Surocciden,Water,0,0,0
H_Municipal,2023,Hidro,Surocciden,Water,0,0,0
H_Municipal,2025,Hidro,Surocciden,Water,0,0,0
H_Municipal,2030,Hidro,Surocciden,Water,0,0,0
H_Municipal,2035,Hidro,Surocciden,Water,0,0,0
H_Municipal,2040,Hidro,Surocciden,Water,0,0,0
H_Municipal,2045,Hidro,Surocciden,Water,0,0,0
H_Municipal,2050,Hidro,Surocciden,Water,0,0,0
H_Naveta,2023,Hidro,Oriental,Water,0,0,0
H_Naveta,2025,Hidro,Oriental,Water,0,0,0
H_Naveta,2030,Hidro,Oriental,Water,0,0,0
H_Naveta,2035,Hidro,Oriental,Water,0,0,0
H_Naveta,2040,Hidro,Oriental,Water,0,0,0
H_Naveta,2045,Hidro,Oriental,Water,0,0,0
H_Naveta,2050,Hidro,Oriental,Water,0,0,0
H_Nima,2023,Hidro,Surocciden,Water,0,0,0
H_Nima,2025,Hidro,Surocciden,Water,0,0,0
H_Nima,2030,Hidro,Surocciden,Water,0,0,0
H_Nima,2035,Hidro,Surocciden,Water,0,0,0
H_Nima,2040,Hidro,Surocciden,Water,0,0,0
H_Nima,2045,Hidro,Surocciden,Water,0,0,0
H_Nima,2050,Hidro,Surocciden,Water,0,0,0
H_Niquia,2023,Hidro,Antioquia,Water,0,0,0
H_Niquia,2025,Hidro,Antioquia,Water,0,0,0
H_Niquia,2030,Hidro,Antioquia,Water,0,0,0
H_Niquia,2035,Hidro,Antioquia,Water,0,0,0
H_Niquia,2040,Hidro,Antioquia,Water,0,0,0
H_Niquia,2045,Hidro,Antioquia,Water,0,0,0
H_Niquia,2050,Hidro,Antioquia,Water,0,0,0
H_Nuevoliba,2023,Hidro,Surocciden,Water,0,0,0
H_Nuevoliba,2025,Hidro,Surocciden,Water,0,0,0
H_Nuevoliba,2030,Hidro,Surocciden,Water,0,0,0
H_Nuevoliba,2035,Hidro,Surocciden,Water,0,0,0
H_Nuevoliba,2040,Hidro,Surocciden,Water,0,0,0
H_Nuevoliba,2045,Hidro,Surocciden,Water,0,0,0
H_Nuevoliba,2050,Hidro,Surocciden,Water,0,0,0
H_Oibita,2023,Hidro,Nordeste,Water,19.9,0,6.13517e+07
H_Oibita,2025,Hidro,Nordeste,Water,0,0,0
H_Oibita,2030,Hidro,Nordeste,Water,0,0,0
H_Oibita,2035,Hidro,Nordeste,Water,0,0,0
H_Oibita,2040,Hidro,Nordeste,Water,0,0,0
H_Oibita,2045,Hidro,Nordeste,Water,0,0,0
H_Oibita,2050,Hidro,Nordeste,Water,0,0,0
H_Ovejas,2023,Hidro,Surocciden,Water,0,0,0
H_Ovejas,2025,Hidro,Surocciden,Water,0,0,0
H_Ovejas,2030,Hidro,Surocciden,Water,0,0,0
H_Ovejas,2035,Hidro,Surocciden,Water,0,0,0
H_Ovejas,2040,Hidro,Surocciden,Water,0,0,0
H_Ovejas,2045,Hidro,Surocciden,Water,0,0,0
H_Ovejas,2050,Hidro,Surocciden,Water,0,0,0
H_Pajarito,2023,Hidro,Antioquia,Water,0,0,0
H_Pajarito,2025,Hidro,Antioquia,Water,0,0,0
H_Pajarito,2030,Hidro,Antioquia,Water,0,0,0
H_Pajarito,2035,Hidro,Antioquia,Water,0,0,0
H_Pajarito,2040,Hidro,Antioquia,Water,0,0,0
H_Pajarito,2045,Hidro,Antioquia,Water,0,0,0
H_Pajarito,2050,Hidro,Antioquia,Water,0,0,0
H_Pastales,2023,Hidro,Surocciden,Water,0,0,0
H_Pastales,2025,Hidro,Surocciden,Water,0,0,0
H_Pastales,2030,Hidro,Surocciden,Water,0,0,0
H_Pastales,2035,Hidro,Surocciden,Water,0,0,0
H_Pastales,2040,Hidro,Surocciden,Water,0,0,0
H_Pastales,2045,Hidro,Surocciden,Water,0,0,0
H_Pastales,2050,Hidro,Surocciden,Water,0,0,0
H_PaticoCab,2023,Hidro,Surocciden,Water,0,0,0
H_PaticoCab,2025,Hidro,Surocciden,Water,0,0,0
H_PaticoCab,2030,Hidro,Surocciden,Water,0,0,0
H_PaticoCab,2035,Hidro,Surocciden,Water,0,0,0
H_PaticoCab,2040,Hidro,Surocciden,Water,0,0,0
H_PaticoCab,2045,Hidro,Surocciden,Water,0,0,0
H_PaticoCab,2050,Hidro,Surocciden,Water,0,0,0
H_Pocune,2023,Hidro,Antioquia,Water,0,0,0
H_Pocune,2025,Hidro,Antioquia,Water,0,0,0
H_Pocune,2030,Hidro,Antioquia,Water,0,0,0
H_Pocune,2035,Hidro,Antioquia,Water,0,0,0
H_Pocune,2040,Hidro,Antioquia,Water,0,0,0
H_Pocune,2045,Hidro,Antioquia,Water,0,0,0
H_Pocune,2050,Hidro,Antioquia,Water,0,0,0
H_Porce3Meno,2023,Hidro,Antioquia,Water,0,0,0
H_Porce3Meno,2025,Hidro,Antioquia,Water,0,0,0
H_Porce3Meno,2030,Hidro,Antioquia,Water,0,0,0
H_Porce3Meno,2035,Hidro,Antioquia,Water,0,0,0
H_Porce3Meno,2040,Hidro,Antioquia,Water,0,0,0
H_Porce3Meno,2045,Hidro,Antioquia,Water,0,0,0
H_Porce3Meno,2050,Hidro,Antioquia,Water,0,0,0
H_ProvidencI,2023,Hidro,Caribe,Water,0,0,0
H_ProvidencI,2025,Hidro,Caribe,Water,0,0,0
H_ProvidencI,2030,Hidro,Caribe,Water,0,0,0
H_ProvidencI,2035,Hidro,Caribe,Water,0,0,0
H_ProvidencI,2040,Hidro,Caribe,Water,0,0,0
H_ProvidencI,2045,Hidro,Caribe,Water,0,0,0
H_ProvidencI,2050,Hidro,Caribe,Water,0,0,0
H_Puente_Gui,2023,Hidro,Nordeste,Water,0,0,0
H_Puente_Gui,2025,Hidro,Nordeste,Water,0,0,0
H_Puente_Gui,2030,Hidro,Nordeste,Water,0,0,0
H_Puente_Gui,2035,Hidro,Nordeste,Water,0,0,0
H_Puente_Gui,2040,Hidro,Nordeste,Water,0,0,0
H_Puente_Gui,2045,Hidro,Nordeste,Water,0,0,0
H_Puente_Gui,2050,Hidro,Nordeste,Water,0,0,0
H_Remedios,2023,Hidro,Antioquia,Water,0,0,0
H_Remedios,2025,Hidro,Antioquia,Water,0,0,0
H_Remedios,2030,Hidro,Antioquia,Water,0,0,0
H_Remedios,2035,Hidro,Antioquia,Water,0,0,0
H_Remedios,2040,Hidro,Antioquia,Water,0,0,0
H_Remedios,2045,Hidro,Antioquia,Water,0,0,0
H_Remedios,2050,Hidro,Antioquia,Water,0,0,0
H_Rio_Recio,2023,Hidro,Surocciden,Water,0,0,0
H_Rio_Recio,2025,Hidro,Surocciden,Water,0,0,0
H_Rio_Recio,2030,Hidro,Surocciden,Water,0,0,0
H_Rio_Recio,2035,Hidro,Surocciden,Water,0,0,0
H_Rio_Recio,2040,Hidro,Surocciden,Water,0,0,0
H_Rio_Recio,2045,Hidro,Surocciden,Water,0,0,0
H_Rio_Recio,2050,Hidro,Surocciden,Water,0,0,0
H_RioBobo,2023,Hidro,Surocciden,Water,0,0,0
H_RioBobo,2025,Hidro,Surocciden,Water,0,0,0
H_RioBobo,2030,Hidro,Surocciden,Water,0,0,0
H_RioBobo,2035,Hidro,Surocciden,Water,0,0,0
H_RioBobo,2040,Hidro,Surocciden,Water,0,0,0
H_RioBobo,2045,Hidro,Surocciden,Water,0,0,0
H_RioBobo,2050,Hidro,Surocciden,Water,0,0,0
H_RioCali,2023,Hidro,Surocciden,Water,0,0,0
H_RioCali,2025,Hidro,Surocciden,Water,0,0,0
H_RioCali,2030,Hidro,Surocciden,Water,0,0,0
H_RioCali,2035,Hidro,Surocciden,Water,0,0,0
H_RioCali,2040,Hidro,Surocciden,Water,0,0,0
H_RioCali,2045,Hidro,Surocciden,Water,0,0,0
H_RioCali,2050,Hidro,Surocciden,Water,0,0,0
H_RioFrioI,2023,Hidro,Surocciden,Water,0,0,0
H_RioFrioI,2025,Hidro,Surocciden,Water,0,0,0
H_RioFrioI,2030,Hidro,Surocciden,Water,0,0,0
H_RioFrioI,2035,Hidro,Surocciden,Water,0,0,0
H_RioFrioI,2040,Hidro,Surocciden,Water,0,0,0
H_RioFrioI,2045,Hidro,Surocciden,Water,0,0,0
H_RioFrioI,2050,Hidro,Surocciden,Water,0,0,0
H_RioFrioII,2023,RunOfRiver,Surocciden,Water,0,0,0
H_RioFrioII,2025,RunOfRiver,Surocciden,Water,0,0,0
H_RioFrioII,2030,RunOfRiver,Surocciden,Water,0,0,0
H_RioFrioII,2035,RunOfRiver,Surocciden,Water,0,0,0
H_RioFrioII,2040,RunOfRiver,Surocciden,Water,0,0,0
H_RioFrioII,2045,RunOfRiver,Surocciden,Water,0,0,0
H_RioFrioII,2050,RunOfRiver,Surocciden,Water,0,0,0
H_RioFrioTam,2023,Hidro,Antioquia,Water,0,0,0
H_RioFrioTam,2025,Hidro,Antioquia,Water,0,0,0
H_RioFrioTam,2030,Hidro,Antioquia,Water,0,0,0
H_RioFrioTam,2035,Hidro,Antioquia,Water,0,0,0
H_RioFrioTam,2040,Hidro,Antioquia,Water,0,0,0
H_RioFrioTam,2045,Hidro,Antioquia,Water,0,0,0
H_RioFrioTam,2050,Hidro,Antioquia,Water,0,0,0
H_RioGrande,2023,Hidro,Surocciden,Water,0,0,0
H_RioGrande,2025,Hidro,Surocciden,Water,0,0,0
H_RioGrande,2030,Hidro,Surocciden,Water,0,0,0
H_RioGrande,2035,Hidro,Surocciden,Water,0,0,0
H_RioGrande,2040,Hidro,Surocciden,Water,0,0,0
H_RioGrande,2045,Hidro,Surocciden,Water,0,0,0
H_RioGrande,2050,Hidro,Surocciden,Water,0,0,0
H_RioMayo,2023,RunOfRiver,Surocciden,Water,0,0,0
H_RioMayo,2025,RunOfRiver,Surocciden,Water,0,0,0
H_RioMayo,2030,RunOfRiver,Surocciden,Water,0,0,0
H_RioMayo,2035,RunOfRiver,Surocciden,Water,0,0,0
H_RioMayo,2040,RunOfRiver,Surocciden,Water,0,0,0
H_RioMayo,2045,RunOfRiver,Surocciden,Water,0,0,0
H_RioMayo,2050,RunOfRiver,Surocciden,Water,0,0,0
H_RioMulato2,2023,Hidro,Antioquia,Water,0,0,0
H_RioMulato2,2025,Hidro,Antioquia,Water,0,0,0
H_RioMulato2,2030,Hidro,Antioquia,Water,0,0,0
H_RioMulato2,2035,Hidro,Antioquia,Water,0,0,0
H_RioMulato2,2040,Hidro,Antioquia,Water,0,0,0
H_RioMulato2,2045,Hidro,Antioquia,Water,0,0,0
H_RioMulato2,2050,Hidro,Antioquia,Water,0,0,0
H_RioNegro,2023,Hidro,Surocciden,Water,0,0,0
H_RioNegro,2025,Hidro,Surocciden,Water,0,0,0
H_RioNegro,2030,Hidro,Surocciden,Water,0,0,0
H_RioNegro,2035,Hidro,Surocciden,Water,0,0,0
H_RioNegro,2040,Hidro,Surocciden,Water,0,0,0
H_RioNegro,2045,Hidro,Surocciden,Water,0,0,0
H_RioNegro,2050,Hidro,Surocciden,Water,0,0,0
H_RioPalo,2023,Hidro,Surocciden,Water,0,0,0
H_RioPalo,2025,Hidro,Surocciden,Water,0,0,0
H_RioPalo,2030,Hidro,Surocciden,Water,0,0,0
H_RioPalo,2035,Hidro,Surocciden,Water,0,0,0
H_RioPalo,2040,Hidro,Surocciden,Water,0,0,0
H_RioPalo,2045,Hidro,Surocciden,Water,0,0,0
H_RioPalo,2050,Hidro,Surocciden,Water,0,0,0
H_RioPiedras,2023,RunOfRiver,Antioquia,Water,0,0,0
H_RioPiedras,2025,RunOfRiver,Antioquia,Water,0,0,0
H_RioPiedras,2030,RunOfRiver,Antioquia,Water,0,0,0
H_RioPiedras,2035,RunOfRiver,Antioquia,Water,0,0,0
H_RioPiedras,2040,RunOfRiver,Antioquia,Water,0,0,0
H_RioPiedras,2045,RunOfRiver,Antioquia,Water,0,0,0
H_RioPiedras,2050,RunOfRiver,Antioquia,Water,0,0,0
H_RioSapuye,2023,Hidro,Surocciden,Water,0,0,0
H_RioSapuye,2025,Hidro,Surocciden,Water,0,0,0
H_RioSapuye,2030,Hidro,Surocciden,Water,0,0,0
H_RioSapuye,2035,Hidro,Surocciden,Water,0,0,0
H_RioSapuye,2040,Hidro,Surocciden,Water,0,0,0
H_RioSapuye,2045,Hidro,Surocciden,Water,0,0,0
H_RioSapuye,2050,Hidro,Surocciden,Water,0,0,0
H_Rumor,2023,Hidro,Surocciden,Water,0,0,0
H_Rumor,2025,Hidro,Surocciden,Water,0,0,0
H_Rumor,2030,Hidro,Surocciden,Water,0,0,0
H_Rumor,2035,Hidro,Surocciden,Water,0,0,0
H_Rumor,2040,Hidro,Surocciden,Water,0,0,0
H_Rumor,2045,Hidro,Surocciden,Water,0,0,0
H_Rumor,2050,Hidro,Surocciden,Water,0,0,0
H_Sajandi,2023,Hidro,Surocciden,Water,0,0,0
H_Sajandi,2025,Hidro,Surocciden,Water,0,0,0
H_Sajandi,2030,Hidro,Surocciden,Water,0,0,0
H_Sajandi,2035,Hidro,Surocciden,Water,0,0,0
H_Sajandi,2040,Hidro,Surocciden,Water,0,0,0
H_Sajandi,2045,Hidro,Surocciden,Water,0,0,0
H_Sajandi,2050,Hidro,Surocciden,Water,0,0,0
H_SanAndres2,2023,Hidro,Antioquia,Water,0,0,0
H_SanAndres2,2025,Hidro,Antioquia,Water,0,0,0
H_SanAndres2,2030,Hidro,Antioquia,Water,0,0,0
H_SanAndres2,2035,Hidro,Antioquia,Water,0,0,0
H_SanAndres2,2040,Hidro,Antioquia,Water,0,0,0
H_SanAndres2,2045,Hidro,Antioquia,Water,0,0,0
H_SanAndres2,2050,Hidro,Antioquia,Water,0,0,0
H_SanCancio,2023,Hidro,Surocciden,Water,0,0,0
H_SanCancio,2025,Hidro,Surocciden,Water,0,0,0
H_SanCancio,2030,Hidro,Surocciden,Water,0,0,0
H_SanCancio,2035,Hidro,Surocciden,Water,0,0,0
H_SanCancio,2040,Hidro,Surocciden,Water,0,0,0
H_SanCancio,2045,Hidro,Surocciden,Water,0,0,0
H_SanCancio,2050,Hidro,Surocciden,Water,0,0,0
H_SanJose,2023,Hidro,Surocciden,Water,0,0,0
H_SanJose,2025,Hidro,Surocciden,Water,0,0,0
H_SanJose,2030,Hidro,Surocciden,Water,0,0,0
H_SanJose,2035,Hidro,Surocciden,Water,0,0,0
H_SanJose,2040,Hidro,Surocciden,Water,0,0,0
H_SanJose,2045,Hidro,Surocciden,Water,0,0,0
H_SanJose,2050,Hidro,Surocciden,Water,0,0,0
H_SanJosMoII,2023,Hidro,Antioquia,Water,0,0,0
H_SanJosMoII,2025,Hidro,Antioquia,Water,0,0,0
H_SanJosMoII,2030,Hidro,Antioquia,Water,0,0,0
H_SanJosMoII,2035,Hidro,Antioquia,Water,0,0,0
H_SanJosMoII,2040,Hidro,Antioquia,Water,0,0,0
H_SanJosMoII,2045,Hidro,Antioquia,Water,0,0,0
H_SanJosMoII,2050,Hidro,Antioquia,Water,0,0,0
H_SanMatias,2023,Hidro,Antioquia,Water,0,0,0
H_SanMatias,2025,Hidro,Antioquia,Water,0,0,0
H_SanMatias,2030,Hidro,Antioquia,Water,0,0,0
H_SanMatias,2035,Hidro,Antioquia,Water,0,0,0
H_SanMatias,2040,Hidro,Antioquia,Water,0,0,0
H_SanMatias,2045,Hidro,Antioquia,Water,0,0,0
H_SanMatias,2050,Hidro,Antioquia,Water,0,0,0
H_SantaAna,2023,Hidro,Oriental,Water,0,0,0
H_SantaAna,2025,Hidro,Oriental,Water,0,0,0
H_SantaAna,2030,Hidro,Oriental,Water,0,0,0
H_SantaAna,2035,Hidro,Oriental,Water,0,0,0
H_SantaAna,2040,Hidro,Oriental,Water,0,0,0
H_SantaAna,2045,Hidro,Oriental,Water,0,0,0
H_SantaAna,2050,Hidro,Oriental,Water,0,0,0
H_SantaRita,2023,Hidro,Antioquia,Water,0,0,0
H_SantaRita,2025,Hidro,Antioquia,Water,0,0,0
H_SantaRita,2030,Hidro,Antioquia,Water,0,0,0
H_SantaRita,2035,Hidro,Antioquia,Water,0,0,0
H_SantaRita,2040,Hidro,Antioquia,Water,0,0,0
H_SantaRita,2045,Hidro,Antioquia,Water,0,0,0
H_SantaRita,2050,Hidro,Antioquia,Water,0,0,0
H_Santiago,2023,Hidro,Antioquia,Water,0,0,0
H_Santiago,2025,Hidro,Antioquia,Water,0,0,0
H_Santiago,2030,Hidro,Antioquia,Water,0,0,0
H_Santiago,2035,Hidro,Antioquia,Water,0,0,0
H_Santiago,2040,Hidro,Antioquia,Water,0,0,0
H_Santiago,2045,Hidro,Antioquia,Water,0,0,0
H_Santiago,2050,Hidro,Antioquia,Water,0,0,0
H_SBartolome,2023,Hidro,Nordeste,Water,19.9,0,6.13517e+07
H_SBartolome,2025,Hidro,Nordeste,Water,0,0,0
H_SBartolome,2030,Hidro,Nordeste,Water,0,0,0
H_SBartolome,2035,Hidro,Nordeste,Water,0,0,0
H_SBartolome,2040,Hidro,Nordeste,Water,0,0,0
H_SBartolome,2045,Hidro,Nordeste,Water,0,0,0
H_SBartolome,2050,Hidro,Nordeste,Water,0,0,0
H_SFrancisPu,2023,Hidro,Surocciden,Water,0,0,0
H_SFrancisPu,2025,Hidro,Surocciden,Water,0,0,0
H_SFrancisPu,2030,Hidro,Surocciden,Water,0,0,0
H_SFrancisPu,2035,Hidro,Surocciden,Water,0,0,0
H_SFrancisPu,2040,Hidro,Surocciden,Water,0,0,0
H_SFrancisPu,2045,Hidro,Surocciden,Water,0,0,0
H_SFrancisPu,2050,Hidro,Surocciden,Water,0,0,0
H_Silvia,2023,Hidro,Surocciden,Water,0,0,0
H_Silvia,2025,Hidro,Surocciden,Water,0,0,0
H_Silvia,2030,Hidro,Surocciden,Water,0,0,0
H_Silvia,2035,Hidro,Surocciden,Water,0,0,0
H_Silvia,2040,Hidro,Surocciden,Water,0,0,0
H_Silvia,2045,Hidro,Surocciden,Water,0,0,0
H_Silvia,2050,Hidro,Surocciden,Water,0,0,0
H_Suba,2023,Hidro,Oriental,Water,0,0,0
H_Suba,2025,Hidro,Oriental,Water,0,0,0
H_Suba,2030,Hidro,Oriental,Water,0,0,0
H_Suba,2035,Hidro,Oriental,Water,0,0,0
H_Suba,2040,Hidro,Oriental,Water,0,0,0
H_Suba,2045,Hidro,Oriental,Water,0,0,0
H_Suba,2050,Hidro,Oriental,Water,0,0,0
H_Sueva2,2023,Hidro,Oriental,Water,0,0,0
H_Sueva2,2025,Hidro,Oriental,Water,0,0,0
H_Sueva2,2030,Hidro,Oriental,Water,0,0,0
H_Sueva2,2035,Hidro,Oriental,Water,0,0,0
H_Sueva2,2040,Hidro,Oriental,Water,0,0,0
H_Sueva2,2045,Hidro,Oriental,Water,0,0,0
H_Sueva2,2050,Hidro,Oriental,Water,0,0,0
H_TuluaAlto,2023,Hidro,Surocciden,Water,0,0,0
H_TuluaAlto,2025,Hidro,Surocciden,Water,0,0,0
H_TuluaAlto,2030,Hidro,Surocciden,Water,0,0,0
H_TuluaAlto,2035,Hidro,Surocciden,Water,0,0,0
H_TuluaAlto,2040,Hidro,Surocciden,Water,0,0,0
H_TuluaAlto,2045,Hidro,Surocciden,Water,0,0,0
H_TuluaAlto,2050,Hidro,Surocciden,Water,0,0,0
H_TuluaBajo,2023,Hidro,Surocciden,Water,0,0,0
H_TuluaBajo,2025,Hidro,Surocciden,Water,0,0,0
H_TuluaBajo,2030,Hidro,Surocciden,Water,0,0,0
H_TuluaBajo,2035,Hidro,Surocciden,Water,0,0,0
H_TuluaBajo,2040,Hidro,Surocciden,Water,0,0,0
H_TuluaBajo,2045,Hidro,Surocciden,Water,0,0,0
H_TuluaBajo,2050,Hidro,Surocciden,Water,0,0,0
H_Tunjita,2023,Hidro,Oriental,Water,0,0,0
H_Tunjita,2025,Hidro,Oriental,Water,0,0,0
H_Tunjita,2030,Hidro,Oriental,Water,0,0,0
H_Tunjita,2035,Hidro,Oriental,Water,0,0,0
H_Tunjita,2040,Hidro,Oriental,Water,0,0,0
H_Tunjita,2045,Hidro,Oriental,Water,0,0,0
H_Tunjita,2050,Hidro,Oriental,Water,0,0,0
H_Union,2023,Hidro,Surocciden,Water,0,0,0
H_Union,2025,Hidro,Surocciden,Water,0,0,0
H_Union,2030,Hidro,Surocciden,Water,0,0,0
H_Union,2035,Hidro,Surocciden,Water,0,0,0
H_Union,2040,Hidro,Surocciden,Water,0,0,0
H_Union,2045,Hidro,Surocciden,Water,0,0,0
H_Union,2050,Hidro,Surocciden,Water,0,0,0
H_Urrao,2023,Hidro,Antioquia,Water,0,0,0
H_Urrao,2025,Hidro,Antioquia,Water,0,0,0
H_Urrao,2030,Hidro,Antioquia,Water,0,0,0
H_Urrao,2035,Hidro,Antioquia,Water,0,0,0
H_Urrao,2040,Hidro,Antioquia,Water,0,0,0
H_Urrao,2045,Hidro,Antioquia,Water,0,0,0
H_Urrao,2050,Hidro,Antioquia,Water,0,0,0
H_Usaquen,2023,Hidro,Oriental,Water,0,0,0
H_Usaquen,2025,Hidro,Oriental,Water,0,0,0
H_Usaquen,2030,Hidro,Oriental,Water,0,0,0
H_Usaquen,2035,Hidro,Oriental,Water,0,0,0
H_Usaquen,2040,Hidro,Oriental,Water,0,0,0
H_Usaquen,2045,Hidro,Oriental,Water,0,0,0
H_Usaquen,2050,Hidro,Oriental,Water,0,0,0
H_AutGold,2023,Hidro,Antioquia,Water,0,0,0
H_AutGold,2025,Hidro,Antioquia,Water,0,0,0
H_AutGold,2030,Hidro,Antioquia,Water,0,0,0
H_AutGold,2035,Hidro,Antioquia,Water,0,0,0
H_AutGold,2040,Hidro,Antioquia,Water,0,0,0
H_AutGold,2045,Hidro,Antioquia,Water,0,0,0
H_AutGold,2050,Hidro,Antioquia,Water,0,0,0
H_VentanaA,2023,Hidro,Surocciden,Water,0,0,0
H_VentanaA,2025,Hidro,Surocciden,Water,0,0,0
H_VentanaA,2030,Hidro,Surocciden,Water,0,0,0
H_VentanaA,2035,Hidro,Surocciden,Water,0,0,0
H_VentanaA,2040,Hidro,Surocciden,Water,0,0,0
H_VentanaA,2045,Hidro,Surocciden,Water,0,0,0
H_VentanaA,2050,Hidro,Surocciden,Water,0,0,0
H_VentanaB,2023,Hidro,Surocciden,Water,0,0,0
H_VentanaB,2025,Hidro,Surocciden,Water,0,0,0
H_VentanaB,2030,Hidro,Surocciden,Water,0,0,0
H_VentanaB,2035,Hidro,Surocciden,Water,0,0,0
H_VentanaB,2040,Hidro,Surocciden,Water,0,0,0
H_VentanaB,2045,Hidro,Surocciden,Water,0,0,0
H_VentanaB,2050,Hidro,Surocciden,Water,0,0,0
H_Violetas,2023,Hidro,Antioquia,Water,0,0,0
H_Violetas,2025,Hidro,Antioquia,Water,0,0,0
H_Violetas,2030,Hidro,Antioquia,Water,0,0,0
H_Violetas,2035,Hidro,Antioquia,Water,0,0,0
H_Violetas,2040,Hidro,Antioquia,Water,0,0,0
H_Violetas,2045,Hidro,Antioquia,Water,0,0,0
H_Violetas,2050,Hidro,Antioquia,Water,0,0,0
H_Zeus,2023,Hidro,Antioquia,Water,0,0,0
H_Zeus,2025,Hidro,Antioquia,Water,0,0,0
H_Zeus,2030,Hidro,Antioquia,Water,0,0,0
H_Zeus,2035,Hidro,Antioquia,Water,0,0,0
H_Zeus,2040,Hidro,Antioquia,Water,0,0,0
H_Zeus,2045,Hidro,Antioquia,Water,0,0,0
H_Zeus,2050,Hidro,Antioquia,Water,0,0,0
INSULA,2023,Hidro,Surocciden,Water,0,0,0
INSULA,2025,Hidro,Surocciden,Water,0,0,0
INSULA,2030,Hidro,Surocciden,Water,0,0,0
INSULA,2035,Hidro,Surocciden,Water,0,0,0
INSULA,2040,Hidro,Surocciden,Water,0,0,0
INSULA,2045,Hidro,Surocciden,Water,0,0,0
INSULA,2050,Hidro,Surocciden,Water,0,0,0
ITUANGO,2023,Hidro,Antioquia,Water,0,0,0
ITUANGO,2025,Hidro,Antioquia,Water,0,0,0
ITUANGO,2030,Hidro,Antioquia,Water,0,0,0
ITUANGO,2035,Hidro,Antioquia,Water,0,0,0
ITUANGO,2040,Hidro,Antioquia,Water,0,0,0
ITUANGO,2045,Hidro,Antioquia,Water,0,0,0
ITUANGO,2050,Hidro,Antioquia,Water,0,0,0
H_PAGUA,2023,Hidro,Surocciden,Water,0,0,0
H_PAGUA,2025,Hidro,Surocciden,Water,0,0,0
H_PAGUA,2030,Hidro,Surocciden,Water,0,0,0
H_PAGUA,2035,Hidro,Surocciden,Water,0,0,0
H_PAGUA,2040,Hidro,Surocciden,Water,0,0,0
H_PAGUA,2045,Hidro,Surocciden,Water,0,0,0
H_PAGUA,2050,Hidro,Surocciden,Water,0,0,0
H_GUATRON,2023,Hidro,Antioquia,Water,0,0,0
H_GUATRON,2025,Hidro,Antioquia,Water,0,0,0
H_GUATRON,2030,Hidro,Antioquia,Water,0,0,0
H_GUATRON,2035,Hidro,Antioquia,Water,0,0,0
H_GUATRON,2040,Hidro,Antioquia,Water,0,0,0
H_GUATRON,2045,Hidro,Antioquia,Water,0,0,0
H_GUATRON,2050,Hidro,Antioquia,Water,0,0,0
H_ALBAN,2023,Hidro,Surocciden,Water,0,0,0
H_ALBAN,2025,Hidro,Surocciden,Water,0,0,0
H_ALBAN,2030,Hidro,Surocciden,Water,0,0,0
H_ALBAN,2035,Hidro,Surocciden,Water,0,0,0
H_ALBAN,2040,Hidro,Surocciden,Water,0,0,0
H_ALBAN,2045,Hidro,Surocciden,Water,0,0,0
H_ALBAN,2050,Hidro,Surocciden,Water,0,0,0
S_Dulima,2023,pv_solar,Surocciden,Solar,21.9,0,2.90613e+07
S_Dulima,2025,pv_solar,Surocciden,Solar,0,0,0
S_Dulima,2030,pv_solar,Surocciden,Solar,0,0,0
S_Dulima,2035,pv_solar,Surocciden,Solar,0,0,0
S_Dulima,2040,pv_solar,Surocciden,Solar,0,0,0
S_Dulima,2045,pv_solar,Surocciden,Solar,0,0,0
S_Dulima,2050,pv_solar,Surocciden,Solar,0,0,0
S_Cauca,2023,pv_solar,Surocciden,Solar,0,0,0
S_Cauca,2025,pv_solar,Surocciden,Solar,0,0,0
S_Cauca,2030,pv_solar,Surocciden,Solar,0,0,0
S_Cauca,2035,pv_solar,Surocciden,Solar,0,0,0
S_Cauca,2040,pv_solar,Surocciden,Solar,0,0,0
S_Cauca,2045,pv_solar,Surocciden,Solar,0,0,0
S_Cauca,2050,pv_solar,Surocciden,Solar,0,0,0
S_Ferch2,2023,pv_solar,Nordeste,Solar,0,0,0
S_Ferch2,2025,pv_solar,Nordeste,Solar,0,0,0
S_Ferch2,2030,pv_solar,Nordeste,Solar,0,0,0
S_Ferch2,2035,pv_solar,Nordeste,Solar,0,0,0
S_Ferch2,2040,pv_solar,Nordeste,Solar,0,0,0
S_Ferch2,2045,pv_solar,Nordeste,Solar,0,0,0
S_Ferch2,2050,pv_solar,Nordeste,Solar,0,0,0
S_Salado,2023,pv_solar,Surocciden,Solar,0.1,0,132700
S_Salado,2025,pv_solar,Surocciden,Solar,0,0,0
S_Salado,2030,pv_solar,Surocciden,Solar,0,0,0
S_Salado,2035,pv_solar,Surocciden,Solar,0,0,0
S_Salado,2040,pv_solar,Surocciden,Solar,0,0,0
S_Salado,2045,pv_solar,Surocciden,Solar,0,0,0
S_Salado,2050,pv_solar,Surocciden,Solar,0,0,0
S_AutJeans,2023,pv_solar,Antioquia,Solar,1.39,0,1.84453e+06
S_AutJeans,2025,pv_solar,Antioquia,Solar,0,0,0
S_AutJeans,2030,pv_solar,Antioquia,Solar,0,0,0
S_AutJeans,2035,pv_solar,Antioquia,Solar,0,0,0
S_AutJeans,2040,pv_solar,Antioquia,Solar,0,0,0
S_AutJeans,2045,pv_solar,Antioquia,Solar,0,0,0
S_AutJeans,2050,pv_solar,Antioquia,Solar,0,0,0
S_AutPintuco,2023,pv_solar,Antioquia,Solar,1.41,0,1.87107e+06
S_AutPintuco,2025,pv_solar,Antioquia,Solar,0,0,0
S_AutPintuco,2030,pv_solar,Antioquia,Solar,0,0,0
S_AutPintuco,2035,pv_solar,Antioquia,Solar,0,0,0
S_AutPintuco,2040,pv_solar,Antioquia,Solar,0,0,0
S_AutPintuco,2045,pv_solar,Antioquia,Solar,0,0,0
S_AutPintuco,2050,pv_solar,Antioquia,Solar,0,0,0
S_Palmira3,2023,pv_solar,Surocciden,Solar,7.4,0,9.8198e+06
S_Palmira3,2025,pv_solar,Surocciden,Solar,0,0,0
S_Palmira3,2030,pv_solar,Surocciden,Solar,0,0,0
S_Palmira3,2035,pv_solar,Surocciden,Solar,0,0,0
S_Palmira3,2040,pv_solar,Surocciden,Solar,0,0,0
S_Palmira3,2045,pv_solar,Surocciden,Solar,0,0,0
S_Palmira3,2050,pv_solar,Surocciden,Solar,0,0,0
S_Belmonte,2023,pv_solar,Surocciden,Solar,0,0,0
S_Belmonte,2025,pv_solar,Surocciden,Solar,0,0,0
S_Belmonte,2030,pv_solar,Surocciden,Solar,0,0,0
S_Belmonte,2035,pv_solar,Surocciden,Solar,0,0,0
S_Belmonte,2040,pv_solar,Surocciden,Solar,0,0,0
S_Belmonte,2045,pv_solar,Surocciden,Solar,0,0,0
S_Belmonte,2050,pv_solar,Surocciden,Solar,0,0,0
S_Termotasajero,2023,pv_solar,Nordeste,Solar,0,0,0
S_Termotasajero,2025,pv_solar,Nordeste,Solar,0,0,0
S_Termotasajero,2030,pv_solar,Nordeste,Solar,0,0,0
S_Termotasajero,2035,pv_solar,Nordeste,Solar,0,0,0
S_Termotasajero,2040,pv_solar,Nordeste,Solar,0,0,0
S_Termotasajero,2045,pv_solar,Nordeste,Solar,0,0,0
S_Termotasajero,2050,pv_solar,Nordeste,Solar,0,0,0
S_Victoria_I,2023,pv_solar,Surocciden,Solar,21.9,0,2.90613e+07
S_Victoria_I,2025,pv_solar,Surocciden,Solar,0,0,0
S_Victoria_I,2030,pv_solar,Surocciden,Solar,0,0,0
S_Victoria_I,2035,pv_solar,Surocciden,Solar,0,0,0
S_Victoria_I,2040,pv_solar,Surocciden,Solar,0,0,0
S_Victoria_I,2045,pv_solar,Surocciden,Solar,0,0,0
S_Victoria_I,2050,pv_solar,Surocciden,Solar,0,0,0
S_Victoria_II,2023,pv_solar,Surocciden,Solar,21.9,0,2.90613e+07
S_Victoria_II,2025,pv_solar,Surocciden,Solar,0,0,0
S_Victoria_II,2030,pv_solar,Surocciden,Solar,0,0,0
S_Victoria_II,2035,pv_solar,Surocciden,Solar,0,0,0
S_Victoria_II,2040,pv_solar,Surocciden,Solar,0,0,0
S_Victoria_II,2045,pv_solar,Surocciden,Solar,0,0,0
S_Victoria_II,2050,pv_solar,Surocciden,Solar,0,0,0
S_Flandes,2023,pv_solar,Surocciden,Solar,21.9,0,2.90613e+07
S_Flandes,2025,pv_solar,Surocciden,Solar,0,0,0
S_Flandes,2030,pv_solar,Surocciden,Solar,0,0,0
S_Flandes,2035,pv_solar,Surocciden,Solar,0,0,0
S_Flandes,2040,pv_solar,Surocciden,Solar,0,0,0
S_Flandes,2045,pv_solar,Surocciden,Solar,0,0,0
S_Flandes,2050,pv_solar,Surocciden,Solar,0,0,0
S_BSLI,2023,pv_solar,Oriental,Solar,0,0,0
S_BSLI,2025,pv_solar,Oriental,Solar,0,0,0
S_BSLI,2030,pv_solar,Oriental,Solar,0,0,0
S_BSLI,2035,pv_solar,Oriental,Solar,0,0,0
S_BSLI,2040,pv_solar,Oriental,Solar,0,0,0
S_BSLI,2045,pv_solar,Oriental,Solar,0,0,0
S_BSLI,2050,pv_solar,Oriental,Solar,0,0,0
S_BSLII,2023,pv_solar,Oriental,Solar,0,0,0
S_BSLII,2025,pv_solar,Oriental,Solar,0,0,0
S_BSLII,2030,pv_solar,Oriental,Solar,0,0,0
S_BSLII,2035,pv_solar,Oriental,Solar,0,0,0
S_BSLII,2040,pv_solar,Oriental,Solar,0,0,0
S_BSLII,2045,pv_solar,Oriental,Solar,0,0,0
S_BSLII,2050,pv_solar,Oriental,Solar,0,0,0
S_BSLIII,2023,pv_solar,Oriental,Solar,0,0,0
S_BSLIII,2025,pv_solar,Oriental,Solar,0,0,0
S_BSLIII,2030,pv_solar,Oriental,Solar,0,0,0
S_BSLIII,2035,pv_solar,Oriental,Solar,0,0,0
S_BSLIII,2040,pv_solar,Oriental,Solar,0,0,0
S_BSLIII,2045,pv_solar,Oriental,Solar,0,0,0
S_BSLIII,2050,pv_solar,Oriental,Solar,0,0,0
S_Espinal,2023,pv_solar,Antioquia,Solar,0,0,0
S_Espinal,2025,pv_solar,Antioquia,Solar,0,0,0
S_Espinal,2030,pv_solar,Antioquia,Solar,0,0,0
S_Espinal,2035,pv_solar,Antioquia,Solar,0,0,0
S_Espinal,2040,pv_solar,Antioquia,Solar,0,0,0
S_Espinal,2045,pv_solar,Antioquia,Solar,0,0,0
S_Espinal,2050,pv_solar,Antioquia,Solar,0,0,0
JAGUAS,2023,Hidro,Antioquia,Water,0,0,0
JAGUAS,2025,Hidro,Antioquia,Water,0,0,0
JAGUAS,2030,Hidro,Antioquia,Water,0,0,0
JAGUAS,2035,Hidro,Antioquia,Water,0,0,0
JAGUAS,2040,Hidro,Antioquia,Water,0,0,0
JAGUAS,2045,Hidro,Antioquia,Water,0,0,0
JAGUAS,2050,Hidro,Antioquia,Water,0,0,0
LA TASAJERA,2023,Hidro,Antioquia,Water,0,0,0
LA TASAJERA,2025,Hidro,Antioquia,Water,0,0,0
LA TASAJERA,2030,Hidro,Antioquia,Water,0,0,0
LA TASAJERA,2035,Hidro,Antioquia,Water,0,0,0
LA TASAJERA,2040,Hidro,Antioquia,Water,0,0,0
LA TASAJERA,2045,Hidro,Antioquia,Water,0,0,0
LA TASAJERA,2050,Hidro,Antioquia,Water,0,0,0
MERILECTRICA,2023,Thermal,Nordeste,GASNACIO,0,0,0
MERILECTRICA,2025,Thermal,Nordeste,GASNACIO,0,0,0
MERILECTRICA,2030,Thermal,Nordeste,GASNACIO,0,0,0
MERILECTRICA,2035,Thermal,Nordeste,GASNACIO,0,0,0
MERILECTRICA,2040,Thermal,Nordeste,GASNACIO,0,0,0
MERILECTRICA,2045,Thermal,Nordeste,GASNACIO,0,0,0
MERILECTRICA,2050,Thermal,Nordeste,GASNACIO,0,0,0
MIEL I,2023,Hidro,Surocciden,Water,0,0,0
MIEL I,2025,Hidro,Surocciden,Water,0,0,0
MIEL I,2030,Hidro,Surocciden,Water,0,0,0
MIEL I,2035,Hidro,Surocciden,Water,0,0,0
MIEL I,2040,Hidro,Surocciden,Water,0,0,0
MIEL I,2045,Hidro,Surocciden,Water,0,0,0
MIEL I,2050,Hidro,Surocciden,Water,0,0,0
PAIPA 1,2023,Thermal,Nordeste,CARBON,0,0,0
PAIPA 1,2025,Thermal,Nordeste,CARBON,0,0,0
PAIPA 1,2030,Thermal,Nordeste,CARBON,0,0,0
PAIPA 1,2035,Thermal,Nordeste,CARBON,0,0,0
PAIPA 1,2040,Thermal,Nordeste,CARBON,0,0,0
PAIPA 1,2045,Thermal,Nordeste,CARBON,0,0,0
PAIPA 1,2050,Thermal,Nordeste,CARBON,0,0,0
PAIPA 2,2023,Thermal,Nordeste,CARBON,0,0,0
PAIPA 2,2025,Thermal,Nordeste,CARBON,0,0,0
PAIPA 2,2030,Thermal,Nordeste,CARBON,0,0,0
PAIPA 2,2035,Thermal,Nordeste,CARBON,0,0,0
PAIPA 2,2040,Thermal,Nordeste,CARBON,0,0,0
PAIPA 2,2045,Thermal,Nordeste,CARBON,0,0,0
PAIPA 2,2050,Thermal,Nordeste,CARBON,0,0,0
PAIPA 3,2023,Thermal,Nordeste,CARBON,0,0,0
PAIPA 3,2025,Thermal,Nordeste,CARBON,0,0,0
PAIPA 3,2030,Thermal,Nordeste,CARBON,0,0,0
PAIPA 3,2035,Thermal,Nordeste,CARBON,0,0,0
PAIPA 3,2040,Thermal,Nordeste,CARBON,0,0,0
PAIPA 3,2045,Thermal,Nordeste,CARBON,0,0,0
PAIPA 3,2050,Thermal,Nordeste,CARBON,0,0,0
PAIPA 4,2023,Thermal,Nordeste,CARBON,0,0,0
PAIPA 4,2025,Thermal,Nordeste,CARBON,0,0,0
PAIPA 4,2030,Thermal,Nordeste,CARBON,0,0,0
PAIPA 4,2035,Thermal,Nordeste,CARBON,0,0,0
PAIPA 4,2040,Thermal,Nordeste,CARBON,0,0,0
PAIPA 4,2045,Thermal,Nordeste,CARBON,0,0,0
PAIPA 4,2050,Thermal,Nordeste,CARBON,0,0,0
PLAYAS,2023,Hidro,Antioquia,Water,0,0,0
PLAYAS,2025,Hidro,Antioquia,Water,0,0,0
PLAYAS,2030,Hidro,Antioquia,Water,0,0,0
PLAYAS,2035,Hidro,Antioquia,Water,0,0,0
PLAYAS,2040,Hidro,Antioquia,Water,0,0,0
PLAYAS,2045,Hidro,Antioquia,Water,0,0,0
PLAYAS,2050,Hidro,Antioquia,Water,0,0,0
PORCE II,2023,Hidro,Antioquia,Water,0,0,0
PORCE II,2025,Hidro,Antioquia,Water,0,0,0
PORCE II,2030,Hidro,Antioquia,Water,0,0,0
PORCE II,2035,Hidro,Antioquia,Water,0,0,0
PORCE II,2040,Hidro,Antioquia,Water,0,0,0
PORCE II,2045,Hidro,Antioquia,Water,0,0,0
PORCE II,2050,Hidro,Antioquia,Water,0,0,0
PORCE III,2023,Hidro,Antioquia,Water,0,0,0
PORCE III,2025,Hidro,Antioquia,Water,0,0,0
PORCE III,2030,Hidro,Antioquia,Water,0,0,0
PORCE III,2035,Hidro,Antioquia,Water,0,0,0
PORCE III,2040,Hidro,Antioquia,Water,0,0,0
PORCE III,2045,Hidro,Antioquia,Water,0,0,0
PORCE III,2050,Hidro,Antioquia,Water,0,0,0
PRADO,2023,Hidro,Surocciden,Water,0,0,0
PRADO,2025,Hidro,Surocciden,Water,0,0,0
PRADO,2030,Hidro,Surocciden,Water,0,0,0
PRADO,2035,Hidro,Surocciden,Water,0,0,0
PRADO,2040,Hidro,Surocciden,Water,0,0,0
PRADO,2045,Hidro,Surocciden,Water,0,0,0
PRADO,2050,Hidro,Surocciden,Water,0,0,0
PRADO4,2023,Hidro,Surocciden,Water,0,0,0
PRADO4,2025,Hidro,Surocciden,Water,0,0,0
PRADO4,2030,Hidro,Surocciden,Water,0,0,0
PRADO4,2035,Hidro,Surocciden,Water,0,0,0
PRADO4,2040,Hidro,Surocciden,Water,0,0,0
PRADO4,2045,Hidro,Surocciden,Water,0,0,0
PRADO4,2050,Hidro,Surocciden,Water,0,0,0
PROELECTRIC1,2023,Thermal,Caribe,GASNACIO,0,0,0
PROELECTRIC1,2025,Thermal,Caribe,GASNACIO,0,0,0
PROELECTRIC1,2030,Thermal,Caribe,GASNACIO,0,0,0
PROELECTRIC1,2035,Thermal,Caribe,GASNACIO,0,0,0
PROELECTRIC1,2040,Thermal,Caribe,GASNACIO,0,0,0
PROELECTRIC1,2045,Thermal,Caribe,GASNACIO,0,0,0
PROELECTRIC1,2050,Thermal,Caribe,GASNACIO,0,0,0
PROELECTRIC2,2023,Thermal,Caribe,GASNACIO,0,0,0
PROELECTRIC2,2025,Thermal,Caribe,GASNACIO,0,0,0
PROELECTRIC2,2030,Thermal,Caribe,GASNACIO,0,0,0
PROELECTRIC2,2035,Thermal,Caribe,GASNACIO,0,0,0
PROELECTRIC2,2040,Thermal,Caribe,GASNACIO,0,0,0
PROELECTRIC2,2045,Thermal,Caribe,GASNACIO,0,0,0
PROELECTRIC2,2050,Thermal,Caribe,GASNACIO,0,0,0
RIOGRANDE 1,2023,Hidro,Antioquia,Water,0,0,0
RIOGRANDE 1,2025,Hidro,Antioquia,Water,0,0,0
RIOGRANDE 1,2030,Hidro,Antioquia,Water,0,0,0
RIOGRANDE 1,2035,Hidro,Antioquia,Water,0,0,0
RIOGRANDE 1,2040,Hidro,Antioquia,Water,0,0,0
RIOGRANDE 1,2045,Hidro,Antioquia,Water,0,0,0
RIOGRANDE 1,2050,Hidro,Antioquia,Water,0,0,0
SALTO II,2023,RunOfRiver,Oriental,Water,0,0,0
SALTO II,2025,RunOfRiver,Oriental,Water,0,0,0
SALTO II,2030,RunOfRiver,Oriental,Water,0,0,0
SALTO II,2035,RunOfRiver,Oriental,Water,0,0,0
SALTO II,2040,RunOfRiver,Oriental,Water,0,0,0
SALTO II,2045,RunOfRiver,Oriental,Water,0,0,0
SALTO II,2050,RunOfRiver,Oriental,Water,0,0,0
SALVAJINA,2023,Hidro,Surocciden,Water,0,0,0
SALVAJINA,2025,Hidro,Surocciden,Water,0,0,0
SALVAJINA,2030,Hidro,Surocciden,Water,0,0,0
SALVAJINA,2035,Hidro,Surocciden,Water,0,0,0
SALVAJINA,2040,Hidro,Surocciden,Water,0,0,0
SALVAJINA,2045,Hidro,Surocciden,Water,0,0,0
SALVAJINA,2050,Hidro,Surocciden,Water,0,0,0
SAN CARLOS,2023,Hidro,Antioquia,Water,0,0,0
SAN CARLOS,2025,Hidro,Antioquia,Water,0,0,0
SAN CARLOS,2030,Hidro,Antioquia,Water,0,0,0
SAN CARLOS,2035,Hidro,Antioquia,Water,0,0,0
SAN CARLOS,2040,Hidro,Antioquia,Water,0,0,0
SAN CARLOS,2045,Hidro,Antioquia,Water,0,0,0
SAN CARLOS,2050,Hidro,Antioquia,Water,0,0,0
SANFRANCISCO,2023,RunOfRiver,Surocciden,Water,0,0,0
SANFRANCISCO,2025,RunOfRiver,Surocciden,Water,0,0,0
SANFRANCISCO,2030,RunOfRiver,Surocciden,Water,0,0,0
SANFRANCISCO,2035,RunOfRiver,Surocciden,Water,0,0,0
SANFRANCISCO,2040,RunOfRiver,Surocciden,Water,0,0,0
SANFRANCISCO,2045,RunOfRiver,Surocciden,Water,0,0,0
SANFRANCISCO,2050,RunOfRiver,Surocciden,Water,0,0,0
SNMIGUEL,2023,RunOfRiver,Antioquia,Water,0,0,0
SNMIGUEL,2025,RunOfRiver,Antioquia,Water,0,0,0
SNMIGUEL,2030,RunOfRiver,Antioquia,Water,0,0,0
SNMIGUEL,2035,RunOfRiver,Antioquia,Water,0,0,0
SNMIGUEL,2040,RunOfRiver,Antioquia,Water,0,0,0
SNMIGUEL,2045,RunOfRiver,Antioquia,Water,0,0,0
SNMIGUEL,2050,RunOfRiver,Antioquia,Water,0,0,0
SOGAMOSO,2023,Hidro,Nordeste,Water,0,0,0
SOGAMOSO,2025,Hidro,Nordeste,Water,0,0,0
SOGAMOSO,2030,Hidro,Nordeste,Water,0,0,0
SOGAMOSO,2035,Hidro,Nordeste,Water,0,0,0
SOGAMOSO,2040,Hidro,Nordeste,Water,0,0,0
SOGAMOSO,2045,Hidro,Nordeste,Water,0,0,0
SOGAMOSO,2050,Hidro,Nordeste,Water,0,0,0
T_AutArCairo,2023,Thermal,Antioquia,CARBON,0,0,0
T_AutArCairo,2025,Thermal,Antioquia,CARBON,0,0,0
T_AutArCairo,2030,Thermal,Antioquia,CARBON,0,0,0
T_AutArCairo,2035,Thermal,Antioquia,CARBON,0,0,0
T_AutArCairo,2040,Thermal,Antioquia,CARBON,0,0,0
T_AutArCairo,2045,Thermal,Antioquia,CARBON,0,0,0
T_AutArCairo,2050,Thermal,Antioquia,CARBON,0,0,0
T_TermYopal1,2023,Thermal,Nordeste,CARBON,0,0,0
T_TermYopal1,2025,Thermal,Nordeste,CARBON,0,0,0
T_TermYopal1,2030,Thermal,Nordeste,CARBON,0,0,0
T_TermYopal1,2035,Thermal,Nordeste,CARBON,0,0,0
T_TermYopal1,2040,Thermal,Nordeste,CARBON,0,0,0
T_TermYopal1,2045,Thermal,Nordeste,CARBON,0,0,0
T_TermYopal1,2050,Thermal,Nordeste,CARBON,0,0,0
TASAJERO 1,2023,Thermal,Nordeste,CARBON,0,0,0
TASAJERO 1,2025,Thermal,Nordeste,CARBON,0,0,0
TASAJERO 1,2030,Thermal,Nordeste,CARBON,0,0,0
TASAJERO 1,2035,Thermal,Nordeste,CARBON,0,0,0
TASAJERO 1,2040,Thermal,Nordeste,CARBON,0,0,0
TASAJERO 1,2045,Thermal,Nordeste,CARBON,0,0,0
TASAJERO 1,2050,Thermal,Nordeste,CARBON,0,0,0
TASAJERO 2,2023,Thermal,Nordeste,CARBON,0,0,0
TASAJERO 2,2025,Thermal,Nordeste,CARBON,0,0,0
TASAJERO 2,2030,Thermal,Nordeste,CARBON,0,0,0
TASAJERO 2,2035,Thermal,Nordeste,CARBON,0,0,0
TASAJERO 2,2040,Thermal,Nordeste,CARBON,0,0,0
TASAJERO 2,2045,Thermal,Nordeste,CARBON,0,0,0
TASAJERO 2,2050,Thermal,Nordeste,CARBON,0,0,0
TC_GECELCA3,2023,Thermal,Caribe,CARBON,0,0,0
TC_GECELCA3,2025,Thermal,Caribe,CARBON,0,0,0
TC_GECELCA3,2030,Thermal,Caribe,CARBON,0,0,0
TC_GECELCA3,2035,Thermal,Caribe,CARBON,0,0,0
TC_GECELCA3,2040,Thermal,Caribe,CARBON,0,0,0
TC_GECELCA3,2045,Thermal,Caribe,CARBON,0,0,0
TC_GECELCA3,2050,Thermal,Caribe,CARBON,0,0,0
TC_GECELCA32,2023,Thermal,Caribe,CARBON,0,0,0
TC_GECELCA32,2025,Thermal,Caribe,CARBON,0,0,0
TC_GECELCA32,2030,Thermal,Caribe,CARBON,0,0,0
TC_GECELCA32,2035,Thermal,Caribe,CARBON,0,0,0
TC_GECELCA32,2040,Thermal,Caribe,CARBON,0,0,0
TC_GECELCA32,2045,Thermal,Caribe,CARBON,0,0,0
TC_GECELCA32,2050,Thermal,Caribe,CARBON,0,0,0
TEBSAB,2023,Thermal,Caribe,GASNACIO,0,0,0
TEBSAB,2025,Thermal,Caribe,GASNACIO,0,0,0
TEBSAB,2030,Thermal,Caribe,GASNACIO,0,0,0
TEBSAB,2035,Thermal,Caribe,GASNACIO,0,0,0
TEBSAB,2040,Thermal,Caribe,GASNACIO,0,0,0
TEBSAB,2045,Thermal,Caribe,GASNACIO,0,0,0
TEBSAB,2050,Thermal,Caribe,GASNACIO,0,0,0
TEQUEND1-4,2023,Hidro,Oriental,Water,0,0,0
TEQUEND1-4,2025,Hidro,Oriental,Water,0,0,0
TEQUEND1-4,2030,Hidro,Oriental,Water,0,0,0
TEQUEND1-4,2035,Hidro,Oriental,Water,0,0,0
TEQUEND1-4,2040,Hidro,Oriental,Water,0,0,0
TEQUEND1-4,2045,Hidro,Oriental,Water,0,0,0
TEQUEND1-4,2050,Hidro,Oriental,Water,0,0,0
TERMO YOPAL2,2023,Thermal,Nordeste,GASNACIO,0,0,0
TERMO YOPAL2,2025,Thermal,Nordeste,GASNACIO,0,0,0
TERMO YOPAL2,2030,Thermal,Nordeste,GASNACIO,0,0,0
TERMO YOPAL2,2035,Thermal,Nordeste,GASNACIO,0,0,0
TERMO YOPAL2,2040,Thermal,Nordeste,GASNACIO,0,0,0
TERMO YOPAL2,2045,Thermal,Nordeste,GASNACIO,0,0,0
TERMO YOPAL2,2050,Thermal,Nordeste,GASNACIO,0,0,0
TERMOCENTRO,2023,Thermal,Antioquia,GASNACIO,0,0,0
TERMOCENTRO,2025,Thermal,Antioquia,GASNACIO,0,0,0
TERMOCENTRO,2030,Thermal,Antioquia,GASNACIO,0,0,0
TERMOCENTRO,2035,Thermal,Antioquia,GASNACIO,0,0,0
TERMOCENTRO,2040,Thermal,Antioquia,GASNACIO,0,0,0
TERMOCENTRO,2045,Thermal,Antioquia,GASNACIO,0,0,0
TERMOCENTRO,2050,Thermal,Antioquia,GASNACIO,0,0,0
TERMODORADA1,2023,Thermal,Surocciden,ACPM,0,0,0
TERMODORADA1,2025,Thermal,Surocciden,ACPM,0,0,0
TERMODORADA1,2030,Thermal,Surocciden,ACPM,0,0,0
TERMODORADA1,2035,Thermal,Surocciden,ACPM,0,0,0
TERMODORADA1,2040,Thermal,Surocciden,ACPM,0,0,0
TERMODORADA1,2045,Thermal,Surocciden,ACPM,0,0,0
TERMODORADA1,2050,Thermal,Surocciden,ACPM,0,0,0
TERMOEMCALI,2023,Thermal,Surocciden,ACPM,0,0,0
TERMOEMCALI,2025,Thermal,Surocciden,ACPM,0,0,0
TERMOEMCALI,2030,Thermal,Surocciden,ACPM,0,0,0
TERMOEMCALI,2035,Thermal,Surocciden,ACPM,0,0,0
TERMOEMCALI,2040,Thermal,Surocciden,ACPM,0,0,0
TERMOEMCALI,2045,Thermal,Surocciden,ACPM,0,0,0
TERMOEMCALI,2050,Thermal,Surocciden,ACPM,0,0,0
TERMONORTE,2023,Thermal,Caribe,ACPM,0,0,0
TERMONORTE,2025,Thermal,Caribe,ACPM,0,0,0
TERMONORTE,2030,Thermal,Caribe,ACPM,0,0,0
TERMONORTE,2035,Thermal,Caribe,ACPM,0,0,0
TERMONORTE,2040,Thermal,Caribe,ACPM,0,0,0
TERMONORTE,2045,Thermal,Caribe,ACPM,0,0,0
TERMONORTE,2050,Thermal,Caribe,ACPM,0,0,0
TERMOSIERRA,2023,Thermal,Antioquia,ACPM,0,0,0
TERMOSIERRA,2025,Thermal,Antioquia,ACPM,0,0,0
TERMOSIERRA,2030,Thermal,Antioquia,ACPM,0,0,0
TERMOSIERRA,2035,Thermal,Antioquia,ACPM,0,0,0
TERMOSIERRA,2040,Thermal,Antioquia,ACPM,0,0,0
TERMOSIERRA,2045,Thermal,Antioquia,ACPM,0,0,0
TERMOSIERRA,2050,Thermal,Antioquia,ACPM,0,0,0
TERMOVALLE,2023,Thermal,Surocciden,ACPM,0,0,0
TERMOVALLE,2025,Thermal,Surocciden,ACPM,0,0,0
TERMOVALLE,2030,Thermal,Surocciden,ACPM,0,0,0
TERMOVALLE,2035,Thermal,Surocciden,ACPM,0,0,0
TERMOVALLE,2040,Thermal,Surocciden,ACPM,0,0,0
TERMOVALLE,2045,Thermal,Surocciden,ACPM,0,0,0
TERMOVALLE,2050,Thermal,Surocciden,ACPM,0,0,0
TERMOYOPALG3,2023,Thermal,Nordeste,GASNACIO,0,0,0
TERMOYOPALG3,2025,Thermal,Nordeste,GASNACIO,0,0,0
TERMOYOPALG3,2030,Thermal,Nordeste,GASNACIO,0,0,0
TERMOYOPALG3,2035,Thermal,Nordeste,GASNACIO,0,0,0
TERMOYOPALG3,2040,Thermal,Nordeste,GASNACIO,0,0,0
TERMOYOPALG3,2045,Thermal,Nordeste,GASNACIO,0,0,0
TERMOYOPALG3,2050,Thermal,Nordeste,GASNACIO,0,0,0
TERMOYOPALG4,2023,Thermal,Nordeste,GASNACIO,0,0,0
TERMOYOPALG4,2025,Thermal,Nordeste,GASNACIO,0,0,0
TERMOYOPALG4,2030,Thermal,Nordeste,GASNACIO,0,0,0
TERMOYOPALG4,2035,Thermal,Nordeste,GASNACIO,0,0,0
TERMOYOPALG4,2040,Thermal,Nordeste,GASNACIO,0,0,0
TERMOYOPALG4,2045,Thermal,Nordeste,GASNACIO,0,0,0
TERMOYOPALG4,2050,Thermal,Nordeste,GASNACIO,0,0,0
TERMOYOPALG5,2023,Thermal,Nordeste,GASNACIO,0,0,0
TERMOYOPALG5,2025,Thermal,Nordeste,GASNACIO,0,0,0
TERMOYOPALG5,2030,Thermal,Nordeste,GASNACIO,0,0,0
TERMOYOPALG5,2035,Thermal,Nordeste,GASNACIO,0,0,0
TERMOYOPALG5,2040,Thermal,Nordeste,GASNACIO,0,0,0
TERMOYOPALG5,2045,Thermal,Nordeste,GASNACIO,0,0,0
TERMOYOPALG5,2050,Thermal,Nordeste,GASNACIO,0,0,0
URRA,2023,Hidro,Caribe,Water,0,0,0
URRA,2025,Hidro,Caribe,Water,0,0,0
URRA,2030,Hidro,Caribe,Water,0,0,0
URRA,2035,Hidro,Caribe,Water,0,0,0
URRA,2040,Hidro,Caribe,Water,0,0,0
URRA,2045,Hidro,Caribe,Water,0,0,0
URRA,2050,Hidro,Caribe,Water,0,0,0
ZIPAEMG2,2023,Thermal,Oriental,CARBON,0,0,0
ZIPAEMG2,2025,Thermal,Oriental,CARBON,0,0,0
ZIPAEMG2,2030,Thermal,Oriental,CARBON,0,0,0
ZIPAEMG2,2035,Thermal,Oriental,CARBON,0,0,0
ZIPAEMG2,2040,Thermal,Oriental,CARBON,0,0,0
ZIPAEMG2,2045,Thermal,Oriental,CARBON,0,0,0
ZIPAEMG2,2050,Thermal,Oriental,CARBON,0,0,0
ZIPAEMG3,2023,Thermal,Oriental,CARBON,0,0,0
ZIPAEMG3,2025,Thermal,Oriental,CARBON,0,0,0
ZIPAEMG3,2030,Thermal,Oriental,CARBON,0,0,0
ZIPAEMG3,2035,Thermal,Oriental,CARBON,0,0,0
ZIPAEMG3,2040,Thermal,Oriental,CARBON,0,0,0
ZIPAEMG3,2045,Thermal,Oriental,CARBON,0,0,0
ZIPAEMG3,2050,Thermal,Oriental,CARBON,0,0,0
ZIPAEMG4,2023,Thermal,Oriental,CARBON,0,0,0
ZIPAEMG4,2025,Thermal,Oriental,CARBON,0,0,0
ZIPAEMG4,2030,Thermal,Oriental,CARBON,0,0,0
ZIPAEMG4,2035,Thermal,Oriental,CARBON,0,0,0
ZIPAEMG4,2040,Thermal,Oriental,CARBON,0,0,0
ZIPAEMG4,2045,Thermal,Oriental,CARBON,0,0,0
ZIPAEMG4,2050,Thermal,Oriental,CARBON,0,0,0
ZIPAEMG5,2023,Thermal,Oriental,CARBON,0,0,0
ZIPAEMG5,2025,Thermal,Oriental,CARBON,0,0,0
ZIPAEMG5,2030,Thermal,Oriental,CARBON,0,0,0
ZIPAEMG5,2035,Thermal,Oriental,CARBON,0,0,0
ZIPAEMG5,2040,Thermal,Oriental,CARBON,0,0,0
ZIPAEMG5,2045,Thermal,Oriental,CARBON,0,0,0
ZIPAEMG5,2050,Thermal,Oriental,CARBON,0,0,0
E_Wesp01,2023,Eolica,Caribe,Wind,0,0,0
E_Wesp01,2025,Eolica,Caribe,Wind,0,0,0
E_Wesp01,2030,Eolica,Caribe,Wind,0,0,0
E_Wesp01,2035,Eolica,Caribe,Wind,0,0,0
E_Wesp01,2040,Eolica,Caribe,Wind,0,0,0
E_GuajiraI,2023,Eolica,Caribe,Wind,20,0,3.436e+07
E_GuajiraI,2025,Eolica,Caribe,Wind,0,0,0
E_GuajiraI,2030,Eolica,Caribe,Wind,0,0,0
E_GuajiraI,2035,Eolica,Caribe,Wind,0,0,0
E_GuajiraI,2040,Eolica,Caribe,Wind,0,0,0
E_GuajiraI,2045,Eolica,Caribe,Wind,0,0,0
E_GuajiraI,2050,Eolica,Caribe,Wind,0,0,0
S_Cabelleros,2023,pv_solar,Surocciden,Solar,0,0,0
S_Cabelleros,2025,pv_solar,Surocciden,Solar,0,0,0
S_Cabelleros,2030,pv_solar,Surocciden,Solar,0,0,0
S_Cabelleros,2035,pv_solar,Surocciden,Solar,0,0,0
S_Cabelleros,2040,pv_solar,Surocciden,Solar,0,0,0
S_Cabelleros,2045,pv_solar,Surocciden,Solar,0,0,0
S_Cabelleros,2050,pv_solar,Surocciden,Solar,0,0,0
S_Montelibano,2023,pv_solar,Caribe,Solar,0,0,0
S_Montelibano,2025,pv_solar,Caribe,Solar,0,0,0
S_Montelibano,2030,pv_solar,Caribe,Solar,0,0,0
S_Montelibano,2035,pv_solar,Caribe,Solar,0,0,0
S_Montelibano,2040,pv_solar,Caribe,Solar,0,0,0
S_Montelibano,2045,pv_solar,Caribe,Solar,0,0,0
S_Montelibano,2050,pv_solar,Caribe,Solar,0,0,0
S_Lanceros,2023,pv_solar,Oriental,Solar,9.1,0,1.20757e+07
S_Lanceros,2025,pv_solar,Oriental,Solar,0,0,0
S_Lanceros,2030,pv_solar,Oriental,Solar,0,0,0
S_Lanceros,2035,pv_solar,Oriental,Solar,0,0,0
S_Lanceros,2040,pv_solar,Oriental,Solar,0,0,0
S_Lanceros,2045,pv_solar,Oriental,Solar,0,0,0
S_Lanceros,2050,pv_solar,Oriental,Solar,0,0,0
S_SanFelipe,2023,pv_solar,Oriental,Solar,9.1,0,1.20757e+07
S_SanFelipe,2025,pv_solar,Oriental,Solar,0,0,0
S_SanFelipe,2030,pv_solar,Oriental,Solar,0,0,0
S_SanFelipe,2035,pv_solar,Oriental,Solar,0,0,0
S_SanFelipe,2040,pv_solar,Oriental,Solar,0,0,0
S_SanFelipe,2045,pv_solar,Oriental,Solar,0,0,0
S_SanFelipe,2050,pv_solar,Oriental,Solar,0,0,0
S_Cienaguero,2023,pv_solar,Caribe,Solar,9,0,1.1943e+07
S_Cienaguero,2025,pv_solar,Caribe,Solar,0,0,0
S_Cienaguero,2030,pv_solar,Caribe,Solar,0,0,0
S_Cienaguero,2035,pv_solar,Caribe,Solar,0,0,0
S_Cienaguero,2040,pv_solar,Caribe,Solar,0,0,0
S_Cienaguero,2045,pv_solar,Caribe,Solar,0,0,0
S_Cienaguero,2050,pv_solar,Caribe,Solar,0,0,0
S_Yuma,2023,pv_solar,Oriental,Solar,9.1,0,1.20757e+07
S_Yuma,2025,pv_solar,Oriental,Solar,0,0,0
S_Yuma,2030,pv_solar,Oriental,Solar,0,0,0
S_Yuma,2035,pv_solar,Oriental,Solar,0,0,0
S_Yuma,2040,pv_solar,Oriental,Solar,0,0,0
S_Yuma,2045,pv_solar,Oriental,Solar,0,0,0
S_Yuma,2050,pv_solar,Oriental,Solar,0,0,0
S_Tucanes,2023,pv_solar,Caribe,Solar,0,0,0
S_Tucanes,2025,pv_solar,Caribe,Solar,0,0,0
S_Tucanes,2030,pv_solar,Caribe,Solar,0,0,0
S_Tucanes,2035,pv_solar,Caribe,Solar,0,0,0
S_Tucanes,2040,pv_solar,Caribe,Solar,0,0,0
S_Tucanes,2045,pv_solar,Caribe,Solar,0,0,0
S_Tucanes,2050,pv_solar,Caribe,Solar,0,0,0
S_Paila,2023,pv_solar,Surocciden,Solar,0,0,0
S_Paila,2025,pv_solar,Surocciden,Solar,0,0,0
S_Paila,2030,pv_solar,Surocciden,Solar,0,0,0
S_Paila,2035,pv_solar,Surocciden,Solar,0,0,0
S_Paila,2040,pv_solar,Surocciden,Solar,0,0,0
S_Paila,2045,pv_solar,Surocciden,Solar,0,0,0
S_Paila,2050,pv_solar,Surocciden,Solar,0,0,0
S_Aurora,2023,pv_solar,Caribe,Solar,0,0,0
S_Aurora,2025,pv_solar,Caribe,Solar,0,0,0
S_Aurora,2030,pv_solar,Caribe,Solar,0,0,0
S_Aurora,2035,pv_solar,Caribe,Solar,0,0,0
S_Aurora,2040,pv_solar,Caribe,Solar,0,0,0
S_Aurora,2045,pv_solar,Caribe,Solar,0,0,0
S_Aurora,2050,pv_solar,Caribe,Solar,0,0,0
S_Cerrito,2023,pv_solar,Surocciden,Solar,0,0,0
S_Cerrito,2025,pv_solar,Surocciden,Solar,0,0,0
S_Cerrito,2030,pv_solar,Surocciden,Solar,0,0,0
S_Cerrito,2035,pv_solar,Surocciden,Solar,0,0,0
S_Cerrito,2040,pv_solar,Surocciden,Solar,0,0,0
S_Cerrito,2045,pv_solar,Surocciden,Solar,0,0,0
S_Cerrito,2050,pv_solar,Surocciden,Solar,0,0,0
S_Fundacion,2023,pv_solar,Caribe,Solar,100,0,1.327e+08
S_Fundacion,2025,pv_solar,Caribe,Solar,0,0,0
S_Fundacion,2030,pv_solar,Caribe,Solar,0,0,0
S_Fundacion,2035,pv_solar,Caribe,Solar,0,0,0
S_Fundacion,2040,pv_solar,Caribe,Solar,0,0,0
S_Fundacion,2045,pv_solar,Caribe,Solar,0,0,0
S_Fundacion,2050,pv_solar,Caribe,Solar,0,0,0
S_Girasoles,2023,pv_solar,Nordeste,Solar,9.5,0,1.26065e+07
S_Girasoles,2025,pv_solar,Nordeste,Solar,0,0,0
S_Girasoles,2030,pv_solar,Nordeste,Solar,0,0,0
S_Girasoles,2035,pv_solar,Nordeste,Solar,0,0,0
S_Girasoles,2040,pv_solar,Nordeste,Solar,0,0,0
S_Girasoles,2045,pv_solar,Nordeste,Solar,0,0,0
S_Girasoles,2050,pv_solar,Nordeste,Solar,0,0,0
S_Medin,2023,pv_solar,Surocciden,Solar,0,0,0
S_Medin,2025,pv_solar,Surocciden,Solar,0,0,0
S_Medin,2030,pv_solar,Surocciden,Solar,0,0,0
S_Medin,2035,pv_solar,Surocciden,Solar,0,0,0
S_Medin,2040,pv_solar,Surocciden,Solar,0,0,0
S_Medin,2045,pv_solar,Surocciden,Solar,0,0,0
S_Medin,2050,pv_solar,Surocciden,Solar,0,0,0
S_PetaCesaII,2023,pv_solar,Nordeste,Solar,9.9,0,1.31373e+07
S_PetaCesaII,2025,pv_solar,Nordeste,Solar,0,0,0
S_PetaCesaII,2030,pv_solar,Nordeste,Solar,0,0,0
S_PetaCesaII,2035,pv_solar,Nordeste,Solar,0,0,0
S_PetaCesaII,2040,pv_solar,Nordeste,Solar,0,0,0
S_PetaCesaII,2045,pv_solar,Nordeste,Solar,0,0,0
S_PetaCesaII,2050,pv_solar,Nordeste,Solar,0,0,0
S_BayuncaI,2023,pv_solar,Caribe,Solar,0,0,0
S_BayuncaI,2025,pv_solar,Caribe,Solar,0,0,0
S_BayuncaI,2030,pv_solar,Caribe,Solar,0,0,0
S_BayuncaI,2035,pv_solar,Caribe,Solar,0,0,0
S_BayuncaI,2040,pv_solar,Caribe,Solar,0,0,0
S_BayuncaI,2045,pv_solar,Caribe,Solar,0,0,0
S_BayuncaI,2050,pv_solar,Caribe,Solar,0,0,0
S_Palmira3_Franca,2023,pv_solar,Surocciden,Solar,2.9,0,3.8483e+06
S_Palmira3_Franca,2025,pv_solar,Surocciden,Solar,0,0,0
S_Palmira3_Franca,2030,pv_solar,Surocciden,Solar,0,0,0
S_Palmira3_Franca,2035,pv_solar,Surocciden,Solar,0,0,0
S_Palmira3_Franca,2040,pv_solar,Surocciden,Solar,0,0,0
S_Palmira3_Franca,2045,pv_solar,Surocciden,Solar,0,0,0
S_Palmira3_Franca,2050,pv_solar,Surocciden,Solar,0,0,0
S_SalvadorI,2023,pv_solar,Antioquia,Solar,0.01,0,13270
S_SalvadorI,2025,pv_solar,Antioquia,Solar,0,0,0
S_SalvadorI,2030,pv_solar,Antioquia,Solar,0,0,0
S_SalvadorI,2035,pv_solar,Antioquia,Solar,0,0,0
S_SalvadorI,2040,pv_solar,Antioquia,Solar,0,0,0
S_SalvadorI,2045,pv_solar,Antioquia,Solar,0,0,0
S_SalvadorI,2050,pv_solar,Antioquia,Solar,0,0,0
S_SalvadorII,2023,pv_solar,Antioquia,Solar,0,0,0
S_SalvadorII,2025,pv_solar,Antioquia,Solar,0,0,0
S_SalvadorII,2030,pv_solar,Antioquia,Solar,0,0,0
S_SalvadorII,2035,pv_solar,Antioquia,Solar,0,0,0
S_SalvadorII,2040,pv_solar,Antioquia,Solar,0,0,0
S_SalvadorII,2045,pv_solar,Antioquia,Solar,0,0,0
S_SalvadorII,2050,pv_solar,Antioquia,Solar,0,0,0
S_AutSolla,2023,pv_solar,Surocciden,Solar,6.4,0,8.4928e+06
S_AutSolla,2025,pv_solar,Surocciden,Solar,0,0,0
S_AutSolla,2030,pv_solar,Surocciden,Solar,0,0,0
S_AutSolla,2035,pv_solar,Surocciden,Solar,0,0,0
S_AutSolla,2040,pv_solar,Surocciden,Solar,0,0,0
S_AutSolla,2045,pv_solar,Surocciden,Solar,0,0,0
S_AutSolla,2050,pv_solar,Surocciden,Solar,0,0,0
S_AutEncanto,2023,pv_solar,Caribe,Solar,0.99,0,1.31373e+06
S_AutEncanto,2025,pv_solar,Caribe,Solar,0,0,0
S_AutEncanto,2030,pv_solar,Caribe,Solar,0,0,0
S_AutEncanto,2035,pv_solar,Caribe,Solar,0,0,0
S_AutEncanto,2040,pv_solar,Caribe,Solar,0,0,0
S_AutEncanto,2045,pv_solar,Caribe,Solar,0,0,0
S_AutEncanto,2050,pv_solar,Caribe,Solar,0,0,0
S_Uruaco,2023,pv_solar,Caribe,Solar,1,0,1.327e+06
S_Uruaco,2025,pv_solar,Caribe,Solar,0,0,0
S_Uruaco,2030,pv_solar,Caribe,Solar,0,0,0
S_Uruaco,2035,pv_solar,Caribe,Solar,0,0,0
S_Uruaco,2040,pv_solar,Caribe,Solar,0,0,0
S_Uruaco,2045,pv_solar,Caribe,Solar,0,0,0
S_Uruaco,2050,pv_solar,Caribe,Solar,0,0,0
S_Harinas,2023,pv_solar,Surocciden,Solar,0,0,0
S_Harinas,2025,pv_solar,Surocciden,Solar,0,0,0
S_Harinas,2030,pv_solar,Surocciden,Solar,0,0,0
S_Harinas,2035,pv_solar,Surocciden,Solar,0,0,0
S_Harinas,2040,pv_solar,Surocciden,Solar,0,0,0
S_Harinas,2045,pv_solar,Surocciden,Solar,0,0,0
S_Harinas,2050,pv_solar,Surocciden,Solar,0,0,0
S_AutLevapan,2023,pv_solar,Surocciden,Solar,0,0,0
S_AutLevapan,2025,pv_solar,Surocciden,Solar,0,0,0
S_AutLevapan,2030,pv_solar,Surocciden,Solar,0,0,0
S_AutLevapan,2035,pv_solar,Surocciden,Solar,0,0,0
S_AutLevapan,2040,pv_solar,Surocciden,Solar,0,0,0
S_AutLevapan,2045,pv_solar,Surocciden,Solar,0,0,0
S_AutLevapan,2050,pv_solar,Surocciden,Solar,0,0,0
S_AutGragas,2023,pv_solar,Surocciden,Solar,4,0,5.308e+06
S_AutGragas,2025,pv_solar,Surocciden,Solar,0,0,0
S_AutGragas,2030,pv_solar,Surocciden,Solar,0,0,0
S_AutGragas,2035,pv_solar,Surocciden,Solar,0,0,0
S_AutGragas,2040,pv_solar,Surocciden,Solar,0,0,0
S_AutGragas,2045,pv_solar,Surocciden,Solar,0,0,0
S_AutGragas,2050,pv_solar,Surocciden,Solar,0,0,0
S_Carmelo,2023,pv_solar,Surocciden,Solar,0,0,0
S_Carmelo,2025,pv_solar,Surocciden,Solar,0,0,0
S_Carmelo,2030,pv_solar,Surocciden,Solar,0,0,0
S_Carmelo,2035,pv_solar,Surocciden,Solar,0,0,0
S_Carmelo,2040,pv_solar,Surocciden,Solar,0,0,0
S_Carmelo,2045,pv_solar,Surocciden,Solar,0,0,0
S_Carmelo,2050,pv_solar,Surocciden,Solar,0,0,0
S_PortonSol,2023,pv_solar,Antioquia,Solar,102,0,1.35354e+08
S_PortonSol,2025,pv_solar,Antioquia,Solar,0,0,0
S_PortonSol,2030,pv_solar,Antioquia,Solar,0,0,0
S_PortonSol,2035,pv_solar,Antioquia,Solar,0,0,0
S_PortonSol,2040,pv_solar,Antioquia,Solar,0,0,0
S_PortonSol,2045,pv_solar,Antioquia,Solar,0,0,0
S_PortonSol,2050,pv_solar,Antioquia,Solar,0,0,0
S_Sierpe,2023,pv_solar,Caribe,Solar,0,0,0
S_Sierpe,2025,pv_solar,Caribe,Solar,0,0,0
S_Sierpe,2030,pv_solar,Caribe,Solar,0,0,0
S_Sierpe,2035,pv_solar,Caribe,Solar,0,0,0
S_Sierpe,2040,pv_solar,Caribe,Solar,0,0,0
S_Sierpe,2045,pv_solar,Caribe,Solar,0,0,0
S_Sierpe,2050,pv_solar,Caribe,Solar,0,0,0
S_Since,2023,pv_solar,Oriental,Solar,0,0,0
S_Since,2025,pv_solar,Oriental,Solar,0,0,0
S_Since,2030,pv_solar,Oriental,Solar,0,0,0
S_Since,2035,pv_solar,Oriental,Solar,0,0,0
S_Since,2040,pv_solar,Oriental,Solar,0,0,0
S_Since,2045,pv_solar,Oriental,Solar,0,0,0
S_Since,2050,pv_solar,Oriental,Solar,0,0,0
S_HeliosI,2023,pv_solar,Caribe,Solar,0,0,0
S_HeliosI,2025,pv_solar,Caribe,Solar,0,0,0
S_HeliosI,2030,pv_solar,Caribe,Solar,0,0,0
S_HeliosI,2035,pv_solar,Caribe,Solar,0,0,0
S_HeliosI,2040,pv_solar,Caribe,Solar,0,0,0
S_HeliosI,2045,pv_solar,Caribe,Solar,0,0,0
S_HeliosI,2050,pv_solar,Caribe,Solar,0,0,0
S_SolBolivar,2023,pv_solar,Caribe,Solar,0,0,0
S_SolBolivar,2025,pv_solar,Caribe,Solar,0,0,0
S_SolBolivar,2030,pv_solar,Caribe,Solar,0,0,0
S_SolBolivar,2035,pv_solar,Caribe,Solar,0,0,0
S_SolBolivar,2040,pv_solar,Caribe,Solar,0,0,0
S_SolBolivar,2045,pv_solar,Caribe,Solar,0,0,0
S_SolBolivar,2050,pv_solar,Caribe,Solar,0,0,0
S_Yumbo,2023,pv_solar,Surocciden,Solar,0,0,0
S_Yumbo,2025,pv_solar,Surocciden,Solar,0,0,0
S_Yumbo,2030,pv_solar,Surocciden,Solar,0,0,0
S_Yumbo,2035,pv_solar,Surocciden,Solar,0,0,0
S_Yumbo,2040,pv_solar,Surocciden,Solar,0,0,0
S_Yumbo,2045,pv_solar,Surocciden,Solar,0,0,0
S_Yumbo,2050,pv_solar,Surocciden,Solar,0,0,0
S_TierraLind,2023,pv_solar,Caribe,Solar,9.9,0,1.31373e+07
S_TierraLind,2025,pv_solar,Caribe,Solar,0,0,0
S_TierraLind,2030,pv_solar,Caribe,Solar,0,0,0
S_TierraLind,2035,pv_solar,Caribe,Solar,0,0,0
S_TierraLind,2040,pv_solar,Caribe,Solar,0,0,0
S_TierraLind,2045,pv_solar,Caribe,Solar,0,0,0
S_TierraLind,2050,pv_solar,Caribe,Solar,0,0,0
S_Tolua,2023,pv_solar,Caribe,Solar,19.9,0,2.64073e+07
S_Tolua,2025,pv_solar,Caribe,Solar,0,0,0
S_Tolua,2030,pv_solar,Caribe,Solar,0,0,0
S_Tolua,2035,pv_solar,Caribe,Solar,0,0,0
S_Tolua,2040,pv_solar,Caribe,Solar,0,0,0
S_Tolua,2045,pv_solar,Caribe,Solar,0,0,0
S_Tolua,2050,pv_solar,Caribe,Solar,0,0,0
S_BSLlanos4,2023,pv_solar,Oriental,Solar,0,0,0
S_BSLlanos4,2025,pv_solar,Oriental,Solar,0,0,0
S_BSLlanos4,2030,pv_solar,Oriental,Solar,0,0,0
S_BSLlanos4,2035,pv_solar,Oriental,Solar,0,0,0
S_BSLlanos4,2040,pv_solar,Oriental,Solar,0,0,0
S_BSLlanos4,2045,pv_solar,Oriental,Solar,0,0,0
S_BSLlanos4,2050,pv_solar,Oriental,Solar,0,0,0
S_BSLlanos5,2023,pv_solar,Oriental,Solar,0,0,0
S_BSLlanos5,2025,pv_solar,Oriental,Solar,0,0,0
S_BSLlanos5,2030,pv_solar,Oriental,Solar,0,0,0
S_BSLlanos5,2035,pv_solar,Oriental,Solar,0,0,0
S_BSLlanos5,2040,pv_solar,Oriental,Solar,0,0,0
S_BSLlanos5,2045,pv_solar,Oriental,Solar,0,0,0
S_BSLlanos5,2050,pv_solar,Oriental,Solar,0,0,0
S_LaLoma,2025,pv_solar,Caribe,Solar,0,0,0
S_LaLoma,2030,pv_solar,Caribe,Solar,0,0,0
S_LaLoma,2035,pv_solar,Caribe,Solar,0,0,0
S_LaLoma,2040,pv_solar,Caribe,Solar,0,0,0
S_LaLoma,2045,pv_solar,Caribe,Solar,0,0,0
S_LaLoma,2050,pv_solar,Caribe,Solar,0,0,0
S_ParqueUrra,2025,pv_solar,Caribe,Solar,0,0,0
S_ParqueUrra,2030,pv_solar,Caribe,Solar,0,0,0
S_ParqueUrra,2035,pv_solar,Caribe,Solar,0,0,0
S_ParqueUrra,2040,pv_solar,Caribe,Solar,0,0,0
S_ParqueUrra,2045,pv_solar,Caribe,Solar,0,0,0
S_ParqueUrra,2050,pv_solar,Caribe,Solar,0,0,0
S_CaracoliI,2025,pv_solar,Caribe,Solar,0,0,0
S_CaracoliI,2030,pv_solar,Caribe,Solar,0,0,0
S_CaracoliI,2035,pv_solar,Caribe,Solar,0,0,0
S_CaracoliI,2040,pv_solar,Caribe,Solar,0,0,0
S_CaracoliI,2045,pv_solar,Caribe,Solar,0,0,0
S_CaracoliI,2050,pv_solar,Caribe,Solar,0,0,0
S_Tepuy,2025,pv_solar,Surocciden,Solar,0,0,0
S_Tepuy,2030,pv_solar,Surocciden,Solar,0,0,0
S_Tepuy,2035,pv_solar,Surocciden,Solar,0,0,0
S_Tepuy,2040,pv_solar,Surocciden,Solar,0,0,0
S_Tepuy,2045,pv_solar,Surocciden,Solar,0,0,0
S_Tepuy,2050,pv_solar,Surocciden,Solar,0,0,0
S_El_Paso,2023,pv_solar,Caribe,Solar,68,0,9.0236e+07
S_El_Paso,2025,pv_solar,Caribe,Solar,0,0,0
S_El_Paso,2030,pv_solar,Caribe,Solar,0,0,0
S_El_Paso,2035,pv_solar,Caribe,Solar,0,0,0
S_El_Paso,2040,pv_solar,Caribe,Solar,0,0,0
S_El_Paso,2045,pv_solar,Caribe,Solar,0,0,0
S_El_Paso,2050,pv_solar,Caribe,Solar,0,0,0
S_LaMata,2025,pv_solar,Nordeste,Solar,0,0,0
S_LaMata,2030,pv_solar,Nordeste,Solar,0,0,0
S_LaMata,2035,pv_solar,Nordeste,Solar,0,0,0
S_LaMata,2040,pv_solar,Nordeste,Solar,0,0,0
S_LaMata,2045,pv_solar,Nordeste,Solar,0,0,0
S_LaMata,2050,pv_solar,Nordeste,Solar,0,0,0
S_Escobal6,2030,pv_solar,Surocciden,Solar,0,0,0
S_Escobal6,2035,pv_solar,Surocciden,Solar,0,0,0
S_Escobal6,2040,pv_solar,Surocciden,Solar,0,0,0
S_Escobal6,2045,pv_solar,Surocciden,Solar,0,0,0
S_Escobal6,2050,pv_solar,Surocciden,Solar,0,0,0
S_Union,2025,pv_solar,Caribe,Solar,0,0,0
S_Union,2030,pv_solar,Caribe,Solar,0,0,0
S_Union,2035,pv_solar,Caribe,Solar,0,0,0
S_Union,2040,pv_solar,Caribe,Solar,0,0,0
S_Union,2045,pv_solar,Caribe,Solar,0,0,0
S_Union,2050,pv_solar,Caribe,Solar,0,0,0
S_Nabusimake,2025,pv_solar,Caribe,Solar,0,0,0
S_Nabusimake,2030,pv_solar,Caribe,Solar,0,0,0
S_Nabusimake,2035,pv_solar,Caribe,Solar,0,0,0
S_Nabusimake,2040,pv_solar,Caribe,Solar,0,0,0
S_Nabusimake,2045,pv_solar,Caribe,Solar,0,0,0
S_Nabusimake,2050,pv_solar,Caribe,Solar,0,0,0
S_Guayepo,2025,pv_solar,Caribe,Solar,0,0,0
S_Guayepo,2030,pv_solar,Caribe,Solar,0,0,0
S_Guayepo,2035,pv_solar,Caribe,Solar,0,0,0
S_Guayepo,2040,pv_solar,Caribe,Solar,0,0,0
S_Guayepo,2045,pv_solar,Caribe,Solar,0,0,0
S_Guayepo,2050,pv_solar,Caribe,Solar,0,0,0
S_Sunnorte,2025,pv_solar,Nordeste,Solar,0,0,0
S_Sunnorte,2030,pv_solar,Nordeste,Solar,0,0,0
S_Sunnorte,2035,pv_solar,Nordeste,Solar,0,0,0
S_Sunnorte,2040,pv_solar,Nordeste,Solar,0,0,0
S_Sunnorte,2045,pv_solar,Nordeste,Solar,0,0,0
S_Sunnorte,2050,pv_solar,Nordeste,Solar,0,0,0
E_Windpeshi,2030,Eolica,Caribe,Wind,0,0,0
E_Windpeshi,2035,Eolica,Caribe,Wind,0,0,0
E_Windpeshi,2040,Eolica,Caribe,Wind,0,0,0
E_Windpeshi,2045,Eolica,Caribe,Wind,0,0,0
E_Windpeshi,2050,Eolica,Caribe,Wind,0,0,0
E_ParqueAlph,2030,Eolica,Caribe,Wind,0,0,0
E_ParqueAlph,2035,Eolica,Caribe,Wind,0,0,0
E_ParqueAlph,2040,Eolica,Caribe,Wind,0,0,0
E_ParqueAlph,2045,Eolica,Caribe,Wind,0,0,0
E_ParqueAlph,2050,Eolica,Caribe,Wind,0,0,0
E_ParqueBeta,2030,Eolica,Caribe,Wind,0,0,0
E_ParqueBeta,2035,Eolica,Caribe,Wind,0,0,0
E_ParqueBeta,2040,Eolica,Caribe,Wind,0,0,0
E_ParqueBeta,2045,Eolica,Caribe,Wind,0,0,0
E_ParqueBeta,2050,Eolica,Caribe,Wind,0,0,0
E_Camelia,2030,Eolica,Caribe,Wind,0,0,0
E_Camelia,2035,Eolica,Caribe,Wind,0,0,0
E_Camelia,2040,Eolica,Caribe,Wind,0,0,0
E_Camelia,2045,Eolica,Caribe,Wind,0,0,0
E_Camelia,2050,Eolica,Caribe,Wind,0,0,0
E_CasaElec,2030,Eolica,Caribe,Wind,0,0,0
E_CasaElec,2035,Eolica,Caribe,Wind,0,0,0
E_CasaElec,2040,Eolica,Caribe,Wind,0,0,0
E_CasaElec,2045,Eolica,Caribe,Wind,0,0,0
E_CasaElec,2050,Eolica,Caribe,Wind,0,0,0
E_Apoto,2030,Eolica,Caribe,Wind,0,0,0
E_Apoto,2035,Eolica,Caribe,Wind,0,0,0
E_Apoto,2040,Eolica,Caribe,Wind,0,0,0
E_Apoto,2045,Eolica,Caribe,Wind,0,0,0
E_Apoto,2050,Eolica,Caribe,Wind,0,0,0
TermoCaribe3,2025,Thermal,Caribe,GASIMPOR,0,0,0
TermoCaribe3,2030,Thermal,Caribe,GASIMPOR,0,0,0
TermoCaribe3,2035,Thermal,Caribe,GASIMPOR,0,0,0
TermoCaribe3,2040,Thermal,Caribe,GASIMPOR,0,0,0
TermoCaribe3,2045,Thermal,Caribe,GASIMPOR,0,0,0
TermoCaribe3,2050,Thermal,Caribe,GASIMPOR,0,0,0
DST_Surocciden,2025,pv_solar,Surocciden,Solar,33.3068,0,4.09767e+07
DST_Surocciden,2030,pv_solar,Surocciden,Solar,33.004,0,2.74249e+07
DST_Surocciden,2035,pv_solar,Surocciden,Solar,20.5897,0,1.19781e+07
DST_Surocciden,2040,pv_solar,Surocciden,Solar,0,0,0
DST_Surocciden,2045,pv_solar,Surocciden,Solar,0,0,0
DST_Surocciden,2050,pv_solar,Surocciden,Solar,0,0,0
DST_Caribe,2025,pv_solar,Caribe,Solar,30.95,0,3.80771e+07
DST_Caribe,2030,pv_solar,Caribe,Solar,30.6686,0,2.54843e+07
DST_Caribe,2035,pv_solar,Caribe,Solar,19.1327,0,1.11305e+07
DST_Caribe,2040,pv_solar,Caribe,Solar,0,0,0
DST_Caribe,2045,pv_solar,Caribe,Solar,0,0,0
DST_Caribe,2050,pv_solar,Caribe,Solar,0,0,0
DST_Oriental,2025,pv_solar,Oriental,Solar,18.2765,0,2.24852e+07
DST_Oriental,2030,pv_solar,Oriental,Solar,18.1104,0,1.50489e+07
DST_Oriental,2035,pv_solar,Oriental,Solar,11.2982,0,6.57274e+06
DST_Oriental,2040,pv_solar,Oriental,Solar,0,0,0
DST_Oriental,2045,pv_solar,Oriental,Solar,0,0,0
DST_Oriental,2050,pv_solar,Oriental,Solar,0,0,0
DST_Antioquia,2025,pv_solar,Antioquia,Solar,16.0086,0,1.96951e+07
DST_Antioquia,2030,pv_solar,Antioquia,Solar,15.8631,0,1.31815e+07
DST_Antioquia,2035,pv_solar,Antioquia,Solar,9.89624,0,5.75715e+06
DST_Antioquia,2040,pv_solar,Antioquia,Solar,0,0,0
DST_Antioquia,2045,pv_solar,Antioquia,Solar,0,0,0
DST_Antioquia,2050,pv_solar,Antioquia,Solar,0,0,0
DST_Nordeste,2025,pv_solar,Nordeste,Solar,11.458,0,1.40966e+07
DST_Nordeste,2030,pv_solar,Nordeste,Solar,11.3539,0,9.43457e+06
DST_Nordeste,2035,pv_solar,Nordeste,Solar,7.08314,0,4.12063e+06
DST_Nordeste,2040,pv_solar,Nordeste,Solar,0,0,0
DST_Nordeste,2045,pv_solar,Nordeste,Solar,0,0,0
DST_Nordeste,2050,pv_solar,Nordeste,Solar,0,0,0
ITUANGO2,2030,Hidro,Antioquia,Water,0,0,0
ITUANGO2,2035,Hidro,Antioquia,Water,0,0,0
ITUANGO2,2040,Hidro,Antioquia,Water,0,0,0
ITUANGO2,2045,Hidro,Antioquia,Water,0,0,0
ITUANGO2,2050,Hidro,Antioquia,Water,0,0,0
H_Antioquia,2025,Hidro,Antioquia,Water,2.11206e-06,0,7.22536
H_Antioquia,2030,Hidro,Antioquia,Water,2.56352e-08,0,0.0876979
H_Antioquia,2035,Hidro,Antioquia,Water,2.92482e-07,0,1.00058
H_Antioquia,2040,Hidro,Antioquia,Water,8.77606e-07,0,3.00229
H_Antioquia,2045,Hidro,Antioquia,Water,1.32908e-06,0,4.54678
H_Antioquia,2050,Hidro,Antioquia,Water,3.21116e-06,0,10.9854
T_Surocciden,2025,pv_solar,Surocciden,Solar,79.5409,0,1.78172e+08
T_Surocciden,2030,pv_solar,Surocciden,Solar,8.76254e-09,0,0.0196281
T_Surocciden,2035,pv_solar,Surocciden,Solar,9.51784e-09,0,0.02132
T_Surocciden,2040,pv_solar,Surocciden,Solar,1.08395e-08,0,0.0242804
T_Surocciden,2045,pv_solar,Surocciden,Solar,2.74711e-08,0,0.0615352
T_Surocciden,2050,pv_solar,Surocciden,Solar,73.6591,0,1.64996e+08
T_Caribe,2025,pv_solar,Caribe,Solar,3.61007e-05,0,80.8655
T_Caribe,2030,pv_solar,Caribe,Solar,5.4577e-09,0,0.0122253
T_Caribe,2035,pv_solar,Caribe,Solar,6.83455e-09,0,0.0153094
T_Caribe,2040,pv_solar,Caribe,Solar,1.07775e-08,0,0.0241417
T_Caribe,2045,pv_solar,Caribe,Solar,2.33357e-08,0,0.0522719
T_Caribe,2050,pv_solar,Caribe,Solar,2.66149e-07,0,0.596173
T_Oriental,2025,pv_solar,Oriental,Solar,153.2,0,3.43168e+08
T_Oriental,2030,pv_solar,Oriental,Solar,6.779e-08,0,0.15185
T_Oriental,2035,pv_solar,Oriental,Solar,6.02761e-08,0,0.135019
T_Oriental,2040,pv_solar,Oriental,Solar,7.75922e-08,0,0.173807
T_Oriental,2045,pv_solar,Oriental,Solar,1.51155e-06,0,3.38587
T_Oriental,2050,pv_solar,Oriental,Solar,1.7576e-06,0,3.93702
T_Antioquia,2025,pv_solar,Antioquia,Solar,6.69882e-06,0,15.0054
T_Antioquia,2030,pv_solar,Antioquia,Solar,9.292e-09,0,0.0208141
T_Antioquia,2035,pv_solar,Antioquia,Solar,1.82935e-08,0,0.0409775
T_Antioquia,2040,pv_solar,Antioquia,Solar,3.95582e-08,0,0.0886104
T_Antioquia,2045,pv_solar,Antioquia,Solar,5.60823e-07,0,1.25624
T_Antioquia,2050,pv_solar,Antioquia,Solar,0.000201009,0,450.261
T_Nordeste,2025,pv_solar,Nordeste,Solar,4.65539e-05,0,104.281
T_Nordeste,2030,pv_solar,Nordeste,Solar,8.56178e-09,0,0.0191784
T_Nordeste,2035,pv_solar,Nordeste,Solar,1.50362e-08,0,0.0336811
T_Nordeste,2040,pv_solar,Nordeste,Solar,3.04567e-08,0,0.0682229
T_Nordeste,2045,pv_solar,Nordeste,Solar,1.31306e-07,0,0.294126
T_Nordeste,2050,pv_solar,Nordeste,Solar,153.2,0,3.43168e+08
PV_Surocciden,2025,pv_solar,Surocciden,Solar,5.49088e-09,0,0.00675531
PV_Surocciden,2030,pv_solar,Surocciden,Solar,4.94121e-08,0,0.0410593
PV_Surocciden,2035,pv_solar,Surocciden,Solar,1.21195e-05,0,7.05056
PV_Surocciden,2040,pv_solar,Surocciden,Solar,1.74886e-07,0,0.10174
PV_Surocciden,2045,pv_solar,Surocciden,Solar,2.2853e-06,0,1.32947
PV_Surocciden,2050,pv_solar,Surocciden,Solar,1869,0,1.08729e+09
PV_Caribe,2025,pv_solar,Caribe,Solar,6.38096e-09,0,0.00785035
PV_Caribe,2030,pv_solar,Caribe,Solar,1.54193e-07,0,0.128127
PV_Caribe,2035,pv_solar,Caribe,Solar,6.24248e-06,0,3.63157
PV_Caribe,2040,pv_solar,Caribe,Solar,1.72452e-06,0,1.00324
PV_Caribe,2045,pv_solar,Caribe,Solar,3.81803e-06,0,2.22115
PV_Caribe,2050,pv_solar,Caribe,Solar,7.21681e-06,0,4.19838
PV_Oriental,2025,pv_solar,Oriental,Solar,5.78501e-09,0,0.00711717
PV_Oriental,2030,pv_solar,Oriental,Solar,8.72173e-08,0,0.0724738
PV_Oriental,2035,pv_solar,Oriental,Solar,1303.66,0,7.58408e+08
PV_Oriental,2040,pv_solar,Oriental,Solar,7.95168e-07,0,0.46259
PV_Oriental,2045,pv_solar,Oriental,Solar,917.335,0,5.33661e+08
PV_Oriental,2050,pv_solar,Oriental,Solar,4.6148e-06,0,2.68466
PV_Antioquia,2025,pv_solar,Antioquia,Solar,4.68293e-09,0,0.00576131
PV_Antioquia,2030,pv_solar,Antioquia,Solar,9.21755e-09,0,0.00765939
PV_Antioquia,2035,pv_solar,Antioquia,Solar,4.50495e-06,0,2.62076
PV_Antioquia,2040,pv_solar,Antioquia,Solar,1.51514e-06,0,0.881433
PV_Antioquia,2045,pv_solar,Antioquia,Solar,3.29645e-06,0,1.91771
PV_Antioquia,2050,pv_solar,Antioquia,Solar,1.77469e-05,0,10.3243
PV_Nordeste,2025,pv_solar,Nordeste,Solar,6.21059e-09,0,0.00764076
PV_Nordeste,2030,pv_solar,Nordeste,Solar,1.42562e-07,0,0.118463
PV_Nordeste,2035,pv_solar,Nordeste,Solar,2.19071e-05,0,12.7445
PV_Nordeste,2040,pv_solar,Nordeste,Solar,0.000121416,0,70.6336
PV_Nordeste,2045,pv_solar,Nordeste,Solar,239.071,0,1.3908e+08
PV_Nordeste,2050,pv_solar,Nordeste,Solar,752.929,0,4.38017e+08
E_Caribe,2025,Eolica,Caribe,Wind,1239.18,0,2.45597e+09
E_Caribe,2030,Eolica,Caribe,Wind,1.45863e-08,0,0.0252343
E_Caribe,2035,Eolica,Caribe,Wind,1528.76,0,2.33915e+09
E_Caribe,2040,Eolica,Caribe,Wind,1.45587,0,2.22762e+06
E_Caribe,2045,Eolica,Caribe,Wind,73.5711,0,1.12571e+08
E_Caribe,2050,Eolica,Caribe,Wind,2400.44,0,3.6729e+09
Bio_Surocciden,2025,Biomass,Surocciden,Biomass,5.87473e-09,0,0.0177353
Bio_Surocciden,2030,Biomass,Surocciden,Biomass,1.20212e-06,0,2.65475
Bio_Surocciden,2035,Biomass,Surocciden,Biomass,100,0,1.56222e+08
Bio_Surocciden,2040,Biomass,Surocciden,Biomass,4.86418e-07,0,0.759891
Bio_Surocciden,2045,Biomass,Surocciden,Biomass,1.00731e-06,0,1.57364
Bio_Surocciden,2050,Biomass,Surocciden,Biomass,7.79041e-07,0,1.21703
GEO_Surocciden,2025,Geothermal,Surocciden,Geothermal,5.68812e-09,0,0.017172
GEO_Surocciden,2030,Geothermal,Surocciden,Geothermal,1.20099e-06,0,2.65226
GEO_Surocciden,2035,Geothermal,Surocciden,Geothermal,150,0,2.34332e+08
GEO_Surocciden,2040,Geothermal,Surocciden,Geothermal,4.72422e-07,0,0.738025
GEO_Surocciden,2045,Geothermal,Surocciden,Geothermal,1.02353e-06,0,1.59897
GEO_Surocciden,2050,Geothermal,Surocciden,Geothermal,7.78272e-07,0,1.21583
E_Caribe_UPME4,2040,Eolica,Caribe,Wind,206.625,0,3.16156e+08
E_Caribe_UPME4,2045,Eolica,Caribe,Wind,2064.43,0,3.15878e+09
E_Caribe_UPME4,2050,Eolica,Caribe,Wind,2124.93,0,3.25135e+09
Bio_Surocciden_UPME4,2040,Biomass,Surocciden,Biomass,733.874,0,1.14647e+09
Bio_Surocciden_UPME4,2045,Biomass,Surocciden,Biomass,244.126,0,3.81377e+08
Bio_Surocciden_UPME4,2050,Biomass,Surocciden,Biomass,6.56301e-07,0,1.02528
Biogas_Antioquia_UPME4,2040,Biogas,Antioquia,Biogas,2.41008e-05,0,37.6506
Biogas_Antioquia_UPME4,2045,Biogas,Antioquia,Biogas,171,0,2.67139e+08
Biogas_Antioquia_UPME4,2050,Biogas,Antioquia,Biogas,1.84212e-06,0,2.87779
Biogas_Caribe_UPME4,2040,Biogas,Caribe,Biogas,377,0,5.88955e+08
Biogas_Caribe_UPME4,2045,Biogas,Caribe,Biogas,7.79376e-07,0,1.21755
Biogas_Caribe_UPME4,2050,Biogas,Caribe,Biogas,7.98629e-07,0,1.24763
Biogas_Nordeste_UPME4,2040,Biogas,Nordeste,Biogas,151,0,2.35895e+08
Biogas_Nordeste_UPME4,2045,Biogas,Nordeste,Biogas,6.98377e-07,0,1.09102
Biogas_Nordeste_UPME4,2050,Biogas,Nordeste,Biogas,6.95369e-07,0,1.08632
Biogas_Oriental_UPME4,2040,Biogas,Oriental,Biogas,338,0,5.28029e+08
Biogas_Oriental_UPME4,2045,Biogas,Oriental,Biogas,6.97857e-07,0,1.0902
Biogas_Oriental_UPME4,2050,Biogas,Oriental,Biogas,7.03123e-07,0,1.09843
Biogas_Surocciden_UPME4,2040,Biogas,Surocciden,Biogas,279.492,0,4.36627e+08
Biogas_Surocciden_UPME4,2045,Biogas,Surocciden,Biogas,5.50779,0,8.60436e+06
Biogas_Surocciden_UPME4,2050,Biogas,Surocciden,Biogas,7.68464e-07,0,1.20051
PV_Antioquia_UPME4,2040,pv_solar,Antioquia,Solar,3.82694e-06,0,2.22633
PV_Antioquia_UPME4,2045,pv_solar,Antioquia,Solar,3.40334e-06,0,1.9799
PV_Antioquia_UPME4,2050,pv_solar,Antioquia,Solar,1.7716e-05,0,10.3063
PV_Caribe_UPME4,2040,pv_solar,Caribe,Solar,5.83315e-06,0,3.39344
PV_Caribe_UPME4,2045,pv_solar,Caribe,Solar,4.00669e-06,0,2.3309
PV_Caribe_UPME4,2050,pv_solar,Caribe,Solar,7.24224e-06,0,4.21318
PV_Nordeste_UPME4,2040,pv_solar,Nordeste,Solar,0.000141341,0,82.2252
PV_Nordeste_UPME4,2045,pv_solar,Nordeste,Solar,79.3894,0,4.61848e+07
PV_Nordeste_UPME4,2050,pv_solar,Nordeste,Solar,3.61049,0,2.10041e+06
PV_Oriental_UPME4,2040,pv_solar,Oriental,Solar,8.24117e-05,0,47.9431
PV_Oriental_UPME4,2045,pv_solar,Oriental,Solar,186,0,1.08206e+08
PV_Oriental_UPME4,2050,pv_solar,Oriental,Solar,3.90527e-06,0,2.2719
PV_Surocciden_UPME4,2040,pv_solar,Surocciden,Solar,5.80748e-06,0,3.37851
PV_Surocciden_UPME4,2045,pv_solar,Surocciden,Solar,6.3098e-06,0,3.67073
PV_Surocciden_UPME4,2050,pv_solar,Surocciden,Solar,156,0,9.07532e+07
