gen_tech,gen_energy_source,period,Energy_GWh_typical_yr,VariableCost_per_yr,DispatchEmissions_tCO2_per_typical_yr,GenCapacity_MW,GenCapitalCosts,GenFixedOMCosts,LCOE_dollar_per_MWh,capacity_factor,Store_GWh_typical_yr,Discharge_GWh_typical_yr
Eolica,Wind,2023,214.27884761499428,0.0,0.0,32.0,5395834.247909282,882240.0,29.298618682089508,0.7644079894941289,0.0,0.0
Eolica,Wind,2024,214.27884723243943,0.0,0.0,32.0,5395834.247909282,882240.0,29.29861873439672,0.7644079881294213,0.0,0.0
Eolica,Wind,2025,214.27884708874495,0.0,0.0,32.0,5395834.247909282,882240.0,29.29861875404425,0.7644079876168126,0.0,0.0
Eolica,Wind,2026,214.27884691258942,0.0,0.0,32.0,5395834.247909282,882240.0,29.298618778130216,0.7644079869884038,0.0,0.0
Eolica,Wind,2027,1911.9612159301842,0.0,0.0,287.0,44823935.53766147,7912590.0,27.582424318165227,0.7604892431268929,0.0,0.0
Eolica,Wind,2028,4842.9628134891955,0.0,0.0,737.0,114402937.81369475,20319090.0,27.8181008201118,0.7501351916459413,0.0,0.0
Eolica,Wind,2029,8148.905402418965,0.0,0.0,1229.0,190475980.3021578,33883530.0,27.53247205883108,0.7569083342082106,0.0,0.0
Eolica,Wind,2030,8148.9054024295365,0.0,0.0,1229.0,190475980.3021578,33883530.0,27.53247205879536,0.7569083342091925,0.0,0.0
Eolica,Wind,2031,8148.9054024235265,0.0,0.0,1229.0,190475980.3021578,33883530.0,27.532472058815667,0.7569083342086343,0.0,0.0
Eolica,Wind,2032,8148.905402425809,0.0,0.0,1229.0,190475980.3021578,33883530.0,27.532472058807958,0.7569083342088463,0.0,0.0
Eolica,Wind,2033,8148.905402418649,0.0,0.0,1229.0,190475980.3021578,33883530.0,27.532472058832145,0.7569083342081813,0.0,0.0
Eolica,Wind,2034,8148.905402409209,0.0,0.0,1229.0,190475980.3021578,33883530.0,27.53247205886404,0.7569083342073044,0.0,0.0
Eolica,Wind,2035,8148.9054024193165,0.0,0.0,1229.0,190475980.3021578,33883530.0,27.532472058829892,0.7569083342082432,0.0,0.0
Hidro,Water,2023,61912.84132752596,86055973.5515265,0.0,12988.792,1915499513.8988552,568649313.76,41.513274889351415,0.5441365102028591,0.0,0.0
Hidro,Water,2024,61912.841327484784,86055973.55146874,0.0,12988.792,1915499513.8988552,568649313.76,41.513274889378096,0.5441365102024973,0.0,0.0
Hidro,Water,2025,61912.84132755427,86055973.55156583,0.0,12988.792,1915499513.8988552,568649313.76,41.51327488933306,0.544136510203108,0.0,0.0
Hidro,Water,2026,61912.841327281225,86055973.55118647,0.0,12988.792,1915499513.8988552,568649313.76,41.51327488951002,0.5441365102007083,0.0,0.0
Hidro,Water,2027,61912.84132685721,86055973.55059753,0.0,12988.792,1915499513.8988552,568649313.76,41.51327488978481,0.5441365101969817,0.0,0.0
Hidro,Water,2028,61912.841327155475,86055973.55101377,0.0,12988.792,1915499513.8988552,568649313.76,41.51327488959156,0.5441365101996031,0.0,0.0
Hidro,Water,2029,61912.84132697842,86055973.55076803,0.0,12988.792,1915499513.8988552,568649313.76,41.513274889706295,0.544136510198047,0.0,0.0
Hidro,Water,2030,61912.84132700465,86055973.55080393,0.0,12988.792,1915499513.8988552,568649313.76,41.513274889689285,0.5441365101982776,0.0,0.0
Hidro,Water,2031,61912.84132714356,86055973.55099708,0.0,12988.792,1915499513.8988552,568649313.76,41.513274889599266,0.5441365101994984,0.0,0.0
Hidro,Water,2032,61912.84132665725,86055973.55032074,0.0,12988.792,1915499513.8988552,568649313.76,41.51327488991442,0.5441365101952244,0.0,0.0
Hidro,Water,2033,61912.8413268458,86055973.55058326,0.0,12988.792,1915499513.8988552,568649313.76,41.513274889792235,0.5441365101968815,0.0,0.0
Hidro,Water,2034,61912.84132734465,86055973.55127817,0.0,12988.792,1915499513.8988552,568649313.76,41.513274889468974,0.5441365102012657,0.0,0.0
Hidro,Water,2035,61912.84132721313,86055973.55109344,0.0,12988.792,1915499513.8988552,568649313.76,41.513274889554175,0.5441365102001099,0.0,0.0
RunOfRiver,Water,2023,1150.4036390352035,1599061.058258933,0.0,184.76,21945662.817875467,8088792.799999999,27.497754355735637,0.7107848902804695,0.0,0.0
RunOfRiver,Water,2024,1150.4036391482264,1599061.0584160346,0.0,184.76,21945662.817875467,8088792.799999999,27.49775435317065,0.7107848903503017,0.0,0.0
RunOfRiver,Water,2025,1150.4036390078145,1599061.058220862,0.0,184.76,21945662.817875467,8088792.799999999,27.497754356357223,0.710784890263547,0.0,0.0
RunOfRiver,Water,2026,1150.4036392472065,1599061.058553617,0.0,184.76,21945662.817875467,8088792.799999999,27.497754350924353,0.7107848904114571,0.0,0.0
RunOfRiver,Water,2027,1150.4036395983474,1599061.0590417024,0.0,184.76,21945662.817875467,8088792.799999999,27.497754342955407,0.710784890628412,0.0,0.0
RunOfRiver,Water,2028,1150.4036390506608,1599061.0582804182,0.0,184.76,21945662.817875467,8088792.799999999,27.497754355384842,0.71078489029002,0.0,0.0
RunOfRiver,Water,2029,1150.4036391624786,1599061.0584358452,0.0,184.76,21945662.817875467,8088792.799999999,27.497754352847206,0.7107848903591074,0.0,0.0
RunOfRiver,Water,2030,1150.4036392960727,1599061.0586215411,0.0,184.76,21945662.817875467,8088792.799999999,27.497754349815366,0.7107848904416494,0.0,0.0
RunOfRiver,Water,2031,1150.403639144827,1599061.058411309,0.0,184.76,21945662.817875467,8088792.799999999,27.497754353247792,0.7107848903482012,0.0,0.0
RunOfRiver,Water,2032,1150.4036396950687,1599061.0591761456,0.0,184.76,21945662.817875467,8088792.799999999,27.497754340760366,0.7107848906881721,0.0,0.0
RunOfRiver,Water,2033,1150.4036393700244,1599061.058724334,0.0,184.76,21945662.817875467,8088792.799999999,27.497754348137068,0.7107848904873411,0.0,0.0
RunOfRiver,Water,2034,1150.4036386555244,1599061.057731179,0.0,184.76,21945662.817875467,8088792.799999999,27.497754364352232,0.7107848900458823,0.0,0.0
RunOfRiver,Water,2035,1150.4036391252764,1599061.058384134,0.0,184.76,21945662.817875467,8088792.799999999,27.497754353691484,0.7107848903361219,0.0,0.0
Thermal,ACPM,2023,5.863180259741002e-06,0.05452757641559132,0.0031438846214211806,1041.0,202347726.61909693,149092020.0,59940123125.11588,6.429517915839836e-10,0.0,0.0
Thermal,ACPM,2024,564.9940066565736,5254444.261906135,281574.6075199266,1041.0,202347726.61909693,149092020.0,631.3238488878634,0.06195680376883106,0.0,0.0
Thermal,ACPM,2025,1046.3710924878637,9731251.160137136,519879.9876092194,1041.0,202347726.61909693,149092020.0,345.165305475431,0.1147442409704253,0.0,0.0
Thermal,ACPM,2026,1950.28470622547,18137647.76789687,970458.9877126624,1041.0,202347726.61909693,149092020.0,189.4992014280132,0.2138667055107564,0.0,0.0
Thermal,ACPM,2027,2906.5870114880745,27031259.2068391,1444253.0838104244,1041.0,202347726.61909693,149092020.0,130.21148320351557,0.31873407325763276,0.0,0.0
Thermal,ACPM,2028,3728.7007813623586,34676917.26666994,1858544.77601184,1041.0,202347726.61909693,149092020.0,103.55260089941866,0.4088864304785044,0.0,0.0
Thermal,ACPM,2029,3823.346732335537,35557124.6107205,1902740.8633784975,1041.0,202347726.61909693,149092020.0,101.21940235156643,0.41926523192218756,0.0,0.0
Thermal,ACPM,2030,5367.7890004052815,49920437.70376912,2729112.4918480953,1041.0,202347726.61909693,149092020.0,74.77197488436346,0.5886275710049259,0.0,0.0
Thermal,ACPM,2031,6933.689053509253,64483308.19763606,3540175.7412827904,1041.0,202347726.61909693,149092020.0,59.985824516637,0.7603429541217889,0.0,0.0
Thermal,ACPM,2032,8142.014406917445,75720733.98433223,4206927.150640694,1041.0,202347726.61909693,149092020.0,52.46373431131664,0.8928469735060514,0.0,0.0
Thermal,ACPM,2033,8620.88789612338,80174257.43394744,4470500.004152024,1041.0,202347726.61909693,149092020.0,50.0660731532226,0.9453598682470071,0.0,0.0
Thermal,ACPM,2034,8732.839069598878,81215403.34726958,4550739.858620538,1041.0,202347726.61909693,149092020.0,49.543469943531136,0.9576363469441129,0.0,0.0
Thermal,ACPM,2035,9119.159997421624,84808187.9760211,4836740.351513859,1041.0,202347726.61909693,149092020.0,47.83860955597489,0.9999999997172571,0.0,0.0
Thermal,CARBON,2023,12012.31787751816,100796656.96491824,11231891.698869962,1627.5,255374468.35368097,233090550.0,49.05478537339085,0.8425616983718872,0.0,0.0
Thermal,CARBON,2024,12514.995880124476,105014682.38758442,11857768.987843785,1627.5,255374468.35368097,233090550.0,47.42148590586372,0.8778202751035972,0.0,0.0
Thermal,CARBON,2025,13446.032076471238,112827107.6881773,12910257.170831716,1627.5,255374468.35368097,233090550.0,44.71892693860513,0.9431245275250044,0.0,0.0
Thermal,CARBON,2026,14033.570666379408,117757207.46612798,13513196.36406133,1627.5,255374468.35368097,233090550.0,43.19800286267496,0.9843353510496253,0.0,0.0
Thermal,CARBON,2027,13897.283007915388,116613603.00120953,13383847.797763888,1627.5,255374468.35368097,233090550.0,43.539346576612104,0.9747759336121727,0.0,0.0
Thermal,CARBON,2028,13692.913852603979,114898719.34160474,13188740.904301831,1627.5,255374468.35368097,233090550.0,44.06394023873481,0.9604411795414133,0.0,0.0
Thermal,CARBON,2029,13304.783643917746,111641876.83197652,12818762.4010922,1627.5,255374468.35368097,233090550.0,45.10459630510377,0.9332171540740094,0.0,0.0
Thermal,CARBON,2030,13822.073505312641,115982511.94021292,13312534.698593188,1627.5,255374468.35368097,233090550.0,43.73059729870261,0.9695006281388406,0.0,0.0
Thermal,CARBON,2031,14014.1084328104,117593897.76180375,13494453.138946027,1627.5,255374468.35368097,233090550.0,43.24634128679602,0.9829702412733763,0.0,0.0
Thermal,CARBON,2032,14074.795597065577,118103130.31292123,13552215.121531418,1627.5,255374468.35368097,233090550.0,43.0960538278129,0.9872269285093936,0.0,0.0
Thermal,CARBON,2033,14256.900022916345,119631188.22242983,13725761.411768412,1627.5,255374468.35368097,233090550.0,42.65276501894979,1.0000000016073862,0.0,0.0
Thermal,CARBON,2034,14182.632236316442,119007999.20214388,13655249.990434306,1627.5,255374468.35368097,233090550.0,42.832177231551746,0.9947907494838596,0.0,0.0
Thermal,CARBON,2035,14256.900025246774,119631188.24198472,13725761.414135456,1627.5,255374468.35368097,233090550.0,42.652765013349395,1.0000000017708457,0.0,0.0
Thermal,COMBUSTOLEO,2023,3.2238498502748964e-07,0.002998180360755654,0.0003353735446250812,178.0,20395980.66718305,25493160.0,142342673515.85336,2.0675246589931865e-10,0.0,0.0
Thermal,COMBUSTOLEO,2024,3.417635823738995e-07,0.003178401316077265,0.0003554171062227682,178.0,20395980.66718305,25493160.0,134271593104.25702,2.191803796456694e-10,0.0,0.0
Thermal,COMBUSTOLEO,2025,3.667820559656033e-07,0.003411073120480111,0.0003813787580312047,178.0,20395980.66718305,25493160.0,125112829060.80222,2.352252680503843e-10,0.0,0.0
Thermal,COMBUSTOLEO,2026,3.9247226164611145e-07,0.0036499920333088365,0.00040805936651462047,178.0,20395980.66718305,25493160.0,116923271158.99686,2.5170095277699407e-10,0.0,0.0
Thermal,COMBUSTOLEO,2027,4.108490393316123e-07,0.0038208960657839953,0.00042717095028297405,178.0,20395980.66718305,25493160.0,111693435490.70593,2.6348637789980775e-10,0.0,0.0
Thermal,COMBUSTOLEO,2028,4.2016545930660494e-07,0.003907538771551426,0.0004369741687580461,178.0,20395980.66718305,25493160.0,109216832689.72417,2.6946119959635534e-10,0.0,0.0
Thermal,COMBUSTOLEO,2029,4.3597811614770075e-07,0.004054596480173617,0.0004534482342787935,178.0,20395980.66718305,25493160.0,105255605663.68271,2.796021985452906e-10,0.0,0.0
Thermal,COMBUSTOLEO,2030,4.6809068334267935e-07,0.004353243355086918,0.00048669057536875217,178.0,20395980.66718305,25493160.0,98034723408.37387,3.0019668266294653e-10,0.0,0.0
Thermal,COMBUSTOLEO,2031,4.915860158651176e-07,0.004571749947545594,0.0005110424438743437,178.0,20395980.66718305,25493160.0,93349158012.55412,3.152647477458298e-10,0.0,0.0
Thermal,COMBUSTOLEO,2032,5.268809297253388e-07,0.004899992646445652,0.0005475400229369661,178.0,20395980.66718305,25493160.0,87095846676.4111,3.3790013963197033e-10,0.0,0.0
Thermal,COMBUSTOLEO,2033,5.380837867662161e-07,0.00500417921692581,0.0005592488038502743,178.0,20395980.66718305,25493160.0,85282518821.04175,3.450847742331178e-10,0.0,0.0
Thermal,COMBUSTOLEO,2034,5.49397506114301e-07,0.005109396806863,0.0005710935306840903,178.0,20395980.66718305,25493160.0,83526299558.31161,3.523405072304531e-10,0.0,0.0
Thermal,COMBUSTOLEO,2035,6.380746002808364e-07,0.005934093782611777,0.0006626088185044581,178.0,20395980.66718305,25493160.0,71918143510.05339,4.092110463039584e-10,0.0,0.0
Thermal,GASIMPOR,2023,8.208932604638899e-07,0.005811924284084341,0.0003917951218577657,835.0,95661453.12922928,119588700.0,262214545425.06842,1.1222667821396793e-10,0.0,0.0
Thermal,GASIMPOR,2024,1.4567657986314656e-06,0.010633924465400357,0.0006888060457127496,887.0,101778213.32931766,127036140.0,157070102520.87698,1.8748305027869136e-10,0.0,0.0
Thermal,GASIMPOR,2025,1.5688642223294566e-06,0.011448627967260424,0.0007398375061661496,887.0,101778213.32931766,127036140.0,145847135835.0066,2.0190990902707504e-10,0.0,0.0
Thermal,GASIMPOR,2026,1.6335677679988198e-06,0.011920296120839493,0.0007702157983085986,887.0,101778213.32931766,127036140.0,140070315920.5595,2.1023713507626902e-10,0.0,0.0
Thermal,GASIMPOR,2027,1.6965931863549153e-06,0.012381144966660523,0.0008005113344887033,887.0,101778213.32931766,127036140.0,134866952892.40213,2.183483892597431e-10,0.0,0.0
Thermal,GASIMPOR,2028,1.590689527252629e-06,0.011620978698226843,0.0007576752155290272,887.0,101778213.32931766,127036140.0,143846017353.32788,2.047187851992799e-10,0.0,0.0
Thermal,GASIMPOR,2029,1.6269829785105812e-06,0.011888325109857444,0.0007763593912976085,887.0,101778213.32931766,127036140.0,140637214011.0978,2.0938968490970293e-10,0.0,0.0
Thermal,GASIMPOR,2030,1.9110017941197403e-06,0.013945940178955438,0.0009021090609134064,887.0,101778213.32931766,127036140.0,119735289651.39551,2.459423785114953e-10,0.0,0.0
Thermal,GASIMPOR,2031,2.0928966514334743e-06,0.01526076770998907,0.0009818065188506538,887.0,101778213.32931766,127036140.0,109329026441.82553,2.6935190852052144e-10,0.0,0.0
Thermal,GASIMPOR,2032,39.185811244257245,277435.5441109703,15000.015260863946,887.0,101778213.32931766,127036140.0,5846.294400935809,0.0050431410640063784,0.0,0.0
Thermal,GASIMPOR,2033,2.4000856207305727e-06,0.017486345804519625,0.0011184439220878165,887.0,101778213.32931766,127036140.0,95335912756.7933,3.088865578305833e-10,0.0,0.0
Thermal,GASIMPOR,2034,2.2988550796044918e-06,0.016762490207833824,0.0010782284854984128,887.0,101778213.32931766,127036140.0,99534048655.84076,2.958583753667242e-10,0.0,0.0
Thermal,GASIMPOR,2035,380.0281597348515,2690599.3715922097,146491.87763613567,887.0,101778213.32931766,127036140.0,609.1784168374066,0.048908917717467866,0.0,0.0
Thermal,GASNACIO,2023,4206.346396611442,29780932.487924904,1966779.994913861,2140.0,387975882.69127166,306490800.0,172.17973673367402,0.22438155574464652,0.0,0.0
Thermal,GASNACIO,2024,3592.4161004951097,25434305.99141886,1680093.7014605827,2140.0,387975882.69127166,306490800.0,200.3946560042065,0.19163231876494202,0.0,0.0
Thermal,GASNACIO,2025,4072.0741562965613,28830285.026483417,1896410.6560715225,2140.0,387975882.69127166,306490800.0,177.6237219549002,0.21721899438273803,0.0,0.0
Thermal,GASNACIO,2026,4739.7710180117865,33557578.80740474,2194894.775665595,2140.0,387975882.69127166,306490800.0,153.59903647920612,0.2528363322030782,0.0,0.0
Thermal,GASNACIO,2027,4612.92168987479,32659485.564181693,2180328.8361445824,2140.0,387975882.69127166,306490800.0,157.62811882358014,0.2460697355158744,0.0,0.0
Thermal,GASNACIO,2028,3492.160423730361,24724495.799921706,1714176.7922868342,2140.0,387975882.69127166,306490800.0,205.94448456721997,0.18628432252221008,0.0,0.0
Thermal,GASNACIO,2029,2985.3559794060843,21136320.33407497,1507148.958831879,2140.0,387975882.69127166,306490800.0,239.7044131292211,0.15924956148412944,0.0,0.0
Thermal,GASNACIO,2030,3598.921475741117,25480364.047990594,1764098.7557370735,2140.0,387975882.69127166,306490800.0,200.04522232344772,0.1919793387392308,0.0,0.0
Thermal,GASNACIO,2031,4582.433590877852,32435971.08042994,2182171.059995216,2140.0,387975882.69127166,306490800.0,158.62808251465563,0.2444433913112838,0.0,0.0
Thermal,GASNACIO,2032,6138.6164652729685,43453745.83103752,2852811.4281758056,2140.0,387975882.69127166,306490800.0,120.20956720408105,0.32745574965182467,0.0,0.0
Thermal,GASNACIO,2033,8468.077949819586,59946333.14162506,3842078.02043905,2140.0,387975882.69127166,306490800.0,89.08904952262156,0.4517175537606999,0.0,0.0
Thermal,GASNACIO,2034,11503.199355816996,81396698.98187028,5146844.42929166,2140.0,387975882.69127166,306490800.0,67.44761676070574,0.6136217810255299,0.0,0.0
Thermal,GASNACIO,2035,13775.04945400031,97465026.56732555,6140566.401836492,2140.0,387975882.69127166,306490800.0,57.49029881185786,0.7348103878078088,0.0,0.0
pv_solar,Solar,2023,1398.2708643565816,1398270.8643565818,0.0,752.17,89831666.0385282,12012154.9,73.83554534005965,0.21221261375027087,0.0,0.0
pv_solar,Solar,2024,3485.4753307335304,3313764.096802416,0.0,1832.0700000000002,218880924.2599225,29245829.9,72.13952026560703,0.21717800724184766,0.0,0.0
pv_solar,Solar,2025,3690.7822333922095,3313764.096781164,0.0,1942.0699999999997,231060676.85834044,30849629.9,71.86120829766577,0.21694489527239888,0.0,0.0
pv_solar,Solar,2026,4093.2418791514365,3494119.0023417235,0.0,2160.0699999999997,255089952.694374,34037873.9,71.4890432171037,0.2163194038608251,0.0,0.0
pv_solar,Solar,2027,4332.144456188818,3494119.0023179664,0.0,2288.0699999999997,267215259.97101092,35634545.9,70.71415276461795,0.21613719789067595,0.0,0.0
pv_solar,Solar,2028,4571.047033483512,3494119.0022372263,0.0,2416.0699999999997,278428805.29782283,37111153.89999999,69.7945297572075,0.21597429796618425,0.0,0.0
pv_solar,Solar,2029,4800.6174790767855,3494119.0022150567,0.0,2539.0699999999997,288388971.70363474,38422702.9,68.80485584312194,0.21583323577472743,0.0,0.0
pv_solar,Solar,2030,5004.0579553799425,3494119.002268132,0.0,2648.0699999999997,296540660.14028865,39496134.9,67.85111544871731,0.2157191813748432,0.0,0.0
pv_solar,Solar,2031,5207.498431586102,3494119.00226589,0.0,2757.0699999999997,304092702.49732727,40490541.9,66.84156855205725,0.2156141451892597,0.0,0.0
pv_solar,Solar,2032,5377.343232864596,3494119.0022882414,0.0,2848.07,309952344.6590049,41262130.9,65.9635398375592,0.21553261233817483,0.0,0.0
pv_solar,Solar,2033,5524.790917374539,3494119.002246295,0.0,2927.0699999999997,314691195.3640199,41886151.9,65.17377248320871,0.21546594194107377,0.0,0.0
pv_solar,Solar,2034,5674.105028227836,3494119.0021822453,0.0,3007.0699999999997,319161639.51025474,42474791.9,64.35033341751101,0.21540199745961833,0.0,0.0
pv_solar,Solar,2035,5801.022022802856,3494119.002308403,0.0,3075.0699999999997,322721955.74671805,42943583.89999999,63.637003479373305,0.2153502606089412,0.0,0.0
