load_zone,timestamp,ZoneTotalCentralDispatch,ZoneTotalDistributedDispatch,TXPowerNet,zone_demand_mw,StorageNetCharge
Antioquia,2023_Q1_labor_0h,3875.23,0,-2781.45,1093.78,0
Antioquia,2023_Q1_labor_1h,3773.3,0,-2740.75,1032.55,0
Antioquia,2023_Q1_labor_2h,3710.96,0,-2713.69,997.272,0
Antioquia,2023_Q1_labor_3h,3664.68,0,-2692.41,972.263,0
Antioquia,2023_Q1_labor_4h,3641.36,0,-2681.11,960.252,0
Antioquia,2023_Q1_labor_5h,3669.68,0,-2694.62,975.055,0
Antioquia,2023_Q1_labor_6h,3738.68,0,-2723.51,1015.18,0
Antioquia,2023_Q1_labor_7h,3771.84,0,-2733.01,1038.83,0
Antioquia,2023_Q1_labor_8h,3870.29,0,-2768.76,1101.54,0
Antioquia,2023_Q1_labor_9h,3974.29,0,-2804.45,1169.83,0
Antioquia,2023_Q1_labor_10h,4037.25,0,-2824.89,1212.36,0
Antioquia,2023_Q1_labor_11h,4101.91,0,-2847.47,1254.44,0
Antioquia,2023_Q1_labor_12h,4156.27,0,-2868.38,1287.89,0
Antioquia,2023_Q1_labor_13h,4150.33,0,-2868.05,1282.28,0
Antioquia,2023_Q1_labor_14h,4159.33,0,-2874.25,1285.08,0
Antioquia,2023_Q1_labor_15h,4186.94,0,-2889.12,1297.82,0
Antioquia,2023_Q1_labor_16h,4187.17,0,-2892.25,1294.92,0
Antioquia,2023_Q1_labor_17h,4156.28,0,-2883.15,1273.13,0
Antioquia,2023_Q1_labor_18h,4116.25,0,-2867.83,1248.43,0
Antioquia,2023_Q1_labor_19h,4227.91,0,-2914.39,1313.53,0
Antioquia,2023_Q1_labor_20h,4253.79,0,-2925.89,1327.9,0
Antioquia,2023_Q1_labor_21h,4195.9,0,-2901.42,1294.47,0
Antioquia,2023_Q1_labor_22h,4102.73,0,-2864.57,1238.16,0
Antioquia,2023_Q1_labor_23h,3984.07,0,-2820.58,1163.49,0
Antioquia,2023_Q1_holidays_0h,3831.4,0,-2804.82,1026.58,0
Antioquia,2023_Q1_holidays_1h,3784.56,0,-2781.52,1003.05,0
Antioquia,2023_Q1_holidays_2h,3716.34,0,-2746.64,969.7,0
Antioquia,2023_Q1_holidays_3h,3659.02,0,-2716.74,942.278,0
Antioquia,2023_Q1_holidays_4h,3615.6,0,-2694.07,921.532,0
Antioquia,2023_Q1_holidays_5h,3591.5,0,-2681.16,910.347,0
Antioquia,2023_Q1_holidays_6h,3565.73,0,-2664.25,901.478,0
Antioquia,2023_Q1_holidays_7h,3490.37,0,-2616.65,873.72,0
Antioquia,2023_Q1_holidays_8h,3535.62,0,-2633.27,902.352,0
Antioquia,2023_Q1_holidays_9h,3632.33,0,-2678.17,954.16,0
Antioquia,2023_Q1_holidays_10h,3721.88,0,-2719.93,1001.94,0
Antioquia,2023_Q1_holidays_11h,3795.92,0,-2755.47,1040.45,0
Antioquia,2023_Q1_holidays_12h,3862.13,0,-2789.21,1072.92,0
Antioquia,2023_Q1_holidays_13h,3896.62,0,-2809.69,1086.92,0
Antioquia,2023_Q1_holidays_14h,3901.35,0,-2816.48,1084.86,0
Antioquia,2023_Q1_holidays_15h,3891.63,0,-2817.66,1073.97,0
Antioquia,2023_Q1_holidays_16h,3882.37,0,-2817.82,1064.56,0
Antioquia,2023_Q1_holidays_17h,3878.45,0,-2822.34,1056.11,0
Antioquia,2023_Q1_holidays_18h,3894.59,0,-2832.65,1061.94,0
Antioquia,2023_Q1_holidays_19h,4075.62,0,-2922.73,1152.89,0
Antioquia,2023_Q1_holidays_20h,4136.77,0,-2953.1,1183.66,0
Antioquia,2023_Q1_holidays_21h,4107.69,0,-2938.76,1168.93,0
Antioquia,2023_Q1_holidays_22h,4039.62,0,-2905.8,1133.82,0
Antioquia,2023_Q1_holidays_23h,3941.8,0,-2858.61,1083.19,0
Antioquia,2023_Q2_labor_0h,3680.24,0,-2594.61,1085.63,0
Antioquia,2023_Q2_labor_1h,3539.55,0,-2517.6,1021.94,0
Antioquia,2023_Q2_labor_2h,3451.05,0,-2463.3,987.747,0
Antioquia,2023_Q2_labor_3h,3385.07,0,-2421.68,963.386,0
Antioquia,2023_Q2_labor_4h,3353.98,0,-2401.62,952.367,0
Antioquia,2023_Q2_labor_5h,3410.15,0,-2437.73,972.424,0
Antioquia,2023_Q2_labor_6h,3525.96,0,-2505.41,1020.55,0
Antioquia,2023_Q2_labor_7h,3553.27,0,-2512.19,1041.08,0
Antioquia,2023_Q2_labor_8h,3677.78,0,-2575.2,1102.58,0
Antioquia,2023_Q2_labor_9h,3790.41,0,-2624.13,1166.28,0
Antioquia,2023_Q2_labor_10h,3852.3,0,-2645.79,1206.51,0
Antioquia,2023_Q2_labor_11h,3923.06,0,-2673.12,1249.94,0
Antioquia,2023_Q2_labor_12h,3978.58,0,-2695.88,1282.7,0
Antioquia,2023_Q2_labor_13h,3964.85,0,-2692.11,1272.74,0
Antioquia,2023_Q2_labor_14h,3981.23,0,-2701.94,1279.29,0
Antioquia,2023_Q2_labor_15h,4013.61,0,-2719.55,1294.07,0
Antioquia,2023_Q2_labor_16h,4019.65,0,-2726.16,1293.49,0
Antioquia,2023_Q2_labor_17h,3991.56,0,-2718.83,1272.73,0
Antioquia,2023_Q2_labor_18h,3938.38,0,-2698.61,1239.77,0
Antioquia,2023_Q2_labor_19h,4044.16,0,-2743.15,1301.01,0
Antioquia,2023_Q2_labor_20h,4091.83,0,-2764.36,1327.46,0
Antioquia,2023_Q2_labor_21h,4037.57,0,-2740.53,1297.04,0
Antioquia,2023_Q2_labor_22h,3935.78,0,-2698.36,1237.42,0
Antioquia,2023_Q2_labor_23h,3801.69,0,-2644.51,1157.18,0
Antioquia,2023_Q2_holidays_0h,3860.61,0,-2843.88,1016.73,0
Antioquia,2023_Q2_holidays_1h,3846.07,0,-2835.18,1010.89,0
Antioquia,2023_Q2_holidays_2h,3745.75,0,-2774.46,971.289,0
Antioquia,2023_Q2_holidays_3h,3665.98,0,-2725.08,940.901,0
Antioquia,2023_Q2_holidays_4h,3608.49,0,-2689.16,919.335,0
Antioquia,2023_Q2_holidays_5h,3581.75,0,-2672.84,908.912,0
Antioquia,2023_Q2_holidays_6h,3534.92,0,-2639.54,895.388,0
Antioquia,2023_Q2_holidays_7h,3427.36,0,-2551.09,876.277,0
Antioquia,2023_Q2_holidays_8h,3516.81,0,-2602.73,914.074,0
Antioquia,2023_Q2_holidays_9h,3649.63,0,-2686.51,963.115,0
Antioquia,2023_Q2_holidays_10h,3754.28,0,-2745.86,1008.42,0
Antioquia,2023_Q2_holidays_11h,3843.27,0,-2797.73,1045.53,0
Antioquia,2023_Q2_holidays_12h,3920.76,0,-2844.72,1076.04,0
Antioquia,2023_Q2_holidays_13h,3959.83,0,-2870.4,1089.43,0
Antioquia,2023_Q2_holidays_14h,3971.39,0,-2882.66,1088.74,0
Antioquia,2023_Q2_holidays_15h,3954.4,0,-2880.02,1074.39,0
Antioquia,2023_Q2_holidays_16h,3941.69,0,-2878.4,1063.29,0
Antioquia,2023_Q2_holidays_17h,3935.35,0,-2881.06,1054.29,0
Antioquia,2023_Q2_holidays_18h,3945.81,0,-2889.49,1056.32,0
Antioquia,2023_Q2_holidays_19h,4140.5,0,-2997.02,1143.48,0
Antioquia,2023_Q2_holidays_20h,4220.62,0,-3038.15,1182.47,0
Antioquia,2023_Q2_holidays_21h,4189.51,0,-3021.77,1167.74,0
Antioquia,2023_Q2_holidays_22h,4111.3,0,-2981.39,1129.91,0
Antioquia,2023_Q2_holidays_23h,3993.33,0,-2917.52,1075.81,0
Antioquia,2023_Q3_labor_0h,3698.92,0,-2573.56,1125.36,0
Antioquia,2023_Q3_labor_1h,3557.56,0,-2497.08,1060.48,0
Antioquia,2023_Q3_labor_2h,3460.85,0,-2437.32,1023.53,0
Antioquia,2023_Q3_labor_3h,3392.96,0,-2395.78,997.183,0
Antioquia,2023_Q3_labor_4h,3361,0,-2376.33,984.67,0
Antioquia,2023_Q3_labor_5h,3400.74,0,-2400.32,1000.42,0
Antioquia,2023_Q3_labor_6h,3484.49,0,-2447.5,1036.99,0
Antioquia,2023_Q3_labor_7h,3520.71,0,-2460.15,1060.56,0
Antioquia,2023_Q3_labor_8h,3664.49,0,-2536.86,1127.63,0
Antioquia,2023_Q3_labor_9h,3788.05,0,-2594.18,1193.87,0
Antioquia,2023_Q3_labor_10h,3865.63,0,-2629.15,1236.48,0
Antioquia,2023_Q3_labor_11h,3954.58,0,-2672.28,1282.3,0
Antioquia,2023_Q3_labor_12h,4026.22,0,-2709.75,1316.46,0
Antioquia,2023_Q3_labor_13h,4018.02,0,-2708.92,1309.11,0
Antioquia,2023_Q3_labor_14h,4042.81,0,-2726.76,1316.05,0
Antioquia,2023_Q3_labor_15h,4085.67,0,-2754.93,1330.74,0
Antioquia,2023_Q3_labor_16h,4090.91,0,-2763.41,1327.51,0
Antioquia,2023_Q3_labor_17h,4063.13,0,-2755.43,1307.7,0
Antioquia,2023_Q3_labor_18h,3993.59,0,-2722.61,1270.98,0
Antioquia,2023_Q3_labor_19h,4093.63,0,-2772.17,1321.46,0
Antioquia,2023_Q3_labor_20h,4170.71,0,-2811,1359.72,0
Antioquia,2023_Q3_labor_21h,4119.25,0,-2785.13,1334.11,0
Antioquia,2023_Q3_labor_22h,4007.49,0,-2729.96,1277.53,0
Antioquia,2023_Q3_labor_23h,3851.7,0,-2652.32,1199.38,0
Antioquia,2023_Q3_holidays_0h,3787.54,0,-2737.2,1050.34,0
Antioquia,2023_Q3_holidays_1h,3757.83,0,-2719.41,1038.41,0
Antioquia,2023_Q3_holidays_2h,3659.26,0,-2658.77,1000.49,0
Antioquia,2023_Q3_holidays_3h,3580.74,0,-2610.74,970.004,0
Antioquia,2023_Q3_holidays_4h,3521.69,0,-2574.66,947.031,0
Antioquia,2023_Q3_holidays_5h,3488.67,0,-2554.3,934.365,0
Antioquia,2023_Q3_holidays_6h,3441.17,0,-2521.98,919.195,0
Antioquia,2023_Q3_holidays_7h,3363.56,0,-2466.09,897.468,0
Antioquia,2023_Q3_holidays_8h,3437.06,0,-2501.32,935.741,0
Antioquia,2023_Q3_holidays_9h,3539.2,0,-2555.12,984.078,0
Antioquia,2023_Q3_holidays_10h,3630.28,0,-2604.68,1025.59,0
Antioquia,2023_Q3_holidays_11h,3710.68,0,-2651.01,1059.68,0
Antioquia,2023_Q3_holidays_12h,3789.45,0,-2701.22,1088.22,0
Antioquia,2023_Q3_holidays_13h,3842.81,0,-2737.86,1104.95,0
Antioquia,2023_Q3_holidays_14h,3862.61,0,-2756.6,1106.01,0
Antioquia,2023_Q3_holidays_15h,3848.56,0,-2756.06,1092.5,0
Antioquia,2023_Q3_holidays_16h,3836.94,0,-2756.43,1080.52,0
Antioquia,2023_Q3_holidays_17h,3832.53,0,-2761.03,1071.5,0
Antioquia,2023_Q3_holidays_18h,3839.91,0,-2767.24,1072.67,0
Antioquia,2023_Q3_holidays_19h,4042.86,0,-2891.58,1151.28,0
Antioquia,2023_Q3_holidays_20h,4174.87,0,-2971.96,1202.91,0
Antioquia,2023_Q3_holidays_21h,4146.6,0,-2955.33,1191.27,0
Antioquia,2023_Q3_holidays_22h,4067.5,0,-2907.69,1159.81,0
Antioquia,2023_Q3_holidays_23h,3933.08,0,-2825.33,1107.75,0
Antioquia,2023_Q4_labor_0h,4041.18,0,-2864.76,1176.42,0
Antioquia,2023_Q4_labor_1h,3899.24,0,-2789.71,1109.54,0
Antioquia,2023_Q4_labor_2h,3811.08,0,-2739.47,1071.61,0
Antioquia,2023_Q4_labor_3h,3743.62,0,-2698.27,1045.35,0
Antioquia,2023_Q4_labor_4h,3708.95,0,-2676.46,1032.49,0
Antioquia,2023_Q4_labor_5h,3753,0,-2703.69,1049.31,0
Antioquia,2023_Q4_labor_6h,3840.56,0,-2753.31,1087.25,0
Antioquia,2023_Q4_labor_7h,3880.78,0,-2768.45,1112.33,0
Antioquia,2023_Q4_labor_8h,4008.15,0,-2827.03,1181.12,0
Antioquia,2023_Q4_labor_9h,4138.2,0,-2890,1248.21,0
Antioquia,2023_Q4_labor_10h,4225.6,0,-2933.69,1291.9,0
Antioquia,2023_Q4_labor_11h,4328.85,0,-2990.98,1337.87,0
Antioquia,2023_Q4_labor_12h,4404.69,0,-3033.1,1371.58,0
Antioquia,2023_Q4_labor_13h,4400.38,0,-3034.48,1365.9,0
Antioquia,2023_Q4_labor_14h,4424.22,0,-3050.36,1373.85,0
Antioquia,2023_Q4_labor_15h,4463.57,0,-3074.58,1388.99,0
Antioquia,2023_Q4_labor_16h,4466.35,0,-3080.28,1386.07,0
Antioquia,2023_Q4_labor_17h,4440.93,0,-3073.2,1367.73,0
Antioquia,2023_Q4_labor_18h,4414.63,0,-3061.7,1352.94,0
Antioquia,2023_Q4_labor_19h,4538.22,0,-3118.6,1419.62,0
Antioquia,2023_Q4_labor_20h,4534.63,0,-3117.34,1417.29,0
Antioquia,2023_Q4_labor_21h,4479.7,0,-3092.5,1387.2,0
Antioquia,2023_Q4_labor_22h,4373.09,0,-3043.58,1329.51,0
Antioquia,2023_Q4_labor_23h,4212.89,0,-2962.15,1250.74,0
Antioquia,2023_Q4_holidays_0h,4193.5,0,-3100.13,1093.37,0
Antioquia,2023_Q4_holidays_1h,4139.67,0,-3069.13,1070.54,0
Antioquia,2023_Q4_holidays_2h,4013.32,0,-2980.88,1032.44,0
Antioquia,2023_Q4_holidays_3h,3904.76,0,-2904.26,1000.5,0
Antioquia,2023_Q4_holidays_4h,3808.97,0,-2836.42,972.546,0
Antioquia,2023_Q4_holidays_5h,3768.73,0,-2808.1,960.625,0
Antioquia,2023_Q4_holidays_6h,3704.3,0,-2758.31,945.987,0
Antioquia,2023_Q4_holidays_7h,3596.78,0,-2670.7,926.082,0
Antioquia,2023_Q4_holidays_8h,3690.69,0,-2726.88,963.802,0
Antioquia,2023_Q4_holidays_9h,3827.44,0,-2813.3,1014.14,0
Antioquia,2023_Q4_holidays_10h,3955.67,0,-2895.64,1060.04,0
Antioquia,2023_Q4_holidays_11h,4080.94,0,-2979.61,1101.33,0
Antioquia,2023_Q4_holidays_12h,4201.81,0,-3066.71,1135.1,0
Antioquia,2023_Q4_holidays_13h,4264.44,0,-3113.09,1151.34,0
Antioquia,2023_Q4_holidays_14h,4276.68,0,-3125.38,1151.3,0
Antioquia,2023_Q4_holidays_15h,4262.61,0,-3124.35,1138.26,0
Antioquia,2023_Q4_holidays_16h,4256.73,0,-3126.48,1130.25,0
Antioquia,2023_Q4_holidays_17h,4250.86,0,-3128.55,1122.31,0
Antioquia,2023_Q4_holidays_18h,4297.97,0,-3154.59,1143.38,0
Antioquia,2023_Q4_holidays_19h,4492.61,0,-3253.35,1239.26,0
Antioquia,2023_Q4_holidays_20h,4526.67,0,-3269.38,1257.29,0
Antioquia,2023_Q4_holidays_21h,4499.06,0,-3257.07,1241.99,0
Antioquia,2023_Q4_holidays_22h,4434.01,0,-3226.29,1207.72,0
Antioquia,2023_Q4_holidays_23h,4324.87,0,-3170.32,1154.55,0
Nordeste,2023_Q1_labor_0h,1251.9,0,-288.213,963.686,0
Nordeste,2023_Q1_labor_1h,1212.15,0,-302.413,909.738,0
Nordeste,2023_Q1_labor_2h,1189.96,0,-311.306,878.656,0
Nordeste,2023_Q1_labor_3h,1174.76,0,-318.142,856.623,0
Nordeste,2023_Q1_labor_4h,1167.53,0,-321.486,846.041,0
Nordeste,2023_Q1_labor_5h,1175.82,0,-316.737,859.082,0
Nordeste,2023_Q1_labor_6h,1199.71,0,-305.273,894.435,0
Nordeste,2023_Q1_labor_7h,1212.55,0,-297.274,915.272,0
Nordeste,2023_Q1_labor_8h,1250.2,0,-279.678,970.522,0
Nordeste,2023_Q1_labor_9h,1292.87,0,-262.171,1030.69,0
Nordeste,2023_Q1_labor_10h,1319.3,0,-251.139,1068.16,0
Nordeste,2023_Q1_labor_11h,1346.16,0,-240.924,1105.24,0
Nordeste,2023_Q1_labor_12h,1368.03,0,-233.32,1134.71,0
Nordeste,2023_Q1_labor_13h,1365.22,0,-235.458,1129.76,0
Nordeste,2023_Q1_labor_14h,1368.74,0,-236.508,1132.23,0
Nordeste,2023_Q1_labor_15h,1379.01,0,-235.556,1143.46,0
Nordeste,2023_Q1_labor_16h,1378.85,0,-237.948,1140.9,0
Nordeste,2023_Q1_labor_17h,1367.16,0,-245.459,1121.7,0
Nordeste,2023_Q1_labor_18h,1352.68,0,-252.741,1099.94,0
Nordeste,2023_Q1_labor_19h,1392.42,0,-235.127,1157.3,0
Nordeste,2023_Q1_labor_20h,1400.94,0,-230.979,1169.96,0
Nordeste,2023_Q1_labor_21h,1381.88,0,-241.364,1140.51,0
Nordeste,2023_Q1_labor_22h,1347.15,0,-256.256,1090.9,0
Nordeste,2023_Q1_labor_23h,1297.99,0,-272.891,1025.1,0
Nordeste,2023_Q1_holidays_0h,1145.54,0,-241.066,904.477,0
Nordeste,2023_Q1_holidays_1h,1130.67,0,-246.922,883.747,0
Nordeste,2023_Q1_holidays_2h,1109.19,0,-254.83,854.363,0
Nordeste,2023_Q1_holidays_3h,1091.05,0,-260.843,830.205,0
Nordeste,2023_Q1_holidays_4h,1077.29,0,-265.37,811.923,0
Nordeste,2023_Q1_holidays_5h,1069.39,0,-267.321,802.072,0
Nordeste,2023_Q1_holidays_6h,1062.96,0,-268.707,794.256,0
Nordeste,2023_Q1_holidays_7h,1042.07,0,-272.266,769.801,0
Nordeste,2023_Q1_holidays_8h,1058.33,0,-263.302,795.028,0
Nordeste,2023_Q1_holidays_9h,1090.22,0,-249.554,840.671,0
Nordeste,2023_Q1_holidays_10h,1120.21,0,-237.436,882.774,0
Nordeste,2023_Q1_holidays_11h,1144.08,0,-227.375,916.702,0
Nordeste,2023_Q1_holidays_12h,1164.8,0,-219.499,945.303,0
Nordeste,2023_Q1_holidays_13h,1174.3,0,-216.652,957.646,0
Nordeste,2023_Q1_holidays_14h,1174.57,0,-218.739,955.831,0
Nordeste,2023_Q1_holidays_15h,1169.81,0,-223.571,946.235,0
Nordeste,2023_Q1_holidays_16h,1165.56,0,-227.62,937.94,0
Nordeste,2023_Q1_holidays_17h,1162.04,0,-231.543,930.5,0
Nordeste,2023_Q1_holidays_18h,1166.47,0,-230.838,935.631,0
Nordeste,2023_Q1_holidays_19h,1219.35,0,-203.582,1015.76,0
Nordeste,2023_Q1_holidays_20h,1236.07,0,-193.192,1042.88,0
Nordeste,2023_Q1_holidays_21h,1228.45,0,-198.552,1029.9,0
Nordeste,2023_Q1_holidays_22h,1209.23,0,-210.272,998.963,0
Nordeste,2023_Q1_holidays_23h,1179.71,0,-225.351,954.355,0
Nordeste,2023_Q2_labor_0h,1528.09,0,-571.584,956.503,0
Nordeste,2023_Q2_labor_1h,1454.97,0,-554.57,900.395,0
Nordeste,2023_Q2_labor_2h,1403.15,0,-532.881,870.266,0
Nordeste,2023_Q2_labor_3h,1366.43,0,-517.625,848.802,0
Nordeste,2023_Q2_labor_4h,1350.1,0,-511.011,839.093,0
Nordeste,2023_Q2_labor_5h,1378.67,0,-521.91,856.764,0
Nordeste,2023_Q2_labor_6h,1442.72,0,-543.557,899.164,0
Nordeste,2023_Q2_labor_7h,1453.44,0,-536.184,917.258,0
Nordeste,2023_Q2_labor_8h,1518.25,0,-546.812,971.438,0
Nordeste,2023_Q2_labor_9h,1565.76,0,-538.196,1027.56,0
Nordeste,2023_Q2_labor_10h,1586,0,-522.988,1063.01,0
Nordeste,2023_Q2_labor_11h,1605.59,0,-504.318,1101.27,0
Nordeste,2023_Q2_labor_12h,1619.33,0,-489.193,1130.14,0
Nordeste,2023_Q2_labor_13h,1615.62,0,-494.254,1121.36,0
Nordeste,2023_Q2_labor_14h,1618.68,0,-491.549,1127.14,0
Nordeste,2023_Q2_labor_15h,1623.21,0,-483.055,1140.15,0
Nordeste,2023_Q2_labor_16h,1622.58,0,-482.938,1139.64,0
Nordeste,2023_Q2_labor_17h,1616.17,0,-494.818,1121.35,0
Nordeste,2023_Q2_labor_18h,1603.52,0,-511.21,1092.31,0
Nordeste,2023_Q2_labor_19h,1625.41,0,-479.142,1146.27,0
Nordeste,2023_Q2_labor_20h,1633.62,0,-464.042,1169.58,0
Nordeste,2023_Q2_labor_21h,1623.85,0,-481.082,1142.77,0
Nordeste,2023_Q2_labor_22h,1601.66,0,-511.418,1090.24,0
Nordeste,2023_Q2_labor_23h,1566.62,0,-547.076,1019.54,0
Nordeste,2023_Q2_holidays_0h,1348.74,0,-452.941,895.8,0
Nordeste,2023_Q2_holidays_1h,1346.33,0,-455.672,890.654,0
Nordeste,2023_Q2_holidays_2h,1323.72,0,-467.959,855.764,0
Nordeste,2023_Q2_holidays_3h,1303.29,0,-474.298,828.992,0
Nordeste,2023_Q2_holidays_4h,1286.66,0,-476.672,809.989,0
Nordeste,2023_Q2_holidays_5h,1278.4,0,-477.598,800.806,0
Nordeste,2023_Q2_holidays_6h,1265.75,0,-476.86,788.889,0
Nordeste,2023_Q2_holidays_7h,1213.12,0,-441.072,772.052,0
Nordeste,2023_Q2_holidays_8h,1251.26,0,-445.905,805.354,0
Nordeste,2023_Q2_holidays_9h,1304.31,0,-455.75,848.563,0
Nordeste,2023_Q2_holidays_10h,1331.91,0,-443.425,888.48,0
Nordeste,2023_Q2_holidays_11h,1353.41,0,-432.235,921.179,0
Nordeste,2023_Q2_holidays_12h,1370.29,0,-422.229,948.056,0
Nordeste,2023_Q2_holidays_13h,1378.02,0,-418.166,959.853,0
Nordeste,2023_Q2_holidays_14h,1377.92,0,-418.678,959.245,0
Nordeste,2023_Q2_holidays_15h,1370.63,0,-424.028,946.598,0
Nordeste,2023_Q2_holidays_16h,1366.72,0,-429.894,936.822,0
Nordeste,2023_Q2_holidays_17h,1363.62,0,-434.727,928.888,0
Nordeste,2023_Q2_holidays_18h,1365.95,0,-435.271,930.682,0
Nordeste,2023_Q2_holidays_19h,1399.41,0,-391.939,1007.47,0
Nordeste,2023_Q2_holidays_20h,1411.03,0,-369.201,1041.82,0
Nordeste,2023_Q2_holidays_21h,1408.24,0,-379.392,1028.85,0
Nordeste,2023_Q2_holidays_22h,1396.56,0,-401.036,995.523,0
Nordeste,2023_Q2_holidays_23h,1377.03,0,-429.183,947.851,0
Nordeste,2023_Q3_labor_0h,1530.01,0,-538.502,991.508,0
Nordeste,2023_Q3_labor_1h,1462.88,0,-528.533,934.347,0
Nordeste,2023_Q3_labor_2h,1389.73,0,-487.94,901.792,0
Nordeste,2023_Q3_labor_3h,1342.81,0,-464.229,878.579,0
Nordeste,2023_Q3_labor_4h,1323.02,0,-455.47,867.555,0
Nordeste,2023_Q3_labor_5h,1346.67,0,-465.24,881.426,0
Nordeste,2023_Q3_labor_6h,1402.82,0,-489.169,913.646,0
Nordeste,2023_Q3_labor_7h,1426.1,0,-491.681,934.421,0
Nordeste,2023_Q3_labor_8h,1520.44,0,-526.933,993.51,0
Nordeste,2023_Q3_labor_9h,1572.4,0,-520.525,1051.87,0
Nordeste,2023_Q3_labor_10h,1600.88,0,-511.469,1089.41,0
Nordeste,2023_Q3_labor_11h,1627.56,0,-497.776,1129.79,0
Nordeste,2023_Q3_labor_12h,1643.77,0,-483.881,1159.88,0
Nordeste,2023_Q3_labor_13h,1640.72,0,-487.313,1153.4,0
Nordeste,2023_Q3_labor_14h,1644.12,0,-484.6,1159.52,0
Nordeste,2023_Q3_labor_15h,1650.08,0,-477.616,1172.46,0
Nordeste,2023_Q3_labor_16h,1648.07,0,-478.458,1169.62,0
Nordeste,2023_Q3_labor_17h,1640.2,0,-488.033,1152.16,0
Nordeste,2023_Q3_labor_18h,1624.46,0,-504.652,1119.81,0
Nordeste,2023_Q3_labor_19h,1646.18,0,-481.896,1164.29,0
Nordeste,2023_Q3_labor_20h,1659.93,0,-461.933,1197.99,0
Nordeste,2023_Q3_labor_21h,1650.94,0,-475.509,1175.44,0
Nordeste,2023_Q3_labor_22h,1628,0,-502.414,1125.58,0
Nordeste,2023_Q3_labor_23h,1585.25,0,-528.52,1056.73,0
Nordeste,2023_Q3_holidays_0h,1285.74,0,-360.333,925.412,0
Nordeste,2023_Q3_holidays_1h,1275.7,0,-360.799,914.905,0
Nordeste,2023_Q3_holidays_2h,1244.38,0,-362.891,881.493,0
Nordeste,2023_Q3_holidays_3h,1218.29,0,-363.656,854.632,0
Nordeste,2023_Q3_holidays_4h,1199.43,0,-365.035,834.392,0
Nordeste,2023_Q3_holidays_5h,1189.26,0,-366.025,823.234,0
Nordeste,2023_Q3_holidays_6h,1176.84,0,-366.969,809.868,0
Nordeste,2023_Q3_holidays_7h,1158.37,0,-367.644,790.723,0
Nordeste,2023_Q3_holidays_8h,1182.64,0,-358.196,824.445,0
Nordeste,2023_Q3_holidays_9h,1215,0,-347.969,867.033,0
Nordeste,2023_Q3_holidays_10h,1244.8,0,-341.194,903.609,0
Nordeste,2023_Q3_holidays_11h,1270.32,0,-336.684,933.639,0
Nordeste,2023_Q3_holidays_12h,1293.83,0,-335.037,958.793,0
Nordeste,2023_Q3_holidays_13h,1309.67,0,-336.144,973.529,0
Nordeste,2023_Q3_holidays_14h,1313.97,0,-339.509,974.464,0
Nordeste,2023_Q3_holidays_15h,1307.42,0,-344.866,962.558,0
Nordeste,2023_Q3_holidays_16h,1301.8,0,-349.794,952.003,0
Nordeste,2023_Q3_holidays_17h,1298.84,0,-354.786,944.052,0
Nordeste,2023_Q3_holidays_18h,1301.28,0,-356.195,945.089,0
Nordeste,2023_Q3_holidays_19h,1357.25,0,-342.907,1014.35,0
Nordeste,2023_Q3_holidays_20h,1384.11,0,-324.271,1059.84,0
Nordeste,2023_Q3_holidays_21h,1377.59,0,-328.011,1049.58,0
Nordeste,2023_Q3_holidays_22h,1361.99,0,-340.133,1021.86,0
Nordeste,2023_Q3_holidays_23h,1329.55,0,-353.564,975.989,0
Nordeste,2023_Q4_labor_0h,1590.8,0,-554.305,1036.5,0
Nordeste,2023_Q4_labor_1h,1543.7,0,-566.129,977.568,0
Nordeste,2023_Q4_labor_2h,1507.25,0,-563.099,944.155,0
Nordeste,2023_Q4_labor_3h,1474.77,0,-553.749,921.019,0
Nordeste,2023_Q4_labor_4h,1457.97,0,-548.288,909.687,0
Nordeste,2023_Q4_labor_5h,1480.38,0,-555.868,924.508,0
Nordeste,2023_Q4_labor_6h,1522.41,0,-564.473,957.934,0
Nordeste,2023_Q4_labor_7h,1540.42,0,-560.386,980.031,0
Nordeste,2023_Q4_labor_8h,1584.08,0,-543.443,1040.63,0
Nordeste,2023_Q4_labor_9h,1627.35,0,-527.609,1099.75,0
Nordeste,2023_Q4_labor_10h,1653.62,0,-515.38,1138.24,0
Nordeste,2023_Q4_labor_11h,1681.22,0,-502.474,1178.75,0
Nordeste,2023_Q4_labor_12h,1695.02,0,-486.572,1208.45,0
Nordeste,2023_Q4_labor_13h,1692.39,0,-488.949,1203.44,0
Nordeste,2023_Q4_labor_14h,1693.65,0,-483.204,1210.45,0
Nordeste,2023_Q4_labor_15h,1696.75,0,-472.963,1223.79,0
Nordeste,2023_Q4_labor_16h,1694.51,0,-473.296,1221.21,0
Nordeste,2023_Q4_labor_17h,1688.23,0,-483.182,1205.05,0
Nordeste,2023_Q4_labor_18h,1683.94,0,-491.922,1192.02,0
Nordeste,2023_Q4_labor_19h,1701.33,0,-450.561,1250.77,0
Nordeste,2023_Q4_labor_20h,1700.71,0,-451.986,1248.72,0
Nordeste,2023_Q4_labor_21h,1693.04,0,-470.836,1222.21,0
Nordeste,2023_Q4_labor_22h,1676.57,0,-505.192,1171.38,0
Nordeste,2023_Q4_labor_23h,1644.78,0,-542.809,1101.98,0
Nordeste,2023_Q4_holidays_0h,1649.75,0,-686.43,963.322,0
Nordeste,2023_Q4_holidays_1h,1639.76,0,-696.55,943.21,0
Nordeste,2023_Q4_holidays_2h,1598.85,0,-689.21,909.643,0
Nordeste,2023_Q4_holidays_3h,1551.22,0,-669.724,881.499,0
Nordeste,2023_Q4_holidays_4h,1501.19,0,-644.322,856.872,0
Nordeste,2023_Q4_holidays_5h,1477.99,0,-631.626,846.368,0
Nordeste,2023_Q4_holidays_6h,1441.06,0,-607.592,833.472,0
Nordeste,2023_Q4_holidays_7h,1377.4,0,-561.469,815.934,0
Nordeste,2023_Q4_holidays_8h,1426.93,0,-577.761,849.169,0
Nordeste,2023_Q4_holidays_9h,1503.33,0,-609.808,893.518,0
Nordeste,2023_Q4_holidays_10h,1568.57,0,-634.615,933.955,0
Nordeste,2023_Q4_holidays_11h,1620.75,0,-650.417,970.338,0
Nordeste,2023_Q4_holidays_12h,1658.41,0,-658.319,1000.09,0
Nordeste,2023_Q4_holidays_13h,1671.61,0,-657.208,1014.4,0
Nordeste,2023_Q4_holidays_14h,1671.9,0,-657.543,1014.36,0
Nordeste,2023_Q4_holidays_15h,1666.83,0,-663.956,1002.88,0
Nordeste,2023_Q4_holidays_16h,1663.69,0,-667.873,995.814,0
Nordeste,2023_Q4_holidays_17h,1660.8,0,-671.977,988.827,0
Nordeste,2023_Q4_holidays_18h,1669.48,0,-662.091,1007.38,0
Nordeste,2023_Q4_holidays_19h,1695.11,0,-603.248,1091.86,0
Nordeste,2023_Q4_holidays_20h,1698.67,0,-590.924,1107.75,0
Nordeste,2023_Q4_holidays_21h,1695.58,0,-601.314,1094.27,0
Nordeste,2023_Q4_holidays_22h,1687.76,0,-623.684,1064.07,0
Nordeste,2023_Q4_holidays_23h,1672.23,0,-655,1017.23,0
Oriental,2023_Q1_labor_0h,1047.38,0,1109.49,2156.87,0
Oriental,2023_Q1_labor_1h,910.243,0,1125.88,2036.12,0
Oriental,2023_Q1_labor_2h,834.644,0,1131.92,1966.56,0
Oriental,2023_Q1_labor_3h,783.203,0,1134.04,1917.25,0
Oriental,2023_Q1_labor_4h,759.048,0,1134.51,1893.56,0
Oriental,2023_Q1_labor_5h,787.792,0,1134.96,1922.75,0
Oriental,2023_Q1_labor_6h,870.877,0,1131,2001.87,0
Oriental,2023_Q1_labor_7h,918.845,0,1129.67,2048.51,0
Oriental,2023_Q1_labor_8h,1053.19,0,1118.98,2172.17,0
Oriental,2023_Q1_labor_9h,1203.54,0,1103.3,2306.84,0
Oriental,2023_Q1_labor_10h,1297.63,0,1093.07,2390.71,0
Oriental,2023_Q1_labor_11h,1392.82,0,1080.86,2473.68,0
Oriental,2023_Q1_labor_12h,1471.07,0,1068.57,2539.64,0
Oriental,2023_Q1_labor_13h,1460.85,0,1067.73,2528.58,0
Oriental,2023_Q1_labor_14h,1472.28,0,1061.82,2534.1,0
Oriental,2023_Q1_labor_15h,1508.12,0,1051.1,2559.22,0
Oriental,2023_Q1_labor_16h,1505.57,0,1047.94,2553.51,0
Oriental,2023_Q1_labor_17h,1460.59,0,1049.95,2510.54,0
Oriental,2023_Q1_labor_18h,1406.25,0,1055.57,2461.83,0
Oriental,2023_Q1_labor_19h,1557.45,0,1032.75,2590.19,0
Oriental,2023_Q1_labor_20h,1590.57,0,1027.98,2618.55,0
Oriental,2023_Q1_labor_21h,1513.7,0,1038.93,2552.63,0
Oriental,2023_Q1_labor_22h,1382.64,0,1058.94,2441.58,0
Oriental,2023_Q1_labor_23h,1208.14,0,1086.19,2294.33,0
Oriental,2023_Q1_holidays_0h,990.297,0,1034.06,2024.35,0
Oriental,2023_Q1_holidays_1h,937.726,0,1040.23,1977.95,0
Oriental,2023_Q1_holidays_2h,864.807,0,1047.38,1912.19,0
Oriental,2023_Q1_holidays_3h,806.886,0,1051.24,1858.12,0
Oriental,2023_Q1_holidays_4h,764.857,0,1052.34,1817.2,0
Oriental,2023_Q1_holidays_5h,742.819,0,1052.33,1795.15,0
Oriental,2023_Q1_holidays_6h,725.887,0,1051.77,1777.66,0
Oriental,2023_Q1_holidays_7h,675.862,0,1047.06,1722.93,0
Oriental,2023_Q1_holidays_8h,728.785,0,1050.6,1779.38,0
Oriental,2023_Q1_holidays_9h,827.632,0,1053.91,1881.55,0
Oriental,2023_Q1_holidays_10h,922.391,0,1053.38,1975.77,0
Oriental,2023_Q1_holidays_11h,1002.05,0,1049.66,2051.71,0
Oriental,2023_Q1_holidays_12h,1073.44,0,1042.29,2115.73,0
Oriental,2023_Q1_holidays_13h,1107.35,0,1036,2143.35,0
Oriental,2023_Q1_holidays_14h,1106.84,0,1032.45,2139.29,0
Oriental,2023_Q1_holidays_15h,1087.38,0,1030.43,2117.81,0
Oriental,2023_Q1_holidays_16h,1070.29,0,1028.95,2099.24,0
Oriental,2023_Q1_holidays_17h,1056.3,0,1026.3,2082.59,0
Oriental,2023_Q1_holidays_18h,1073.68,0,1020.39,2094.08,0
Oriental,2023_Q1_holidays_19h,1289.53,0,983.894,2273.43,0
Oriental,2023_Q1_holidays_20h,1363.73,0,970.38,2334.11,0
Oriental,2023_Q1_holidays_21h,1328.1,0,976.955,2305.06,0
Oriental,2023_Q1_holidays_22h,1243.33,0,992.498,2235.82,0
Oriental,2023_Q1_holidays_23h,1121.05,0,1014.93,2135.98,0
Oriental,2023_Q2_labor_0h,1030.25,0,1110.55,2140.79,0
Oriental,2023_Q2_labor_1h,870.822,0,1144.39,2015.21,0
Oriental,2023_Q2_labor_2h,786.668,0,1161.11,1947.78,0
Oriental,2023_Q2_labor_3h,730.554,0,1169.19,1899.74,0
Oriental,2023_Q2_labor_4h,706.311,0,1171.7,1878.01,0
Oriental,2023_Q2_labor_5h,751.581,0,1165.98,1917.56,0
Oriental,2023_Q2_labor_6h,861.643,0,1150.82,2012.46,0
Oriental,2023_Q2_labor_7h,899.806,0,1153.15,2052.96,0
Oriental,2023_Q2_labor_8h,1047.45,0,1126.77,2174.22,0
Oriental,2023_Q2_labor_9h,1197.35,0,1102.49,2299.83,0
Oriental,2023_Q2_labor_10h,1286.44,0,1092.73,2379.17,0
Oriental,2023_Q2_labor_11h,1386.57,0,1078.23,2464.8,0
Oriental,2023_Q2_labor_12h,1465.48,0,1063.94,2529.41,0
Oriental,2023_Q2_labor_13h,1443.54,0,1066.23,2509.77,0
Oriental,2023_Q2_labor_14h,1463.97,0,1058.72,2522.69,0
Oriental,2023_Q2_labor_15h,1506.63,0,1045.2,2551.83,0
Oriental,2023_Q2_labor_16h,1510.03,0,1040.65,2550.68,0
Oriental,2023_Q2_labor_17h,1463.48,0,1046.27,2509.75,0
Oriental,2023_Q2_labor_18h,1385.14,0,1059.62,2444.76,0
Oriental,2023_Q2_labor_19h,1535.68,0,1029.84,2565.51,0
Oriental,2023_Q2_labor_20h,1600.84,0,1016.84,2617.68,0
Oriental,2023_Q2_labor_21h,1527.03,0,1030.65,2557.68,0
Oriental,2023_Q2_labor_22h,1381.55,0,1058.57,2440.12,0
Oriental,2023_Q2_labor_23h,1189.63,0,1092.26,2281.89,0
Oriental,2023_Q2_holidays_0h,863.633,0,1141.3,2004.93,0
Oriental,2023_Q2_holidays_1h,850.737,0,1142.68,1993.41,0
Oriental,2023_Q2_holidays_2h,770.536,0,1144.79,1915.32,0
Oriental,2023_Q2_holidays_3h,715.296,0,1140.1,1855.4,0
Oriental,2023_Q2_holidays_4h,678.892,0,1133.98,1812.87,0
Oriental,2023_Q2_holidays_5h,661.578,0,1130.74,1792.32,0
Oriental,2023_Q2_holidays_6h,642.412,0,1123.24,1765.65,0
Oriental,2023_Q2_holidays_7h,605.518,0,1122.45,1727.96,0
Oriental,2023_Q2_holidays_8h,669.736,0,1132.76,1802.5,0
Oriental,2023_Q2_holidays_9h,761.286,0,1137.92,1899.21,0
Oriental,2023_Q2_holidays_10h,841.108,0,1147.44,1988.55,0
Oriental,2023_Q2_holidays_11h,911.469,0,1150.26,2061.73,0
Oriental,2023_Q2_holidays_12h,974.061,0,1147.83,2121.89,0
Oriental,2023_Q2_holidays_13h,1004.28,0,1144.01,2148.29,0
Oriental,2023_Q2_holidays_14h,1006.07,0,1140.86,2146.93,0
Oriental,2023_Q2_holidays_15h,979.109,0,1139.52,2118.63,0
Oriental,2023_Q2_holidays_16h,957.202,0,1139.54,2096.74,0
Oriental,2023_Q2_holidays_17h,941.149,0,1137.84,2078.99,0
Oriental,2023_Q2_holidays_18h,948.504,0,1134.5,2083,0
Oriental,2023_Q2_holidays_19h,1162.68,0,1092.19,2254.88,0
Oriental,2023_Q2_holidays_20h,1265.38,0,1066.37,2331.75,0
Oriental,2023_Q2_holidays_21h,1226.76,0,1075.95,2302.71,0
Oriental,2023_Q2_holidays_22h,1129.67,0,1098.46,2228.12,0
Oriental,2023_Q2_holidays_23h,996.183,0,1125.24,2121.43,0
Oriental,2023_Q3_labor_0h,1385.76,0,833.383,2219.14,0
Oriental,2023_Q3_labor_1h,1273.83,0,817.372,2091.2,0
Oriental,2023_Q3_labor_2h,1189.55,0,828.789,2018.34,0
Oriental,2023_Q3_labor_3h,1122.16,0,844.23,1966.39,0
Oriental,2023_Q3_labor_4h,1086.95,0,854.763,1941.71,0
Oriental,2023_Q3_labor_5h,1131.33,0,841.435,1972.76,0
Oriental,2023_Q3_labor_6h,1218.08,0,826.793,2044.87,0
Oriental,2023_Q3_labor_7h,1266.15,0,825.213,2091.37,0
Oriental,2023_Q3_labor_8h,1400.46,0,823.16,2223.62,0
Oriental,2023_Q3_labor_9h,1517.03,0,837.216,2354.24,0
Oriental,2023_Q3_labor_10h,1597.05,0,841.219,2438.27,0
Oriental,2023_Q3_labor_11h,1688.01,0,840.62,2528.63,0
Oriental,2023_Q3_labor_12h,1760.54,0,835.454,2595.99,0
Oriental,2023_Q3_labor_13h,1745.35,0,836.134,2581.48,0
Oriental,2023_Q3_labor_14h,1761.85,0,833.321,2595.17,0
Oriental,2023_Q3_labor_15h,1796.67,0,827.463,2624.13,0
Oriental,2023_Q3_labor_16h,1791.49,0,826.285,2617.77,0
Oriental,2023_Q3_labor_17h,1749.15,0,829.56,2578.71,0
Oriental,2023_Q3_labor_18h,1668.77,0,837.522,2506.29,0
Oriental,2023_Q3_labor_19h,1780.42,0,825.427,2605.85,0
Oriental,2023_Q3_labor_20h,1866.16,0,815.123,2681.28,0
Oriental,2023_Q3_labor_21h,1809.1,0,821.69,2630.79,0
Oriental,2023_Q3_labor_22h,1683.67,0,835.547,2519.21,0
Oriental,2023_Q3_labor_23h,1520.85,0,844.255,2365.11,0
Oriental,2023_Q3_holidays_0h,1214.74,0,856.472,2071.21,0
Oriental,2023_Q3_holidays_1h,1194.01,0,853.68,2047.69,0
Oriental,2023_Q3_holidays_2h,1125.94,0,846.967,1972.91,0
Oriental,2023_Q3_holidays_3h,1070.5,0,842.29,1912.79,0
Oriental,2023_Q3_holidays_4h,1027.48,0,840.012,1867.49,0
Oriental,2023_Q3_holidays_5h,1003.05,0,839.468,1842.51,0
Oriental,2023_Q3_holidays_6h,973.59,0,839.009,1812.6,0
Oriental,2023_Q3_holidays_7h,930.136,0,839.619,1769.76,0
Oriental,2023_Q3_holidays_8h,1004.11,0,841.113,1845.23,0
Oriental,2023_Q3_holidays_9h,1096.47,0,844.075,1940.54,0
Oriental,2023_Q3_holidays_10h,1173.58,0,848.829,2022.41,0
Oriental,2023_Q3_holidays_11h,1235.82,0,853.805,2089.62,0
Oriental,2023_Q3_holidays_12h,1286.37,0,859.543,2145.92,0
Oriental,2023_Q3_holidays_13h,1314.8,0,864.1,2178.9,0
Oriental,2023_Q3_holidays_14h,1315.5,0,865.496,2180.99,0
Oriental,2023_Q3_holidays_15h,1289.94,0,864.408,2154.34,0
Oriental,2023_Q3_holidays_16h,1266.56,0,864.16,2130.72,0
Oriental,2023_Q3_holidays_17h,1249.04,0,863.89,2112.93,0
Oriental,2023_Q3_holidays_18h,1250.73,0,864.517,2115.25,0
Oriental,2023_Q3_holidays_19h,1401.18,0,869.081,2270.26,0
Oriental,2023_Q3_holidays_20h,1512.17,0,859.899,2372.06,0
Oriental,2023_Q3_holidays_21h,1487.46,0,861.646,2349.11,0
Oriental,2023_Q3_holidays_22h,1420.64,0,866.437,2287.07,0
Oriental,2023_Q3_holidays_23h,1317.44,0,866.964,2184.41,0
Oriental,2023_Q4_labor_0h,1164.74,0,1155.1,2319.83,0
Oriental,2023_Q4_labor_1h,1018.31,0,1169.63,2187.94,0
Oriental,2023_Q4_labor_2h,937.949,0,1175.21,2113.16,0
Oriental,2023_Q4_labor_3h,882.104,0,1179.27,2061.37,0
Oriental,2023_Q4_labor_4h,855.132,0,1180.88,2036.01,0
Oriental,2023_Q4_labor_5h,890.579,0,1178.61,2069.18,0
Oriental,2023_Q4_labor_6h,970.756,0,1173.24,2143.99,0
Oriental,2023_Q4_labor_7h,1021.19,0,1172.26,2193.45,0
Oriental,2023_Q4_labor_8h,1160.66,0,1168.44,2329.09,0
Oriental,2023_Q4_labor_9h,1315.61,0,1145.78,2461.39,0
Oriental,2023_Q4_labor_10h,1425.03,0,1122.52,2547.55,0
Oriental,2023_Q4_labor_11h,1552.51,0,1085.7,2638.21,0
Oriental,2023_Q4_labor_12h,1643.9,0,1060.78,2704.68,0
Oriental,2023_Q4_labor_13h,1633.15,0,1060.32,2693.47,0
Oriental,2023_Q4_labor_14h,1657.39,0,1051.77,2709.16,0
Oriental,2023_Q4_labor_15h,1700.63,0,1038.38,2739.01,0
Oriental,2023_Q4_labor_16h,1697.79,0,1035.46,2733.25,0
Oriental,2023_Q4_labor_17h,1657.03,0,1040.06,2697.08,0
Oriental,2023_Q4_labor_18h,1621.84,0,1046.07,2667.91,0
Oriental,2023_Q4_labor_19h,1787.75,0,1011.65,2799.4,0
Oriental,2023_Q4_labor_20h,1782.68,0,1012.14,2794.82,0
Oriental,2023_Q4_labor_21h,1708.79,0,1026.69,2735.47,0
Oriental,2023_Q4_labor_22h,1567.01,0,1054.7,2621.71,0
Oriental,2023_Q4_labor_23h,1365.64,0,1100.74,2466.38,0
Oriental,2023_Q4_holidays_0h,793.232,0,1362.82,2156.05,0
Oriental,2023_Q4_holidays_1h,745.326,0,1365.71,2111.04,0
Oriental,2023_Q4_holidays_2h,658.504,0,1377.41,2035.91,0
Oriental,2023_Q4_holidays_3h,597.761,0,1375.16,1972.92,0
Oriental,2023_Q4_holidays_4h,554.106,0,1363.7,1917.81,0
Oriental,2023_Q4_holidays_5h,536.886,0,1357.41,1894.3,0
Oriental,2023_Q4_holidays_6h,518.995,0,1346.44,1865.43,0
Oriental,2023_Q4_holidays_7h,503.204,0,1322.97,1826.18,0
Oriental,2023_Q4_holidays_8h,553.587,0,1346.97,1900.56,0
Oriental,2023_Q4_holidays_9h,622.239,0,1377.58,1999.82,0
Oriental,2023_Q4_holidays_10h,693.763,0,1396.56,2090.33,0
Oriental,2023_Q4_holidays_11h,769.638,0,1402.12,2171.76,0
Oriental,2023_Q4_holidays_12h,851.705,0,1386.65,2238.36,0
Oriental,2023_Q4_holidays_13h,898.077,0,1372.3,2270.38,0
Oriental,2023_Q4_holidays_14h,901.612,0,1368.68,2270.29,0
Oriental,2023_Q4_holidays_15h,877.562,0,1367.03,2244.59,0
Oriental,2023_Q4_holidays_16h,862.77,0,1366.01,2228.78,0
Oriental,2023_Q4_holidays_17h,848.631,0,1364.5,2213.14,0
Oriental,2023_Q4_holidays_18h,899.332,0,1355.34,2254.68,0
Oriental,2023_Q4_holidays_19h,1157.9,0,1285.84,2443.75,0
Oriental,2023_Q4_holidays_20h,1210.41,0,1268.89,2479.3,0
Oriental,2023_Q4_holidays_21h,1168.97,0,1280.16,2449.14,0
Oriental,2023_Q4_holidays_22h,1075.3,0,1306.25,2381.55,0
Oriental,2023_Q4_holidays_23h,934.124,0,1342.58,2276.71,0
Surocciden,2023_Q1_labor_0h,1549.46,0,265.11,1814.57,0
Surocciden,2023_Q1_labor_1h,1489.82,0,223.167,1712.99,0
Surocciden,2023_Q1_labor_2h,1454.67,0,199.792,1654.46,0
Surocciden,2023_Q1_labor_3h,1428.99,0,183.987,1612.98,0
Surocciden,2023_Q1_labor_4h,1417.05,0,175.995,1593.05,0
Surocciden,2023_Q1_labor_5h,1433.86,0,183.749,1617.61,0
Surocciden,2023_Q1_labor_6h,1480.03,0,204.14,1684.17,0
Surocciden,2023_Q1_labor_7h,1516.76,0,206.648,1723.41,0
Surocciden,2023_Q1_labor_8h,1592.94,0,234.505,1827.44,0
Surocciden,2023_Q1_labor_9h,1673.14,0,267.596,1940.74,0
Surocciden,2023_Q1_labor_10h,1724.46,0,286.836,2011.3,0
Surocciden,2023_Q1_labor_11h,1770.08,0,311.022,2081.1,0
Surocciden,2023_Q1_labor_12h,1800.29,0,336.301,2136.59,0
Surocciden,2023_Q1_labor_13h,1788.29,0,338.992,2127.28,0
Surocciden,2023_Q1_labor_14h,1779.77,0,352.156,2131.93,0
Surocciden,2023_Q1_labor_15h,1776.43,0,376.639,2153.07,0
Surocciden,2023_Q1_labor_16h,1762.94,0,385.326,2148.26,0
Surocciden,2023_Q1_labor_17h,1730.1,0,382.01,2112.11,0
Surocciden,2023_Q1_labor_18h,1702.41,0,368.723,2071.13,0
Surocciden,2023_Q1_labor_19h,1759.54,0,419.583,2179.13,0
Surocciden,2023_Q1_labor_20h,1771.53,0,431.45,2202.98,0
Surocciden,2023_Q1_labor_21h,1740.59,0,406.939,2147.52,0
Surocciden,2023_Q1_labor_22h,1688.49,0,365.607,2054.1,0
Surocciden,2023_Q1_labor_23h,1618.59,0,311.621,1930.21,0
Surocciden,2023_Q1_holidays_0h,1384.1,0,318.979,1703.08,0
Surocciden,2023_Q1_holidays_1h,1368.01,0,296.034,1664.05,0
Surocciden,2023_Q1_holidays_2h,1345.72,0,263,1608.72,0
Surocciden,2023_Q1_holidays_3h,1326.93,0,236.301,1563.23,0
Surocciden,2023_Q1_holidays_4h,1310.9,0,217.912,1528.81,0
Surocciden,2023_Q1_holidays_5h,1302.78,0,207.476,1510.26,0
Surocciden,2023_Q1_holidays_6h,1302.33,0,193.215,1495.54,0
Surocciden,2023_Q1_holidays_7h,1293.52,0,155.979,1449.5,0
Surocciden,2023_Q1_holidays_8h,1337.7,0,159.289,1496.99,0
Surocciden,2023_Q1_holidays_9h,1397.75,0,185.192,1582.94,0
Surocciden,2023_Q1_holidays_10h,1448.5,0,213.72,1662.22,0
Surocciden,2023_Q1_holidays_11h,1484.44,0,241.656,1726.1,0
Surocciden,2023_Q1_holidays_12h,1506.1,0,273.854,1779.96,0
Surocciden,2023_Q1_holidays_13h,1505.99,0,297.209,1803.2,0
Surocciden,2023_Q1_holidays_14h,1490.26,0,309.522,1799.78,0
Surocciden,2023_Q1_holidays_15h,1464.12,0,317.586,1781.71,0
Surocciden,2023_Q1_holidays_16h,1442.77,0,323.322,1766.09,0
Surocciden,2023_Q1_holidays_17h,1417.73,0,334.351,1752.08,0
Surocciden,2023_Q1_holidays_18h,1412.05,0,349.694,1761.74,0
Surocciden,2023_Q1_holidays_19h,1465.7,0,446.934,1912.63,0
Surocciden,2023_Q1_holidays_20h,1483.9,0,479.783,1963.68,0
Surocciden,2023_Q1_holidays_21h,1474.72,0,464.523,1939.24,0
Surocciden,2023_Q1_holidays_22h,1452.58,0,428.413,1880.99,0
Surocciden,2023_Q1_holidays_23h,1422.18,0,374.817,1797,0
Surocciden,2023_Q2_labor_0h,1433.03,0,368.017,1801.05,0
Surocciden,2023_Q2_labor_1h,1356.46,0,338.937,1695.39,0
Surocciden,2023_Q2_labor_2h,1312.85,0,325.818,1638.67,0
Surocciden,2023_Q2_labor_3h,1280.42,0,317.824,1598.25,0
Surocciden,2023_Q2_labor_4h,1265.42,0,314.545,1579.97,0
Surocciden,2023_Q2_labor_5h,1292.68,0,320.565,1613.24,0
Surocciden,2023_Q2_labor_6h,1358.74,0,334.341,1693.08,0
Surocciden,2023_Q2_labor_7h,1393.25,0,333.895,1727.15,0
Surocciden,2023_Q2_labor_8h,1480.01,0,349.156,1829.17,0
Surocciden,2023_Q2_labor_9h,1563.48,0,371.364,1934.85,0
Surocciden,2023_Q2_labor_10h,1614.48,0,387.11,2001.59,0
Surocciden,2023_Q2_labor_11h,1663.86,0,409.775,2073.64,0
Surocciden,2023_Q2_labor_12h,1696.59,0,431.398,2127.99,0
Surocciden,2023_Q2_labor_13h,1681.02,0,430.444,2111.46,0
Surocciden,2023_Q2_labor_14h,1677.33,0,445.002,2122.34,0
Surocciden,2023_Q2_labor_15h,1679.35,0,467.495,2146.85,0
Surocciden,2023_Q2_labor_16h,1667.43,0,478.459,2145.89,0
Surocciden,2023_Q2_labor_17h,1634,0,477.453,2111.45,0
Surocciden,2023_Q2_labor_18h,1596.24,0,460.526,2056.77,0
Surocciden,2023_Q2_labor_19h,1656.12,0,502.245,2158.36,0
Surocciden,2023_Q2_labor_20h,1681.21,0,521.042,2202.25,0
Surocciden,2023_Q2_labor_21h,1650.95,0,500.824,2151.77,0
Surocciden,2023_Q2_labor_22h,1591.27,0,461.594,2052.87,0
Surocciden,2023_Q2_labor_23h,1509.29,0,410.457,1919.75,0
Surocciden,2023_Q2_holidays_0h,1230.1,0,456.637,1686.74,0
Surocciden,2023_Q2_holidays_1h,1227.47,0,449.586,1677.05,0
Surocciden,2023_Q2_holidays_2h,1209.98,0,401.379,1611.36,0
Surocciden,2023_Q2_holidays_3h,1195.76,0,365.188,1560.95,0
Surocciden,2023_Q2_holidays_4h,1185.71,0,339.456,1525.17,0
Surocciden,2023_Q2_holidays_5h,1179.78,0,328.092,1507.87,0
Surocciden,2023_Q2_holidays_6h,1182.24,0,303.197,1485.44,0
Surocciden,2023_Q2_holidays_7h,1184.92,0,268.816,1453.73,0
Surocciden,2023_Q2_holidays_8h,1233.53,0,282.905,1516.44,0
Surocciden,2023_Q2_holidays_9h,1285.91,0,311.887,1597.8,0
Surocciden,2023_Q2_holidays_10h,1326.33,0,346.626,1672.96,0
Surocciden,2023_Q2_holidays_11h,1352.24,0,382.292,1734.53,0
Surocciden,2023_Q2_holidays_12h,1365.21,0,419.93,1785.14,0
Surocciden,2023_Q2_holidays_13h,1362.86,0,444.497,1807.35,0
Surocciden,2023_Q2_holidays_14h,1346.15,0,460.054,1806.21,0
Surocciden,2023_Q2_holidays_15h,1318.13,0,464.272,1782.4,0
Surocciden,2023_Q2_holidays_16h,1295.42,0,468.564,1763.98,0
Surocciden,2023_Q2_holidays_17h,1271.33,0,477.721,1749.05,0
Surocciden,2023_Q2_holidays_18h,1262.59,0,489.835,1752.43,0
Surocciden,2023_Q2_holidays_19h,1303.22,0,593.805,1897.02,0
Surocciden,2023_Q2_holidays_20h,1324.26,0,637.443,1961.7,0
Surocciden,2023_Q2_holidays_21h,1315.34,0,621.926,1937.27,0
Surocciden,2023_Q2_holidays_22h,1293.16,0,581.363,1874.52,0
Surocciden,2023_Q2_holidays_23h,1264.46,0,520.298,1784.75,0
Surocciden,2023_Q3_labor_0h,1263.52,0,603.435,1866.96,0
Surocciden,2023_Q3_labor_1h,1204.97,0,554.355,1759.33,0
Surocciden,2023_Q3_labor_2h,1169.16,0,528.865,1698.03,0
Surocciden,2023_Q3_labor_3h,1144.82,0,509.499,1654.32,0
Surocciden,2023_Q3_labor_4h,1133.63,0,499.932,1633.56,0
Surocciden,2023_Q3_labor_5h,1147.65,0,512.034,1659.68,0
Surocciden,2023_Q3_labor_6h,1186.57,0,533.783,1720.35,0
Surocciden,2023_Q3_labor_7h,1222.87,0,536.599,1759.46,0
Surocciden,2023_Q3_labor_8h,1303.44,0,567.288,1870.73,0
Surocciden,2023_Q3_labor_9h,1379.36,0,601.257,1980.62,0
Surocciden,2023_Q3_labor_10h,1429.7,0,621.61,2051.31,0
Surocciden,2023_Q3_labor_11h,1477.39,0,649.941,2127.33,0
Surocciden,2023_Q3_labor_12h,1506.6,0,677.402,2184,0
Surocciden,2023_Q3_labor_13h,1492.48,0,679.324,2171.8,0
Surocciden,2023_Q3_labor_14h,1486.64,0,696.674,2183.31,0
Surocciden,2023_Q3_labor_15h,1484.85,0,722.835,2207.68,0
Surocciden,2023_Q3_labor_16h,1469.29,0,733.037,2202.33,0
Surocciden,2023_Q3_labor_17h,1437.92,0,731.549,2169.46,0
Surocciden,2023_Q3_labor_18h,1400.17,0,708.368,2108.54,0
Surocciden,2023_Q3_labor_19h,1446.52,0,745.78,2192.3,0
Surocciden,2023_Q3_labor_20h,1481.93,0,773.825,2255.76,0
Surocciden,2023_Q3_labor_21h,1457.55,0,755.733,2213.28,0
Surocciden,2023_Q3_labor_22h,1404.17,0,715.239,2119.41,0
Surocciden,2023_Q3_labor_23h,1332.02,0,657.743,1989.76,0
Surocciden,2023_Q3_holidays_0h,1184.19,0,558.312,1742.5,0
Surocciden,2023_Q3_holidays_1h,1178.11,0,544.608,1722.72,0
Surocciden,2023_Q3_holidays_2h,1164.33,0,495.477,1659.8,0
Surocciden,2023_Q3_holidays_3h,1154.22,0,455.004,1609.23,0
Surocciden,2023_Q3_holidays_4h,1146.99,0,424.122,1571.11,0
Surocciden,2023_Q3_holidays_5h,1143.97,0,406.132,1550.1,0
Surocciden,2023_Q3_holidays_6h,1148.41,0,376.524,1524.94,0
Surocciden,2023_Q3_holidays_7h,1165.98,0,322.914,1488.89,0
Surocciden,2023_Q3_holidays_8h,1206.66,0,345.732,1552.39,0
Surocciden,2023_Q3_holidays_9h,1248.51,0,384.067,1632.58,0
Surocciden,2023_Q3_holidays_10h,1281.53,0,419.918,1701.45,0
Surocciden,2023_Q3_holidays_11h,1303.3,0,454.694,1758,0
Surocciden,2023_Q3_holidays_12h,1310.08,0,495.278,1805.35,0
Surocciden,2023_Q3_holidays_13h,1306.29,0,526.811,1833.1,0
Surocciden,2023_Q3_holidays_14h,1288.16,0,546.709,1834.87,0
Surocciden,2023_Q3_holidays_15h,1259.76,0,552.686,1812.45,0
Surocciden,2023_Q3_holidays_16h,1234.35,0,558.221,1792.57,0
Surocciden,2023_Q3_holidays_17h,1209.69,0,567.915,1777.6,0
Surocciden,2023_Q3_holidays_18h,1204.93,0,574.627,1779.55,0
Surocciden,2023_Q3_holidays_19h,1234.01,0,675.955,1909.96,0
Surocciden,2023_Q3_holidays_20h,1251.56,0,744.052,1995.61,0
Surocciden,2023_Q3_holidays_21h,1246.3,0,730.004,1976.3,0
Surocciden,2023_Q3_holidays_22h,1232.71,0,691.401,1924.11,0
Surocciden,2023_Q3_holidays_23h,1212.52,0,625.221,1837.74,0
Surocciden,2023_Q4_labor_0h,1267.41,0,684.261,1951.67,0
Surocciden,2023_Q4_labor_1h,1206.79,0,633.921,1840.71,0
Surocciden,2023_Q4_labor_2h,1171.02,0,606.771,1777.8,0
Surocciden,2023_Q4_labor_3h,1145.29,0,588.937,1734.23,0
Surocciden,2023_Q4_labor_4h,1132.52,0,580.376,1712.89,0
Surocciden,2023_Q4_labor_5h,1151.9,0,588.897,1740.8,0
Surocciden,2023_Q4_labor_6h,1195.63,0,608.112,1803.74,0
Surocciden,2023_Q4_labor_7h,1233.86,0,611.485,1845.34,0
Surocciden,2023_Q4_labor_8h,1312.49,0,646.975,1959.46,0
Surocciden,2023_Q4_labor_9h,1390.42,0,680.34,2070.76,0
Surocciden,2023_Q4_labor_10h,1442.74,0,700.509,2143.25,0
Surocciden,2023_Q4_labor_11h,1492.12,0,727.395,2219.52,0
Surocciden,2023_Q4_labor_12h,1519.27,0,756.172,2275.44,0
Surocciden,2023_Q4_labor_13h,1505.66,0,760.349,2266.01,0
Surocciden,2023_Q4_labor_14h,1500.45,0,778.761,2279.21,0
Surocciden,2023_Q4_labor_15h,1498.61,0,805.714,2304.32,0
Surocciden,2023_Q4_labor_16h,1484.91,0,814.563,2299.48,0
Surocciden,2023_Q4_labor_17h,1456.19,0,812.861,2269.05,0
Surocciden,2023_Q4_labor_18h,1440.21,0,804.298,2244.51,0
Surocciden,2023_Q4_labor_19h,1502.09,0,853.039,2355.13,0
Surocciden,2023_Q4_labor_20h,1498.52,0,852.749,2351.27,0
Surocciden,2023_Q4_labor_21h,1468.39,0,832.964,2301.35,0
Surocciden,2023_Q4_labor_22h,1414.46,0,791.182,2205.64,0
Surocciden,2023_Q4_labor_23h,1342.24,0,732.723,2074.96,0
Surocciden,2023_Q4_holidays_0h,1101.72,0,712.159,1813.88,0
Surocciden,2023_Q4_holidays_1h,1083.21,0,692.806,1776.01,0
Surocciden,2023_Q4_holidays_2h,1045.45,0,667.363,1712.81,0
Surocciden,2023_Q4_holidays_3h,1010.59,0,649.232,1659.82,0
Surocciden,2023_Q4_holidays_4h,978.691,0,634.755,1613.45,0
Surocciden,2023_Q4_holidays_5h,965.138,0,628.53,1593.67,0
Surocciden,2023_Q4_holidays_6h,955.281,0,614.103,1569.38,0
Surocciden,2023_Q4_holidays_7h,944.874,0,591.489,1536.36,0
Surocciden,2023_Q4_holidays_8h,1002.3,0,596.641,1598.94,0
Surocciden,2023_Q4_holidays_9h,1074.73,0,607.715,1682.45,0
Surocciden,2023_Q4_holidays_10h,1138.17,0,620.421,1758.59,0
Surocciden,2023_Q4_holidays_11h,1192.54,0,634.561,1827.1,0
Surocciden,2023_Q4_holidays_12h,1219.47,0,663.654,1883.13,0
Surocciden,2023_Q4_holidays_13h,1223.82,0,686.245,1910.07,0
Surocciden,2023_Q4_holidays_14h,1208.57,0,701.417,1909.99,0
Surocciden,2023_Q4_holidays_15h,1179.92,0,708.451,1888.37,0
Surocciden,2023_Q4_holidays_16h,1159.72,0,715.351,1875.07,0
Surocciden,2023_Q4_holidays_17h,1138.97,0,722.942,1861.91,0
Surocciden,2023_Q4_holidays_18h,1149.46,0,747.396,1896.85,0
Surocciden,2023_Q4_holidays_19h,1206.45,0,849.466,2055.92,0
Surocciden,2023_Q4_holidays_20h,1215.64,0,870.187,2085.83,0
Surocciden,2023_Q4_holidays_21h,1203.43,0,857.023,2060.45,0
Surocciden,2023_Q4_holidays_22h,1180.92,0,822.677,2003.59,0
Surocciden,2023_Q4_holidays_23h,1146.83,0,768.563,1915.39,0
Caribe,2023_Q1_labor_0h,868.242,0,1536.78,2405.02,0
Caribe,2023_Q1_labor_1h,733.604,0,1536.78,2270.38,0
Caribe,2023_Q1_labor_2h,656.038,0,1536.78,2192.81,0
Caribe,2023_Q1_labor_3h,601.05,0,1536.78,2137.83,0
Caribe,2023_Q1_labor_4h,574.638,0,1536.78,2111.41,0
Caribe,2023_Q1_labor_5h,607.189,0,1536.78,2143.97,0
Caribe,2023_Q1_labor_6h,695.415,0,1536.78,2232.19,0
Caribe,2023_Q1_labor_7h,747.417,0,1536.78,2284.19,0
Caribe,2023_Q1_labor_8h,885.3,0,1536.78,2422.08,0
Caribe,2023_Q1_labor_9h,1035.47,0,1536.78,2572.24,0
Caribe,2023_Q1_labor_10h,1128.98,0,1536.78,2665.76,0
Caribe,2023_Q1_labor_11h,1221.5,0,1536.78,2758.28,0
Caribe,2023_Q1_labor_12h,1295.05,0,1536.78,2831.82,0
Caribe,2023_Q1_labor_13h,1282.71,0,1536.78,2819.49,0
Caribe,2023_Q1_labor_14h,1288.87,0,1536.78,2825.64,0
Caribe,2023_Q1_labor_15h,1316.89,0,1536.78,2853.66,0
Caribe,2023_Q1_labor_16h,1310.52,0,1536.78,2847.29,0
Caribe,2023_Q1_labor_17h,1262.6,0,1536.78,2799.38,0
Caribe,2023_Q1_labor_18h,1208.28,0,1536.78,2745.06,0
Caribe,2023_Q1_labor_19h,1351.42,0,1536.78,2888.2,0
Caribe,2023_Q1_labor_20h,1383.03,0,1536.78,2919.81,0
Caribe,2023_Q1_labor_21h,1309.54,0,1536.78,2846.31,0
Caribe,2023_Q1_labor_22h,1185.71,0,1536.78,2722.49,0
Caribe,2023_Q1_labor_23h,1021.51,0,1536.78,2558.29,0
Caribe,2023_Q1_holidays_0h,720.478,0,1536.78,2257.25,0
Caribe,2023_Q1_holidays_1h,668.739,0,1536.78,2205.51,0
Caribe,2023_Q1_holidays_2h,595.412,0,1536.78,2132.19,0
Caribe,2023_Q1_holidays_3h,535.121,0,1536.78,2071.9,0
Caribe,2023_Q1_holidays_4h,489.493,0,1536.78,2026.27,0
Caribe,2023_Q1_holidays_5h,464.908,0,1536.78,2001.68,0
Caribe,2023_Q1_holidays_6h,445.404,0,1536.78,1982.18,0
Caribe,2023_Q1_holidays_7h,384.373,0,1536.78,1921.15,0
Caribe,2023_Q1_holidays_8h,447.328,0,1536.78,1984.1,0
Caribe,2023_Q1_holidays_9h,561.242,0,1536.78,2098.02,0
Caribe,2023_Q1_holidays_10h,666.311,0,1536.78,2203.09,0
Caribe,2023_Q1_holidays_11h,750.983,0,1536.78,2287.76,0
Caribe,2023_Q1_holidays_12h,822.365,0,1536.78,2359.14,0
Caribe,2023_Q1_holidays_13h,853.169,0,1536.78,2389.95,0
Caribe,2023_Q1_holidays_14h,848.636,0,1536.78,2385.41,0
Caribe,2023_Q1_holidays_15h,824.686,0,1536.78,2361.46,0
Caribe,2023_Q1_holidays_16h,803.981,0,1536.78,2340.76,0
Caribe,2023_Q1_holidays_17h,785.419,0,1536.78,2322.2,0
Caribe,2023_Q1_holidays_18h,798.226,0,1536.78,2335,0
Caribe,2023_Q1_holidays_19h,998.211,0,1536.78,2534.99,0
Caribe,2023_Q1_holidays_20h,1065.87,0,1536.78,2602.65,0
Caribe,2023_Q1_holidays_21h,1033.48,0,1536.78,2570.25,0
Caribe,2023_Q1_holidays_22h,956.277,0,1536.78,2493.05,0
Caribe,2023_Q1_holidays_23h,844.952,0,1536.78,2381.73,0
Caribe,2023_Q2_labor_0h,850.315,0,1536.78,2387.09,0
Caribe,2023_Q2_labor_1h,803.518,0,1443.54,2247.06,0
Caribe,2023_Q2_labor_2h,803.324,0,1368.55,2171.87,0
Caribe,2023_Q2_labor_3h,803.157,0,1315.15,2118.3,0
Caribe,2023_Q2_labor_4h,803.137,0,1290.94,2094.08,0
Caribe,2023_Q2_labor_5h,803.553,0,1334.63,2138.18,0
Caribe,2023_Q2_labor_6h,824.268,0,1419.72,2243.99,0
Caribe,2023_Q2_labor_7h,872.166,0,1416.98,2289.15,0
Caribe,2023_Q2_labor_8h,927.368,0,1496.99,2424.36,0
Caribe,2023_Q2_labor_9h,1027.65,0,1536.78,2564.43,0
Caribe,2023_Q2_labor_10h,1116.12,0,1536.78,2652.89,0
Caribe,2023_Q2_labor_11h,1211.6,0,1536.78,2748.38,0
Caribe,2023_Q2_labor_12h,1283.65,0,1536.78,2820.42,0
Caribe,2023_Q2_labor_13h,1261.74,0,1536.78,2798.52,0
Caribe,2023_Q2_labor_14h,1276.15,0,1536.78,2812.93,0
Caribe,2023_Q2_labor_15h,1308.64,0,1536.78,2845.41,0
Caribe,2023_Q2_labor_16h,1307.37,0,1536.78,2844.14,0
Caribe,2023_Q2_labor_17h,1261.72,0,1536.78,2798.5,0
Caribe,2023_Q2_labor_18h,1189.25,0,1536.78,2726.03,0
Caribe,2023_Q2_labor_19h,1323.9,0,1536.78,2860.68,0
Caribe,2023_Q2_labor_20h,1382.07,0,1536.78,2918.85,0
Caribe,2023_Q2_labor_21h,1315.17,0,1536.78,2851.94,0
Caribe,2023_Q2_labor_22h,1184.08,0,1536.78,2720.85,0
Caribe,2023_Q2_labor_23h,1007.64,0,1536.78,2544.42,0
Caribe,2023_Q2_holidays_0h,698.818,0,1536.78,2235.59,0
Caribe,2023_Q2_holidays_1h,685.979,0,1536.78,2222.75,0
Caribe,2023_Q2_holidays_2h,598.908,0,1536.78,2135.68,0
Caribe,2023_Q2_holidays_3h,532.087,0,1536.78,2068.86,0
Caribe,2023_Q2_holidays_4h,484.668,0,1536.78,2021.44,0
Caribe,2023_Q2_holidays_5h,461.75,0,1536.78,1998.53,0
Caribe,2023_Q2_holidays_6h,432.013,0,1536.78,1968.79,0
Caribe,2023_Q2_holidays_7h,472.062,0,1454.7,1926.77,0
Caribe,2023_Q2_holidays_8h,526.775,0,1483.1,2009.88,0
Caribe,2023_Q2_holidays_9h,580.937,0,1536.78,2117.71,0
Caribe,2023_Q2_holidays_10h,680.553,0,1536.78,2217.33,0
Caribe,2023_Q2_holidays_11h,762.157,0,1536.78,2298.93,0
Caribe,2023_Q2_holidays_12h,829.235,0,1536.78,2366.01,0
Caribe,2023_Q2_holidays_13h,858.674,0,1536.78,2395.45,0
Caribe,2023_Q2_holidays_14h,857.155,0,1536.78,2393.93,0
Caribe,2023_Q2_holidays_15h,825.597,0,1536.78,2362.37,0
Caribe,2023_Q2_holidays_16h,801.196,0,1536.78,2337.97,0
Caribe,2023_Q2_holidays_17h,781.4,0,1536.78,2318.18,0
Caribe,2023_Q2_holidays_18h,785.876,0,1536.78,2322.65,0
Caribe,2023_Q2_holidays_19h,977.523,0,1536.78,2514.3,0
Caribe,2023_Q2_holidays_20h,1063.24,0,1536.78,2600.02,0
Caribe,2023_Q2_holidays_21h,1030.86,0,1536.78,2567.64,0
Caribe,2023_Q2_holidays_22h,947.696,0,1536.78,2484.47,0
Caribe,2023_Q2_holidays_23h,828.72,0,1536.78,2365.5,0
Caribe,2023_Q3_labor_0h,937.675,0,1536.78,2474.45,0
Caribe,2023_Q3_labor_1h,811.951,0,1519.85,2331.8,0
Caribe,2023_Q3_labor_2h,811.688,0,1438.86,2250.55,0
Caribe,2023_Q3_labor_3h,811.654,0,1380.97,2192.62,0
Caribe,2023_Q3_labor_4h,811.823,0,1353.28,2165.11,0
Caribe,2023_Q3_labor_5h,813.242,0,1386.48,2199.73,0
Caribe,2023_Q3_labor_6h,833.435,0,1446.7,2280.14,0
Caribe,2023_Q3_labor_7h,872.337,0,1459.64,2331.98,0
Caribe,2023_Q3_labor_8h,942.671,0,1536.78,2479.45,0
Caribe,2023_Q3_labor_9h,1088.32,0,1536.78,2625.1,0
Caribe,2023_Q3_labor_10h,1182.01,0,1536.78,2718.79,0
Caribe,2023_Q3_labor_11h,1282.77,0,1536.78,2819.54,0
Caribe,2023_Q3_labor_12h,1357.88,0,1536.78,2894.66,0
Caribe,2023_Q3_labor_13h,1341.71,0,1536.78,2878.49,0
Caribe,2023_Q3_labor_14h,1356.97,0,1536.78,2893.74,0
Caribe,2023_Q3_labor_15h,1389.26,0,1536.78,2926.04,0
Caribe,2023_Q3_labor_16h,1382.17,0,1536.78,2918.95,0
Caribe,2023_Q3_labor_17h,1338.61,0,1536.78,2875.39,0
Caribe,2023_Q3_labor_18h,1257.86,0,1536.78,2794.64,0
Caribe,2023_Q3_labor_19h,1368.87,0,1536.78,2905.65,0
Caribe,2023_Q3_labor_20h,1452.99,0,1536.78,2989.77,0
Caribe,2023_Q3_labor_21h,1396.69,0,1536.78,2933.47,0
Caribe,2023_Q3_labor_22h,1272.27,0,1536.78,2809.05,0
Caribe,2023_Q3_labor_23h,1100.44,0,1536.78,2637.21,0
Caribe,2023_Q3_holidays_0h,772.723,0,1536.78,2309.5,0
Caribe,2023_Q3_holidays_1h,746.499,0,1536.78,2283.28,0
Caribe,2023_Q3_holidays_2h,663.114,0,1536.78,2199.89,0
Caribe,2023_Q3_holidays_3h,596.08,0,1536.78,2132.86,0
Caribe,2023_Q3_holidays_4h,545.568,0,1536.78,2082.34,0
Caribe,2023_Q3_holidays_5h,517.721,0,1536.78,2054.5,0
Caribe,2023_Q3_holidays_6h,484.363,0,1536.78,2021.14,0
Caribe,2023_Q3_holidays_7h,436.587,0,1536.78,1973.36,0
Caribe,2023_Q3_holidays_8h,520.745,0,1536.78,2057.52,0
Caribe,2023_Q3_holidays_9h,627.026,0,1536.78,2163.8,0
Caribe,2023_Q3_holidays_10h,718.312,0,1536.78,2255.09,0
Caribe,2023_Q3_holidays_11h,793.256,0,1536.78,2330.03,0
Caribe,2023_Q3_holidays_12h,856.025,0,1536.78,2392.8,0
Caribe,2023_Q3_holidays_13h,892.805,0,1536.78,2429.58,0
Caribe,2023_Q3_holidays_14h,895.139,0,1536.78,2431.91,0
Caribe,2023_Q3_holidays_15h,865.427,0,1536.78,2402.2,0
Caribe,2023_Q3_holidays_16h,839.082,0,1536.78,2375.86,0
Caribe,2023_Q3_holidays_17h,819.243,0,1536.78,2356.02,0
Caribe,2023_Q3_holidays_18h,821.829,0,1536.78,2358.6,0
Caribe,2023_Q3_holidays_19h,994.673,0,1536.78,2531.45,0
Caribe,2023_Q3_holidays_20h,1108.19,0,1536.78,2644.97,0
Caribe,2023_Q3_holidays_21h,1082.6,0,1536.78,2619.37,0
Caribe,2023_Q3_holidays_22h,1013.43,0,1536.78,2550.2,0
Caribe,2023_Q3_holidays_23h,898.947,0,1536.78,2435.72,0
Caribe,2023_Q4_labor_0h,1165.72,0,1421.01,2586.73,0
Caribe,2023_Q4_labor_1h,1042.67,0,1396.99,2439.66,0
Caribe,2023_Q4_labor_2h,988.008,0,1368.27,2356.27,0
Caribe,2023_Q4_labor_3h,964.152,0,1334.38,2298.53,0
Caribe,2023_Q4_labor_4h,954.607,0,1315.65,2270.25,0
Caribe,2023_Q4_labor_5h,965.135,0,1342.11,2307.24,0
Caribe,2023_Q4_labor_6h,1007.64,0,1383.02,2390.66,0
Caribe,2023_Q4_labor_7h,1055,0,1390.8,2445.81,0
Caribe,2023_Q4_labor_8h,1198.78,0,1398.27,2597.05,0
Caribe,2023_Q4_labor_9h,1312.85,0,1431.72,2744.57,0
Caribe,2023_Q4_labor_10h,1376.5,0,1464.15,2840.65,0
Caribe,2023_Q4_labor_11h,1426.17,0,1515.56,2941.73,0
Caribe,2023_Q4_labor_12h,1479.44,0,1536.42,3015.85,0
Caribe,2023_Q4_labor_13h,1466.94,0,1536.42,3003.35,0
Caribe,2023_Q4_labor_14h,1484.43,0,1536.41,3020.85,0
Caribe,2023_Q4_labor_15h,1517.72,0,1536.41,3054.13,0
Caribe,2023_Q4_labor_16h,1511.29,0,1536.41,3047.71,0
Caribe,2023_Q4_labor_17h,1470.97,0,1536.41,3007.38,0
Caribe,2023_Q4_labor_18h,1438.44,0,1536.41,2974.85,0
Caribe,2023_Q4_labor_19h,1584.7,0,1536.78,3121.47,0
Caribe,2023_Q4_labor_20h,1579.58,0,1536.78,3116.36,0
Caribe,2023_Q4_labor_21h,1513.77,0,1536.42,3050.19,0
Caribe,2023_Q4_labor_22h,1386.92,0,1536.41,2923.34,0
Caribe,2023_Q4_labor_23h,1242.57,0,1507.57,2750.14,0
Caribe,2023_Q4_holidays_0h,873.842,0,1530.27,2404.11,0
Caribe,2023_Q4_holidays_1h,826.816,0,1527.1,2353.91,0
Caribe,2023_Q4_holidays_2h,818.695,0,1451.45,2270.14,0
Caribe,2023_Q4_holidays_3h,818.127,0,1381.78,2199.91,0
Caribe,2023_Q4_holidays_4h,818.217,0,1320.23,2138.45,0
Caribe,2023_Q4_holidays_5h,818.025,0,1294.21,2112.24,0
Caribe,2023_Q4_holidays_6h,829.968,0,1250.08,2080.05,0
Caribe,2023_Q4_holidays_7h,866.054,0,1170.23,2036.28,0
Caribe,2023_Q4_holidays_8h,910.523,0,1208.7,2119.22,0
Caribe,2023_Q4_holidays_9h,952.029,0,1277.87,2229.9,0
Caribe,2023_Q4_holidays_10h,984.434,0,1346.38,2330.82,0
Caribe,2023_Q4_holidays_11h,1001.82,0,1419.81,2421.62,0
Caribe,2023_Q4_holidays_12h,1000.67,0,1495.21,2495.88,0
Caribe,2023_Q4_holidays_13h,1002.04,0,1529.55,2531.59,0
Caribe,2023_Q4_holidays_14h,1001.22,0,1530.26,2531.48,0
Caribe,2023_Q4_holidays_15h,972.465,0,1530.36,2502.83,0
Caribe,2023_Q4_holidays_16h,954.718,0,1530.48,2485.2,0
Caribe,2023_Q4_holidays_17h,937.215,0,1530.54,2467.76,0
Caribe,2023_Q4_holidays_18h,983.337,0,1530.74,2514.08,0
Caribe,2023_Q4_holidays_19h,1188.12,0,1536.78,2724.9,0
Caribe,2023_Q4_holidays_20h,1227.77,0,1536.78,2764.54,0
Caribe,2023_Q4_holidays_21h,1194.13,0,1536.78,2730.91,0
Caribe,2023_Q4_holidays_22h,1118.77,0,1536.78,2655.54,0
Caribe,2023_Q4_holidays_23h,1007.78,0,1530.87,2538.64,0
