timepoint_id,timestamp,timeseries
1,2023_Q1_labor_0h,2023_Q1_labor
2,2023_Q1_labor_1h,2023_Q1_labor
3,2023_Q1_labor_2h,2023_Q1_labor
4,2023_Q1_labor_3h,2023_Q1_labor
5,2023_Q1_labor_4h,2023_Q1_labor
6,2023_Q1_labor_5h,2023_Q1_labor
7,2023_Q1_labor_6h,2023_Q1_labor
8,2023_Q1_labor_7h,2023_Q1_labor
9,2023_Q1_labor_8h,2023_Q1_labor
10,2023_Q1_labor_9h,2023_Q1_labor
11,2023_Q1_labor_10h,2023_Q1_labor
12,2023_Q1_labor_11h,2023_Q1_labor
13,2023_Q1_labor_12h,2023_Q1_labor
14,2023_Q1_labor_13h,2023_Q1_labor
15,2023_Q1_labor_14h,2023_Q1_labor
16,2023_Q1_labor_15h,2023_Q1_labor
17,2023_Q1_labor_16h,2023_Q1_labor
18,2023_Q1_labor_17h,2023_Q1_labor
19,2023_Q1_labor_18h,2023_Q1_labor
20,2023_Q1_labor_19h,2023_Q1_labor
21,2023_Q1_labor_20h,2023_Q1_labor
22,2023_Q1_labor_21h,2023_Q1_labor
23,2023_Q1_labor_22h,2023_Q1_labor
24,2023_Q1_labor_23h,2023_Q1_labor
25,2023_Q1_holidays_0h,2023_Q1_holidays
26,2023_Q1_holidays_1h,2023_Q1_holidays
27,2023_Q1_holidays_2h,2023_Q1_holidays
28,2023_Q1_holidays_3h,2023_Q1_holidays
29,2023_Q1_holidays_4h,2023_Q1_holidays
30,2023_Q1_holidays_5h,2023_Q1_holidays
31,2023_Q1_holidays_6h,2023_Q1_holidays
32,2023_Q1_holidays_7h,2023_Q1_holidays
33,2023_Q1_holidays_8h,2023_Q1_holidays
34,2023_Q1_holidays_9h,2023_Q1_holidays
35,2023_Q1_holidays_10h,2023_Q1_holidays
36,2023_Q1_holidays_11h,2023_Q1_holidays
37,2023_Q1_holidays_12h,2023_Q1_holidays
38,2023_Q1_holidays_13h,2023_Q1_holidays
39,2023_Q1_holidays_14h,2023_Q1_holidays
40,2023_Q1_holidays_15h,2023_Q1_holidays
41,2023_Q1_holidays_16h,2023_Q1_holidays
42,2023_Q1_holidays_17h,2023_Q1_holidays
43,2023_Q1_holidays_18h,2023_Q1_holidays
44,2023_Q1_holidays_19h,2023_Q1_holidays
45,2023_Q1_holidays_20h,2023_Q1_holidays
46,2023_Q1_holidays_21h,2023_Q1_holidays
47,2023_Q1_holidays_22h,2023_Q1_holidays
48,2023_Q1_holidays_23h,2023_Q1_holidays
49,2023_Q2_labor_0h,2023_Q2_labor
50,2023_Q2_labor_1h,2023_Q2_labor
51,2023_Q2_labor_2h,2023_Q2_labor
52,2023_Q2_labor_3h,2023_Q2_labor
53,2023_Q2_labor_4h,2023_Q2_labor
54,2023_Q2_labor_5h,2023_Q2_labor
55,2023_Q2_labor_6h,2023_Q2_labor
56,2023_Q2_labor_7h,2023_Q2_labor
57,2023_Q2_labor_8h,2023_Q2_labor
58,2023_Q2_labor_9h,2023_Q2_labor
59,2023_Q2_labor_10h,2023_Q2_labor
60,2023_Q2_labor_11h,2023_Q2_labor
61,2023_Q2_labor_12h,2023_Q2_labor
62,2023_Q2_labor_13h,2023_Q2_labor
63,2023_Q2_labor_14h,2023_Q2_labor
64,2023_Q2_labor_15h,2023_Q2_labor
65,2023_Q2_labor_16h,2023_Q2_labor
66,2023_Q2_labor_17h,2023_Q2_labor
67,2023_Q2_labor_18h,2023_Q2_labor
68,2023_Q2_labor_19h,2023_Q2_labor
69,2023_Q2_labor_20h,2023_Q2_labor
70,2023_Q2_labor_21h,2023_Q2_labor
71,2023_Q2_labor_22h,2023_Q2_labor
72,2023_Q2_labor_23h,2023_Q2_labor
73,2023_Q2_holidays_0h,2023_Q2_holidays
74,2023_Q2_holidays_1h,2023_Q2_holidays
75,2023_Q2_holidays_2h,2023_Q2_holidays
76,2023_Q2_holidays_3h,2023_Q2_holidays
77,2023_Q2_holidays_4h,2023_Q2_holidays
78,2023_Q2_holidays_5h,2023_Q2_holidays
79,2023_Q2_holidays_6h,2023_Q2_holidays
80,2023_Q2_holidays_7h,2023_Q2_holidays
81,2023_Q2_holidays_8h,2023_Q2_holidays
82,2023_Q2_holidays_9h,2023_Q2_holidays
83,2023_Q2_holidays_10h,2023_Q2_holidays
84,2023_Q2_holidays_11h,2023_Q2_holidays
85,2023_Q2_holidays_12h,2023_Q2_holidays
86,2023_Q2_holidays_13h,2023_Q2_holidays
87,2023_Q2_holidays_14h,2023_Q2_holidays
88,2023_Q2_holidays_15h,2023_Q2_holidays
89,2023_Q2_holidays_16h,2023_Q2_holidays
90,2023_Q2_holidays_17h,2023_Q2_holidays
91,2023_Q2_holidays_18h,2023_Q2_holidays
92,2023_Q2_holidays_19h,2023_Q2_holidays
93,2023_Q2_holidays_20h,2023_Q2_holidays
94,2023_Q2_holidays_21h,2023_Q2_holidays
95,2023_Q2_holidays_22h,2023_Q2_holidays
96,2023_Q2_holidays_23h,2023_Q2_holidays
97,2023_Q3_labor_0h,2023_Q3_labor
98,2023_Q3_labor_1h,2023_Q3_labor
99,2023_Q3_labor_2h,2023_Q3_labor
100,2023_Q3_labor_3h,2023_Q3_labor
101,2023_Q3_labor_4h,2023_Q3_labor
102,2023_Q3_labor_5h,2023_Q3_labor
103,2023_Q3_labor_6h,2023_Q3_labor
104,2023_Q3_labor_7h,2023_Q3_labor
105,2023_Q3_labor_8h,2023_Q3_labor
106,2023_Q3_labor_9h,2023_Q3_labor
107,2023_Q3_labor_10h,2023_Q3_labor
108,2023_Q3_labor_11h,2023_Q3_labor
109,2023_Q3_labor_12h,2023_Q3_labor
110,2023_Q3_labor_13h,2023_Q3_labor
111,2023_Q3_labor_14h,2023_Q3_labor
112,2023_Q3_labor_15h,2023_Q3_labor
113,2023_Q3_labor_16h,2023_Q3_labor
114,2023_Q3_labor_17h,2023_Q3_labor
115,2023_Q3_labor_18h,2023_Q3_labor
116,2023_Q3_labor_19h,2023_Q3_labor
117,2023_Q3_labor_20h,2023_Q3_labor
118,2023_Q3_labor_21h,2023_Q3_labor
119,2023_Q3_labor_22h,2023_Q3_labor
120,2023_Q3_labor_23h,2023_Q3_labor
121,2023_Q3_holidays_0h,2023_Q3_holidays
122,2023_Q3_holidays_1h,2023_Q3_holidays
123,2023_Q3_holidays_2h,2023_Q3_holidays
124,2023_Q3_holidays_3h,2023_Q3_holidays
125,2023_Q3_holidays_4h,2023_Q3_holidays
126,2023_Q3_holidays_5h,2023_Q3_holidays
127,2023_Q3_holidays_6h,2023_Q3_holidays
128,2023_Q3_holidays_7h,2023_Q3_holidays
129,2023_Q3_holidays_8h,2023_Q3_holidays
130,2023_Q3_holidays_9h,2023_Q3_holidays
131,2023_Q3_holidays_10h,2023_Q3_holidays
132,2023_Q3_holidays_11h,2023_Q3_holidays
133,2023_Q3_holidays_12h,2023_Q3_holidays
134,2023_Q3_holidays_13h,2023_Q3_holidays
135,2023_Q3_holidays_14h,2023_Q3_holidays
136,2023_Q3_holidays_15h,2023_Q3_holidays
137,2023_Q3_holidays_16h,2023_Q3_holidays
138,2023_Q3_holidays_17h,2023_Q3_holidays
139,2023_Q3_holidays_18h,2023_Q3_holidays
140,2023_Q3_holidays_19h,2023_Q3_holidays
141,2023_Q3_holidays_20h,2023_Q3_holidays
142,2023_Q3_holidays_21h,2023_Q3_holidays
143,2023_Q3_holidays_22h,2023_Q3_holidays
144,2023_Q3_holidays_23h,2023_Q3_holidays
145,2023_Q4_labor_0h,2023_Q4_labor
146,2023_Q4_labor_1h,2023_Q4_labor
147,2023_Q4_labor_2h,2023_Q4_labor
148,2023_Q4_labor_3h,2023_Q4_labor
149,2023_Q4_labor_4h,2023_Q4_labor
150,2023_Q4_labor_5h,2023_Q4_labor
151,2023_Q4_labor_6h,2023_Q4_labor
152,2023_Q4_labor_7h,2023_Q4_labor
153,2023_Q4_labor_8h,2023_Q4_labor
154,2023_Q4_labor_9h,2023_Q4_labor
155,2023_Q4_labor_10h,2023_Q4_labor
156,2023_Q4_labor_11h,2023_Q4_labor
157,2023_Q4_labor_12h,2023_Q4_labor
158,2023_Q4_labor_13h,2023_Q4_labor
159,2023_Q4_labor_14h,2023_Q4_labor
160,2023_Q4_labor_15h,2023_Q4_labor
161,2023_Q4_labor_16h,2023_Q4_labor
162,2023_Q4_labor_17h,2023_Q4_labor
163,2023_Q4_labor_18h,2023_Q4_labor
164,2023_Q4_labor_19h,2023_Q4_labor
165,2023_Q4_labor_20h,2023_Q4_labor
166,2023_Q4_labor_21h,2023_Q4_labor
167,2023_Q4_labor_22h,2023_Q4_labor
168,2023_Q4_labor_23h,2023_Q4_labor
169,2023_Q4_holidays_0h,2023_Q4_holidays
170,2023_Q4_holidays_1h,2023_Q4_holidays
171,2023_Q4_holidays_2h,2023_Q4_holidays
172,2023_Q4_holidays_3h,2023_Q4_holidays
173,2023_Q4_holidays_4h,2023_Q4_holidays
174,2023_Q4_holidays_5h,2023_Q4_holidays
175,2023_Q4_holidays_6h,2023_Q4_holidays
176,2023_Q4_holidays_7h,2023_Q4_holidays
177,2023_Q4_holidays_8h,2023_Q4_holidays
178,2023_Q4_holidays_9h,2023_Q4_holidays
179,2023_Q4_holidays_10h,2023_Q4_holidays
180,2023_Q4_holidays_11h,2023_Q4_holidays
181,2023_Q4_holidays_12h,2023_Q4_holidays
182,2023_Q4_holidays_13h,2023_Q4_holidays
183,2023_Q4_holidays_14h,2023_Q4_holidays
184,2023_Q4_holidays_15h,2023_Q4_holidays
185,2023_Q4_holidays_16h,2023_Q4_holidays
186,2023_Q4_holidays_17h,2023_Q4_holidays
187,2023_Q4_holidays_18h,2023_Q4_holidays
188,2023_Q4_holidays_19h,2023_Q4_holidays
189,2023_Q4_holidays_20h,2023_Q4_holidays
190,2023_Q4_holidays_21h,2023_Q4_holidays
191,2023_Q4_holidays_22h,2023_Q4_holidays
192,2023_Q4_holidays_23h,2023_Q4_holidays
193,2024_Q1_labor_0h,2024_Q1_labor
194,2024_Q1_labor_1h,2024_Q1_labor
195,2024_Q1_labor_2h,2024_Q1_labor
196,2024_Q1_labor_3h,2024_Q1_labor
197,2024_Q1_labor_4h,2024_Q1_labor
198,2024_Q1_labor_5h,2024_Q1_labor
199,2024_Q1_labor_6h,2024_Q1_labor
200,2024_Q1_labor_7h,2024_Q1_labor
201,2024_Q1_labor_8h,2024_Q1_labor
202,2024_Q1_labor_9h,2024_Q1_labor
203,2024_Q1_labor_10h,2024_Q1_labor
204,2024_Q1_labor_11h,2024_Q1_labor
205,2024_Q1_labor_12h,2024_Q1_labor
206,2024_Q1_labor_13h,2024_Q1_labor
207,2024_Q1_labor_14h,2024_Q1_labor
208,2024_Q1_labor_15h,2024_Q1_labor
209,2024_Q1_labor_16h,2024_Q1_labor
210,2024_Q1_labor_17h,2024_Q1_labor
211,2024_Q1_labor_18h,2024_Q1_labor
212,2024_Q1_labor_19h,2024_Q1_labor
213,2024_Q1_labor_20h,2024_Q1_labor
214,2024_Q1_labor_21h,2024_Q1_labor
215,2024_Q1_labor_22h,2024_Q1_labor
216,2024_Q1_labor_23h,2024_Q1_labor
217,2024_Q1_holidays_0h,2024_Q1_holidays
218,2024_Q1_holidays_1h,2024_Q1_holidays
219,2024_Q1_holidays_2h,2024_Q1_holidays
220,2024_Q1_holidays_3h,2024_Q1_holidays
221,2024_Q1_holidays_4h,2024_Q1_holidays
222,2024_Q1_holidays_5h,2024_Q1_holidays
223,2024_Q1_holidays_6h,2024_Q1_holidays
224,2024_Q1_holidays_7h,2024_Q1_holidays
225,2024_Q1_holidays_8h,2024_Q1_holidays
226,2024_Q1_holidays_9h,2024_Q1_holidays
227,2024_Q1_holidays_10h,2024_Q1_holidays
228,2024_Q1_holidays_11h,2024_Q1_holidays
229,2024_Q1_holidays_12h,2024_Q1_holidays
230,2024_Q1_holidays_13h,2024_Q1_holidays
231,2024_Q1_holidays_14h,2024_Q1_holidays
232,2024_Q1_holidays_15h,2024_Q1_holidays
233,2024_Q1_holidays_16h,2024_Q1_holidays
234,2024_Q1_holidays_17h,2024_Q1_holidays
235,2024_Q1_holidays_18h,2024_Q1_holidays
236,2024_Q1_holidays_19h,2024_Q1_holidays
237,2024_Q1_holidays_20h,2024_Q1_holidays
238,2024_Q1_holidays_21h,2024_Q1_holidays
239,2024_Q1_holidays_22h,2024_Q1_holidays
240,2024_Q1_holidays_23h,2024_Q1_holidays
241,2024_Q2_labor_0h,2024_Q2_labor
242,2024_Q2_labor_1h,2024_Q2_labor
243,2024_Q2_labor_2h,2024_Q2_labor
244,2024_Q2_labor_3h,2024_Q2_labor
245,2024_Q2_labor_4h,2024_Q2_labor
246,2024_Q2_labor_5h,2024_Q2_labor
247,2024_Q2_labor_6h,2024_Q2_labor
248,2024_Q2_labor_7h,2024_Q2_labor
249,2024_Q2_labor_8h,2024_Q2_labor
250,2024_Q2_labor_9h,2024_Q2_labor
251,2024_Q2_labor_10h,2024_Q2_labor
252,2024_Q2_labor_11h,2024_Q2_labor
253,2024_Q2_labor_12h,2024_Q2_labor
254,2024_Q2_labor_13h,2024_Q2_labor
255,2024_Q2_labor_14h,2024_Q2_labor
256,2024_Q2_labor_15h,2024_Q2_labor
257,2024_Q2_labor_16h,2024_Q2_labor
258,2024_Q2_labor_17h,2024_Q2_labor
259,2024_Q2_labor_18h,2024_Q2_labor
260,2024_Q2_labor_19h,2024_Q2_labor
261,2024_Q2_labor_20h,2024_Q2_labor
262,2024_Q2_labor_21h,2024_Q2_labor
263,2024_Q2_labor_22h,2024_Q2_labor
264,2024_Q2_labor_23h,2024_Q2_labor
265,2024_Q2_holidays_0h,2024_Q2_holidays
266,2024_Q2_holidays_1h,2024_Q2_holidays
267,2024_Q2_holidays_2h,2024_Q2_holidays
268,2024_Q2_holidays_3h,2024_Q2_holidays
269,2024_Q2_holidays_4h,2024_Q2_holidays
270,2024_Q2_holidays_5h,2024_Q2_holidays
271,2024_Q2_holidays_6h,2024_Q2_holidays
272,2024_Q2_holidays_7h,2024_Q2_holidays
273,2024_Q2_holidays_8h,2024_Q2_holidays
274,2024_Q2_holidays_9h,2024_Q2_holidays
275,2024_Q2_holidays_10h,2024_Q2_holidays
276,2024_Q2_holidays_11h,2024_Q2_holidays
277,2024_Q2_holidays_12h,2024_Q2_holidays
278,2024_Q2_holidays_13h,2024_Q2_holidays
279,2024_Q2_holidays_14h,2024_Q2_holidays
280,2024_Q2_holidays_15h,2024_Q2_holidays
281,2024_Q2_holidays_16h,2024_Q2_holidays
282,2024_Q2_holidays_17h,2024_Q2_holidays
283,2024_Q2_holidays_18h,2024_Q2_holidays
284,2024_Q2_holidays_19h,2024_Q2_holidays
285,2024_Q2_holidays_20h,2024_Q2_holidays
286,2024_Q2_holidays_21h,2024_Q2_holidays
287,2024_Q2_holidays_22h,2024_Q2_holidays
288,2024_Q2_holidays_23h,2024_Q2_holidays
289,2024_Q3_labor_0h,2024_Q3_labor
290,2024_Q3_labor_1h,2024_Q3_labor
291,2024_Q3_labor_2h,2024_Q3_labor
292,2024_Q3_labor_3h,2024_Q3_labor
293,2024_Q3_labor_4h,2024_Q3_labor
294,2024_Q3_labor_5h,2024_Q3_labor
295,2024_Q3_labor_6h,2024_Q3_labor
296,2024_Q3_labor_7h,2024_Q3_labor
297,2024_Q3_labor_8h,2024_Q3_labor
298,2024_Q3_labor_9h,2024_Q3_labor
299,2024_Q3_labor_10h,2024_Q3_labor
300,2024_Q3_labor_11h,2024_Q3_labor
301,2024_Q3_labor_12h,2024_Q3_labor
302,2024_Q3_labor_13h,2024_Q3_labor
303,2024_Q3_labor_14h,2024_Q3_labor
304,2024_Q3_labor_15h,2024_Q3_labor
305,2024_Q3_labor_16h,2024_Q3_labor
306,2024_Q3_labor_17h,2024_Q3_labor
307,2024_Q3_labor_18h,2024_Q3_labor
308,2024_Q3_labor_19h,2024_Q3_labor
309,2024_Q3_labor_20h,2024_Q3_labor
310,2024_Q3_labor_21h,2024_Q3_labor
311,2024_Q3_labor_22h,2024_Q3_labor
312,2024_Q3_labor_23h,2024_Q3_labor
313,2024_Q3_holidays_0h,2024_Q3_holidays
314,2024_Q3_holidays_1h,2024_Q3_holidays
315,2024_Q3_holidays_2h,2024_Q3_holidays
316,2024_Q3_holidays_3h,2024_Q3_holidays
317,2024_Q3_holidays_4h,2024_Q3_holidays
318,2024_Q3_holidays_5h,2024_Q3_holidays
319,2024_Q3_holidays_6h,2024_Q3_holidays
320,2024_Q3_holidays_7h,2024_Q3_holidays
321,2024_Q3_holidays_8h,2024_Q3_holidays
322,2024_Q3_holidays_9h,2024_Q3_holidays
323,2024_Q3_holidays_10h,2024_Q3_holidays
324,2024_Q3_holidays_11h,2024_Q3_holidays
325,2024_Q3_holidays_12h,2024_Q3_holidays
326,2024_Q3_holidays_13h,2024_Q3_holidays
327,2024_Q3_holidays_14h,2024_Q3_holidays
328,2024_Q3_holidays_15h,2024_Q3_holidays
329,2024_Q3_holidays_16h,2024_Q3_holidays
330,2024_Q3_holidays_17h,2024_Q3_holidays
331,2024_Q3_holidays_18h,2024_Q3_holidays
332,2024_Q3_holidays_19h,2024_Q3_holidays
333,2024_Q3_holidays_20h,2024_Q3_holidays
334,2024_Q3_holidays_21h,2024_Q3_holidays
335,2024_Q3_holidays_22h,2024_Q3_holidays
336,2024_Q3_holidays_23h,2024_Q3_holidays
337,2024_Q4_labor_0h,2024_Q4_labor
338,2024_Q4_labor_1h,2024_Q4_labor
339,2024_Q4_labor_2h,2024_Q4_labor
340,2024_Q4_labor_3h,2024_Q4_labor
341,2024_Q4_labor_4h,2024_Q4_labor
342,2024_Q4_labor_5h,2024_Q4_labor
343,2024_Q4_labor_6h,2024_Q4_labor
344,2024_Q4_labor_7h,2024_Q4_labor
345,2024_Q4_labor_8h,2024_Q4_labor
346,2024_Q4_labor_9h,2024_Q4_labor
347,2024_Q4_labor_10h,2024_Q4_labor
348,2024_Q4_labor_11h,2024_Q4_labor
349,2024_Q4_labor_12h,2024_Q4_labor
350,2024_Q4_labor_13h,2024_Q4_labor
351,2024_Q4_labor_14h,2024_Q4_labor
352,2024_Q4_labor_15h,2024_Q4_labor
353,2024_Q4_labor_16h,2024_Q4_labor
354,2024_Q4_labor_17h,2024_Q4_labor
355,2024_Q4_labor_18h,2024_Q4_labor
356,2024_Q4_labor_19h,2024_Q4_labor
357,2024_Q4_labor_20h,2024_Q4_labor
358,2024_Q4_labor_21h,2024_Q4_labor
359,2024_Q4_labor_22h,2024_Q4_labor
360,2024_Q4_labor_23h,2024_Q4_labor
361,2024_Q4_holidays_0h,2024_Q4_holidays
362,2024_Q4_holidays_1h,2024_Q4_holidays
363,2024_Q4_holidays_2h,2024_Q4_holidays
364,2024_Q4_holidays_3h,2024_Q4_holidays
365,2024_Q4_holidays_4h,2024_Q4_holidays
366,2024_Q4_holidays_5h,2024_Q4_holidays
367,2024_Q4_holidays_6h,2024_Q4_holidays
368,2024_Q4_holidays_7h,2024_Q4_holidays
369,2024_Q4_holidays_8h,2024_Q4_holidays
370,2024_Q4_holidays_9h,2024_Q4_holidays
371,2024_Q4_holidays_10h,2024_Q4_holidays
372,2024_Q4_holidays_11h,2024_Q4_holidays
373,2024_Q4_holidays_12h,2024_Q4_holidays
374,2024_Q4_holidays_13h,2024_Q4_holidays
375,2024_Q4_holidays_14h,2024_Q4_holidays
376,2024_Q4_holidays_15h,2024_Q4_holidays
377,2024_Q4_holidays_16h,2024_Q4_holidays
378,2024_Q4_holidays_17h,2024_Q4_holidays
379,2024_Q4_holidays_18h,2024_Q4_holidays
380,2024_Q4_holidays_19h,2024_Q4_holidays
381,2024_Q4_holidays_20h,2024_Q4_holidays
382,2024_Q4_holidays_21h,2024_Q4_holidays
383,2024_Q4_holidays_22h,2024_Q4_holidays
384,2024_Q4_holidays_23h,2024_Q4_holidays
385,2025_Q1_labor_0h,2025_Q1_labor
386,2025_Q1_labor_1h,2025_Q1_labor
387,2025_Q1_labor_2h,2025_Q1_labor
388,2025_Q1_labor_3h,2025_Q1_labor
389,2025_Q1_labor_4h,2025_Q1_labor
390,2025_Q1_labor_5h,2025_Q1_labor
391,2025_Q1_labor_6h,2025_Q1_labor
392,2025_Q1_labor_7h,2025_Q1_labor
393,2025_Q1_labor_8h,2025_Q1_labor
394,2025_Q1_labor_9h,2025_Q1_labor
395,2025_Q1_labor_10h,2025_Q1_labor
396,2025_Q1_labor_11h,2025_Q1_labor
397,2025_Q1_labor_12h,2025_Q1_labor
398,2025_Q1_labor_13h,2025_Q1_labor
399,2025_Q1_labor_14h,2025_Q1_labor
400,2025_Q1_labor_15h,2025_Q1_labor
401,2025_Q1_labor_16h,2025_Q1_labor
402,2025_Q1_labor_17h,2025_Q1_labor
403,2025_Q1_labor_18h,2025_Q1_labor
404,2025_Q1_labor_19h,2025_Q1_labor
405,2025_Q1_labor_20h,2025_Q1_labor
406,2025_Q1_labor_21h,2025_Q1_labor
407,2025_Q1_labor_22h,2025_Q1_labor
408,2025_Q1_labor_23h,2025_Q1_labor
409,2025_Q1_holidays_0h,2025_Q1_holidays
410,2025_Q1_holidays_1h,2025_Q1_holidays
411,2025_Q1_holidays_2h,2025_Q1_holidays
412,2025_Q1_holidays_3h,2025_Q1_holidays
413,2025_Q1_holidays_4h,2025_Q1_holidays
414,2025_Q1_holidays_5h,2025_Q1_holidays
415,2025_Q1_holidays_6h,2025_Q1_holidays
416,2025_Q1_holidays_7h,2025_Q1_holidays
417,2025_Q1_holidays_8h,2025_Q1_holidays
418,2025_Q1_holidays_9h,2025_Q1_holidays
419,2025_Q1_holidays_10h,2025_Q1_holidays
420,2025_Q1_holidays_11h,2025_Q1_holidays
421,2025_Q1_holidays_12h,2025_Q1_holidays
422,2025_Q1_holidays_13h,2025_Q1_holidays
423,2025_Q1_holidays_14h,2025_Q1_holidays
424,2025_Q1_holidays_15h,2025_Q1_holidays
425,2025_Q1_holidays_16h,2025_Q1_holidays
426,2025_Q1_holidays_17h,2025_Q1_holidays
427,2025_Q1_holidays_18h,2025_Q1_holidays
428,2025_Q1_holidays_19h,2025_Q1_holidays
429,2025_Q1_holidays_20h,2025_Q1_holidays
430,2025_Q1_holidays_21h,2025_Q1_holidays
431,2025_Q1_holidays_22h,2025_Q1_holidays
432,2025_Q1_holidays_23h,2025_Q1_holidays
433,2025_Q2_labor_0h,2025_Q2_labor
434,2025_Q2_labor_1h,2025_Q2_labor
435,2025_Q2_labor_2h,2025_Q2_labor
436,2025_Q2_labor_3h,2025_Q2_labor
437,2025_Q2_labor_4h,2025_Q2_labor
438,2025_Q2_labor_5h,2025_Q2_labor
439,2025_Q2_labor_6h,2025_Q2_labor
440,2025_Q2_labor_7h,2025_Q2_labor
441,2025_Q2_labor_8h,2025_Q2_labor
442,2025_Q2_labor_9h,2025_Q2_labor
443,2025_Q2_labor_10h,2025_Q2_labor
444,2025_Q2_labor_11h,2025_Q2_labor
445,2025_Q2_labor_12h,2025_Q2_labor
446,2025_Q2_labor_13h,2025_Q2_labor
447,2025_Q2_labor_14h,2025_Q2_labor
448,2025_Q2_labor_15h,2025_Q2_labor
449,2025_Q2_labor_16h,2025_Q2_labor
450,2025_Q2_labor_17h,2025_Q2_labor
451,2025_Q2_labor_18h,2025_Q2_labor
452,2025_Q2_labor_19h,2025_Q2_labor
453,2025_Q2_labor_20h,2025_Q2_labor
454,2025_Q2_labor_21h,2025_Q2_labor
455,2025_Q2_labor_22h,2025_Q2_labor
456,2025_Q2_labor_23h,2025_Q2_labor
457,2025_Q2_holidays_0h,2025_Q2_holidays
458,2025_Q2_holidays_1h,2025_Q2_holidays
459,2025_Q2_holidays_2h,2025_Q2_holidays
460,2025_Q2_holidays_3h,2025_Q2_holidays
461,2025_Q2_holidays_4h,2025_Q2_holidays
462,2025_Q2_holidays_5h,2025_Q2_holidays
463,2025_Q2_holidays_6h,2025_Q2_holidays
464,2025_Q2_holidays_7h,2025_Q2_holidays
465,2025_Q2_holidays_8h,2025_Q2_holidays
466,2025_Q2_holidays_9h,2025_Q2_holidays
467,2025_Q2_holidays_10h,2025_Q2_holidays
468,2025_Q2_holidays_11h,2025_Q2_holidays
469,2025_Q2_holidays_12h,2025_Q2_holidays
470,2025_Q2_holidays_13h,2025_Q2_holidays
471,2025_Q2_holidays_14h,2025_Q2_holidays
472,2025_Q2_holidays_15h,2025_Q2_holidays
473,2025_Q2_holidays_16h,2025_Q2_holidays
474,2025_Q2_holidays_17h,2025_Q2_holidays
475,2025_Q2_holidays_18h,2025_Q2_holidays
476,2025_Q2_holidays_19h,2025_Q2_holidays
477,2025_Q2_holidays_20h,2025_Q2_holidays
478,2025_Q2_holidays_21h,2025_Q2_holidays
479,2025_Q2_holidays_22h,2025_Q2_holidays
480,2025_Q2_holidays_23h,2025_Q2_holidays
481,2025_Q3_labor_0h,2025_Q3_labor
482,2025_Q3_labor_1h,2025_Q3_labor
483,2025_Q3_labor_2h,2025_Q3_labor
484,2025_Q3_labor_3h,2025_Q3_labor
485,2025_Q3_labor_4h,2025_Q3_labor
486,2025_Q3_labor_5h,2025_Q3_labor
487,2025_Q3_labor_6h,2025_Q3_labor
488,2025_Q3_labor_7h,2025_Q3_labor
489,2025_Q3_labor_8h,2025_Q3_labor
490,2025_Q3_labor_9h,2025_Q3_labor
491,2025_Q3_labor_10h,2025_Q3_labor
492,2025_Q3_labor_11h,2025_Q3_labor
493,2025_Q3_labor_12h,2025_Q3_labor
494,2025_Q3_labor_13h,2025_Q3_labor
495,2025_Q3_labor_14h,2025_Q3_labor
496,2025_Q3_labor_15h,2025_Q3_labor
497,2025_Q3_labor_16h,2025_Q3_labor
498,2025_Q3_labor_17h,2025_Q3_labor
499,2025_Q3_labor_18h,2025_Q3_labor
500,2025_Q3_labor_19h,2025_Q3_labor
501,2025_Q3_labor_20h,2025_Q3_labor
502,2025_Q3_labor_21h,2025_Q3_labor
503,2025_Q3_labor_22h,2025_Q3_labor
504,2025_Q3_labor_23h,2025_Q3_labor
505,2025_Q3_holidays_0h,2025_Q3_holidays
506,2025_Q3_holidays_1h,2025_Q3_holidays
507,2025_Q3_holidays_2h,2025_Q3_holidays
508,2025_Q3_holidays_3h,2025_Q3_holidays
509,2025_Q3_holidays_4h,2025_Q3_holidays
510,2025_Q3_holidays_5h,2025_Q3_holidays
511,2025_Q3_holidays_6h,2025_Q3_holidays
512,2025_Q3_holidays_7h,2025_Q3_holidays
513,2025_Q3_holidays_8h,2025_Q3_holidays
514,2025_Q3_holidays_9h,2025_Q3_holidays
515,2025_Q3_holidays_10h,2025_Q3_holidays
516,2025_Q3_holidays_11h,2025_Q3_holidays
517,2025_Q3_holidays_12h,2025_Q3_holidays
518,2025_Q3_holidays_13h,2025_Q3_holidays
519,2025_Q3_holidays_14h,2025_Q3_holidays
520,2025_Q3_holidays_15h,2025_Q3_holidays
521,2025_Q3_holidays_16h,2025_Q3_holidays
522,2025_Q3_holidays_17h,2025_Q3_holidays
523,2025_Q3_holidays_18h,2025_Q3_holidays
524,2025_Q3_holidays_19h,2025_Q3_holidays
525,2025_Q3_holidays_20h,2025_Q3_holidays
526,2025_Q3_holidays_21h,2025_Q3_holidays
527,2025_Q3_holidays_22h,2025_Q3_holidays
528,2025_Q3_holidays_23h,2025_Q3_holidays
529,2025_Q4_labor_0h,2025_Q4_labor
530,2025_Q4_labor_1h,2025_Q4_labor
531,2025_Q4_labor_2h,2025_Q4_labor
532,2025_Q4_labor_3h,2025_Q4_labor
533,2025_Q4_labor_4h,2025_Q4_labor
534,2025_Q4_labor_5h,2025_Q4_labor
535,2025_Q4_labor_6h,2025_Q4_labor
536,2025_Q4_labor_7h,2025_Q4_labor
537,2025_Q4_labor_8h,2025_Q4_labor
538,2025_Q4_labor_9h,2025_Q4_labor
539,2025_Q4_labor_10h,2025_Q4_labor
540,2025_Q4_labor_11h,2025_Q4_labor
541,2025_Q4_labor_12h,2025_Q4_labor
542,2025_Q4_labor_13h,2025_Q4_labor
543,2025_Q4_labor_14h,2025_Q4_labor
544,2025_Q4_labor_15h,2025_Q4_labor
545,2025_Q4_labor_16h,2025_Q4_labor
546,2025_Q4_labor_17h,2025_Q4_labor
547,2025_Q4_labor_18h,2025_Q4_labor
548,2025_Q4_labor_19h,2025_Q4_labor
549,2025_Q4_labor_20h,2025_Q4_labor
550,2025_Q4_labor_21h,2025_Q4_labor
551,2025_Q4_labor_22h,2025_Q4_labor
552,2025_Q4_labor_23h,2025_Q4_labor
553,2025_Q4_holidays_0h,2025_Q4_holidays
554,2025_Q4_holidays_1h,2025_Q4_holidays
555,2025_Q4_holidays_2h,2025_Q4_holidays
556,2025_Q4_holidays_3h,2025_Q4_holidays
557,2025_Q4_holidays_4h,2025_Q4_holidays
558,2025_Q4_holidays_5h,2025_Q4_holidays
559,2025_Q4_holidays_6h,2025_Q4_holidays
560,2025_Q4_holidays_7h,2025_Q4_holidays
561,2025_Q4_holidays_8h,2025_Q4_holidays
562,2025_Q4_holidays_9h,2025_Q4_holidays
563,2025_Q4_holidays_10h,2025_Q4_holidays
564,2025_Q4_holidays_11h,2025_Q4_holidays
565,2025_Q4_holidays_12h,2025_Q4_holidays
566,2025_Q4_holidays_13h,2025_Q4_holidays
567,2025_Q4_holidays_14h,2025_Q4_holidays
568,2025_Q4_holidays_15h,2025_Q4_holidays
569,2025_Q4_holidays_16h,2025_Q4_holidays
570,2025_Q4_holidays_17h,2025_Q4_holidays
571,2025_Q4_holidays_18h,2025_Q4_holidays
572,2025_Q4_holidays_19h,2025_Q4_holidays
573,2025_Q4_holidays_20h,2025_Q4_holidays
574,2025_Q4_holidays_21h,2025_Q4_holidays
575,2025_Q4_holidays_22h,2025_Q4_holidays
576,2025_Q4_holidays_23h,2025_Q4_holidays
577,2026_Q1_labor_0h,2026_Q1_labor
578,2026_Q1_labor_1h,2026_Q1_labor
579,2026_Q1_labor_2h,2026_Q1_labor
580,2026_Q1_labor_3h,2026_Q1_labor
581,2026_Q1_labor_4h,2026_Q1_labor
582,2026_Q1_labor_5h,2026_Q1_labor
583,2026_Q1_labor_6h,2026_Q1_labor
584,2026_Q1_labor_7h,2026_Q1_labor
585,2026_Q1_labor_8h,2026_Q1_labor
586,2026_Q1_labor_9h,2026_Q1_labor
587,2026_Q1_labor_10h,2026_Q1_labor
588,2026_Q1_labor_11h,2026_Q1_labor
589,2026_Q1_labor_12h,2026_Q1_labor
590,2026_Q1_labor_13h,2026_Q1_labor
591,2026_Q1_labor_14h,2026_Q1_labor
592,2026_Q1_labor_15h,2026_Q1_labor
593,2026_Q1_labor_16h,2026_Q1_labor
594,2026_Q1_labor_17h,2026_Q1_labor
595,2026_Q1_labor_18h,2026_Q1_labor
596,2026_Q1_labor_19h,2026_Q1_labor
597,2026_Q1_labor_20h,2026_Q1_labor
598,2026_Q1_labor_21h,2026_Q1_labor
599,2026_Q1_labor_22h,2026_Q1_labor
600,2026_Q1_labor_23h,2026_Q1_labor
601,2026_Q1_holidays_0h,2026_Q1_holidays
602,2026_Q1_holidays_1h,2026_Q1_holidays
603,2026_Q1_holidays_2h,2026_Q1_holidays
604,2026_Q1_holidays_3h,2026_Q1_holidays
605,2026_Q1_holidays_4h,2026_Q1_holidays
606,2026_Q1_holidays_5h,2026_Q1_holidays
607,2026_Q1_holidays_6h,2026_Q1_holidays
608,2026_Q1_holidays_7h,2026_Q1_holidays
609,2026_Q1_holidays_8h,2026_Q1_holidays
610,2026_Q1_holidays_9h,2026_Q1_holidays
611,2026_Q1_holidays_10h,2026_Q1_holidays
612,2026_Q1_holidays_11h,2026_Q1_holidays
613,2026_Q1_holidays_12h,2026_Q1_holidays
614,2026_Q1_holidays_13h,2026_Q1_holidays
615,2026_Q1_holidays_14h,2026_Q1_holidays
616,2026_Q1_holidays_15h,2026_Q1_holidays
617,2026_Q1_holidays_16h,2026_Q1_holidays
618,2026_Q1_holidays_17h,2026_Q1_holidays
619,2026_Q1_holidays_18h,2026_Q1_holidays
620,2026_Q1_holidays_19h,2026_Q1_holidays
621,2026_Q1_holidays_20h,2026_Q1_holidays
622,2026_Q1_holidays_21h,2026_Q1_holidays
623,2026_Q1_holidays_22h,2026_Q1_holidays
624,2026_Q1_holidays_23h,2026_Q1_holidays
625,2026_Q2_labor_0h,2026_Q2_labor
626,2026_Q2_labor_1h,2026_Q2_labor
627,2026_Q2_labor_2h,2026_Q2_labor
628,2026_Q2_labor_3h,2026_Q2_labor
629,2026_Q2_labor_4h,2026_Q2_labor
630,2026_Q2_labor_5h,2026_Q2_labor
631,2026_Q2_labor_6h,2026_Q2_labor
632,2026_Q2_labor_7h,2026_Q2_labor
633,2026_Q2_labor_8h,2026_Q2_labor
634,2026_Q2_labor_9h,2026_Q2_labor
635,2026_Q2_labor_10h,2026_Q2_labor
636,2026_Q2_labor_11h,2026_Q2_labor
637,2026_Q2_labor_12h,2026_Q2_labor
638,2026_Q2_labor_13h,2026_Q2_labor
639,2026_Q2_labor_14h,2026_Q2_labor
640,2026_Q2_labor_15h,2026_Q2_labor
641,2026_Q2_labor_16h,2026_Q2_labor
642,2026_Q2_labor_17h,2026_Q2_labor
643,2026_Q2_labor_18h,2026_Q2_labor
644,2026_Q2_labor_19h,2026_Q2_labor
645,2026_Q2_labor_20h,2026_Q2_labor
646,2026_Q2_labor_21h,2026_Q2_labor
647,2026_Q2_labor_22h,2026_Q2_labor
648,2026_Q2_labor_23h,2026_Q2_labor
649,2026_Q2_holidays_0h,2026_Q2_holidays
650,2026_Q2_holidays_1h,2026_Q2_holidays
651,2026_Q2_holidays_2h,2026_Q2_holidays
652,2026_Q2_holidays_3h,2026_Q2_holidays
653,2026_Q2_holidays_4h,2026_Q2_holidays
654,2026_Q2_holidays_5h,2026_Q2_holidays
655,2026_Q2_holidays_6h,2026_Q2_holidays
656,2026_Q2_holidays_7h,2026_Q2_holidays
657,2026_Q2_holidays_8h,2026_Q2_holidays
658,2026_Q2_holidays_9h,2026_Q2_holidays
659,2026_Q2_holidays_10h,2026_Q2_holidays
660,2026_Q2_holidays_11h,2026_Q2_holidays
661,2026_Q2_holidays_12h,2026_Q2_holidays
662,2026_Q2_holidays_13h,2026_Q2_holidays
663,2026_Q2_holidays_14h,2026_Q2_holidays
664,2026_Q2_holidays_15h,2026_Q2_holidays
665,2026_Q2_holidays_16h,2026_Q2_holidays
666,2026_Q2_holidays_17h,2026_Q2_holidays
667,2026_Q2_holidays_18h,2026_Q2_holidays
668,2026_Q2_holidays_19h,2026_Q2_holidays
669,2026_Q2_holidays_20h,2026_Q2_holidays
670,2026_Q2_holidays_21h,2026_Q2_holidays
671,2026_Q2_holidays_22h,2026_Q2_holidays
672,2026_Q2_holidays_23h,2026_Q2_holidays
673,2026_Q3_labor_0h,2026_Q3_labor
674,2026_Q3_labor_1h,2026_Q3_labor
675,2026_Q3_labor_2h,2026_Q3_labor
676,2026_Q3_labor_3h,2026_Q3_labor
677,2026_Q3_labor_4h,2026_Q3_labor
678,2026_Q3_labor_5h,2026_Q3_labor
679,2026_Q3_labor_6h,2026_Q3_labor
680,2026_Q3_labor_7h,2026_Q3_labor
681,2026_Q3_labor_8h,2026_Q3_labor
682,2026_Q3_labor_9h,2026_Q3_labor
683,2026_Q3_labor_10h,2026_Q3_labor
684,2026_Q3_labor_11h,2026_Q3_labor
685,2026_Q3_labor_12h,2026_Q3_labor
686,2026_Q3_labor_13h,2026_Q3_labor
687,2026_Q3_labor_14h,2026_Q3_labor
688,2026_Q3_labor_15h,2026_Q3_labor
689,2026_Q3_labor_16h,2026_Q3_labor
690,2026_Q3_labor_17h,2026_Q3_labor
691,2026_Q3_labor_18h,2026_Q3_labor
692,2026_Q3_labor_19h,2026_Q3_labor
693,2026_Q3_labor_20h,2026_Q3_labor
694,2026_Q3_labor_21h,2026_Q3_labor
695,2026_Q3_labor_22h,2026_Q3_labor
696,2026_Q3_labor_23h,2026_Q3_labor
697,2026_Q3_holidays_0h,2026_Q3_holidays
698,2026_Q3_holidays_1h,2026_Q3_holidays
699,2026_Q3_holidays_2h,2026_Q3_holidays
700,2026_Q3_holidays_3h,2026_Q3_holidays
701,2026_Q3_holidays_4h,2026_Q3_holidays
702,2026_Q3_holidays_5h,2026_Q3_holidays
703,2026_Q3_holidays_6h,2026_Q3_holidays
704,2026_Q3_holidays_7h,2026_Q3_holidays
705,2026_Q3_holidays_8h,2026_Q3_holidays
706,2026_Q3_holidays_9h,2026_Q3_holidays
707,2026_Q3_holidays_10h,2026_Q3_holidays
708,2026_Q3_holidays_11h,2026_Q3_holidays
709,2026_Q3_holidays_12h,2026_Q3_holidays
710,2026_Q3_holidays_13h,2026_Q3_holidays
711,2026_Q3_holidays_14h,2026_Q3_holidays
712,2026_Q3_holidays_15h,2026_Q3_holidays
713,2026_Q3_holidays_16h,2026_Q3_holidays
714,2026_Q3_holidays_17h,2026_Q3_holidays
715,2026_Q3_holidays_18h,2026_Q3_holidays
716,2026_Q3_holidays_19h,2026_Q3_holidays
717,2026_Q3_holidays_20h,2026_Q3_holidays
718,2026_Q3_holidays_21h,2026_Q3_holidays
719,2026_Q3_holidays_22h,2026_Q3_holidays
720,2026_Q3_holidays_23h,2026_Q3_holidays
721,2026_Q4_labor_0h,2026_Q4_labor
722,2026_Q4_labor_1h,2026_Q4_labor
723,2026_Q4_labor_2h,2026_Q4_labor
724,2026_Q4_labor_3h,2026_Q4_labor
725,2026_Q4_labor_4h,2026_Q4_labor
726,2026_Q4_labor_5h,2026_Q4_labor
727,2026_Q4_labor_6h,2026_Q4_labor
728,2026_Q4_labor_7h,2026_Q4_labor
729,2026_Q4_labor_8h,2026_Q4_labor
730,2026_Q4_labor_9h,2026_Q4_labor
731,2026_Q4_labor_10h,2026_Q4_labor
732,2026_Q4_labor_11h,2026_Q4_labor
733,2026_Q4_labor_12h,2026_Q4_labor
734,2026_Q4_labor_13h,2026_Q4_labor
735,2026_Q4_labor_14h,2026_Q4_labor
736,2026_Q4_labor_15h,2026_Q4_labor
737,2026_Q4_labor_16h,2026_Q4_labor
738,2026_Q4_labor_17h,2026_Q4_labor
739,2026_Q4_labor_18h,2026_Q4_labor
740,2026_Q4_labor_19h,2026_Q4_labor
741,2026_Q4_labor_20h,2026_Q4_labor
742,2026_Q4_labor_21h,2026_Q4_labor
743,2026_Q4_labor_22h,2026_Q4_labor
744,2026_Q4_labor_23h,2026_Q4_labor
745,2026_Q4_holidays_0h,2026_Q4_holidays
746,2026_Q4_holidays_1h,2026_Q4_holidays
747,2026_Q4_holidays_2h,2026_Q4_holidays
748,2026_Q4_holidays_3h,2026_Q4_holidays
749,2026_Q4_holidays_4h,2026_Q4_holidays
750,2026_Q4_holidays_5h,2026_Q4_holidays
751,2026_Q4_holidays_6h,2026_Q4_holidays
752,2026_Q4_holidays_7h,2026_Q4_holidays
753,2026_Q4_holidays_8h,2026_Q4_holidays
754,2026_Q4_holidays_9h,2026_Q4_holidays
755,2026_Q4_holidays_10h,2026_Q4_holidays
756,2026_Q4_holidays_11h,2026_Q4_holidays
757,2026_Q4_holidays_12h,2026_Q4_holidays
758,2026_Q4_holidays_13h,2026_Q4_holidays
759,2026_Q4_holidays_14h,2026_Q4_holidays
760,2026_Q4_holidays_15h,2026_Q4_holidays
761,2026_Q4_holidays_16h,2026_Q4_holidays
762,2026_Q4_holidays_17h,2026_Q4_holidays
763,2026_Q4_holidays_18h,2026_Q4_holidays
764,2026_Q4_holidays_19h,2026_Q4_holidays
765,2026_Q4_holidays_20h,2026_Q4_holidays
766,2026_Q4_holidays_21h,2026_Q4_holidays
767,2026_Q4_holidays_22h,2026_Q4_holidays
768,2026_Q4_holidays_23h,2026_Q4_holidays
769,2027_Q1_labor_0h,2027_Q1_labor
770,2027_Q1_labor_1h,2027_Q1_labor
771,2027_Q1_labor_2h,2027_Q1_labor
772,2027_Q1_labor_3h,2027_Q1_labor
773,2027_Q1_labor_4h,2027_Q1_labor
774,2027_Q1_labor_5h,2027_Q1_labor
775,2027_Q1_labor_6h,2027_Q1_labor
776,2027_Q1_labor_7h,2027_Q1_labor
777,2027_Q1_labor_8h,2027_Q1_labor
778,2027_Q1_labor_9h,2027_Q1_labor
779,2027_Q1_labor_10h,2027_Q1_labor
780,2027_Q1_labor_11h,2027_Q1_labor
781,2027_Q1_labor_12h,2027_Q1_labor
782,2027_Q1_labor_13h,2027_Q1_labor
783,2027_Q1_labor_14h,2027_Q1_labor
784,2027_Q1_labor_15h,2027_Q1_labor
785,2027_Q1_labor_16h,2027_Q1_labor
786,2027_Q1_labor_17h,2027_Q1_labor
787,2027_Q1_labor_18h,2027_Q1_labor
788,2027_Q1_labor_19h,2027_Q1_labor
789,2027_Q1_labor_20h,2027_Q1_labor
790,2027_Q1_labor_21h,2027_Q1_labor
791,2027_Q1_labor_22h,2027_Q1_labor
792,2027_Q1_labor_23h,2027_Q1_labor
793,2027_Q1_holidays_0h,2027_Q1_holidays
794,2027_Q1_holidays_1h,2027_Q1_holidays
795,2027_Q1_holidays_2h,2027_Q1_holidays
796,2027_Q1_holidays_3h,2027_Q1_holidays
797,2027_Q1_holidays_4h,2027_Q1_holidays
798,2027_Q1_holidays_5h,2027_Q1_holidays
799,2027_Q1_holidays_6h,2027_Q1_holidays
800,2027_Q1_holidays_7h,2027_Q1_holidays
801,2027_Q1_holidays_8h,2027_Q1_holidays
802,2027_Q1_holidays_9h,2027_Q1_holidays
803,2027_Q1_holidays_10h,2027_Q1_holidays
804,2027_Q1_holidays_11h,2027_Q1_holidays
805,2027_Q1_holidays_12h,2027_Q1_holidays
806,2027_Q1_holidays_13h,2027_Q1_holidays
807,2027_Q1_holidays_14h,2027_Q1_holidays
808,2027_Q1_holidays_15h,2027_Q1_holidays
809,2027_Q1_holidays_16h,2027_Q1_holidays
810,2027_Q1_holidays_17h,2027_Q1_holidays
811,2027_Q1_holidays_18h,2027_Q1_holidays
812,2027_Q1_holidays_19h,2027_Q1_holidays
813,2027_Q1_holidays_20h,2027_Q1_holidays
814,2027_Q1_holidays_21h,2027_Q1_holidays
815,2027_Q1_holidays_22h,2027_Q1_holidays
816,2027_Q1_holidays_23h,2027_Q1_holidays
817,2027_Q2_labor_0h,2027_Q2_labor
818,2027_Q2_labor_1h,2027_Q2_labor
819,2027_Q2_labor_2h,2027_Q2_labor
820,2027_Q2_labor_3h,2027_Q2_labor
821,2027_Q2_labor_4h,2027_Q2_labor
822,2027_Q2_labor_5h,2027_Q2_labor
823,2027_Q2_labor_6h,2027_Q2_labor
824,2027_Q2_labor_7h,2027_Q2_labor
825,2027_Q2_labor_8h,2027_Q2_labor
826,2027_Q2_labor_9h,2027_Q2_labor
827,2027_Q2_labor_10h,2027_Q2_labor
828,2027_Q2_labor_11h,2027_Q2_labor
829,2027_Q2_labor_12h,2027_Q2_labor
830,2027_Q2_labor_13h,2027_Q2_labor
831,2027_Q2_labor_14h,2027_Q2_labor
832,2027_Q2_labor_15h,2027_Q2_labor
833,2027_Q2_labor_16h,2027_Q2_labor
834,2027_Q2_labor_17h,2027_Q2_labor
835,2027_Q2_labor_18h,2027_Q2_labor
836,2027_Q2_labor_19h,2027_Q2_labor
837,2027_Q2_labor_20h,2027_Q2_labor
838,2027_Q2_labor_21h,2027_Q2_labor
839,2027_Q2_labor_22h,2027_Q2_labor
840,2027_Q2_labor_23h,2027_Q2_labor
841,2027_Q2_holidays_0h,2027_Q2_holidays
842,2027_Q2_holidays_1h,2027_Q2_holidays
843,2027_Q2_holidays_2h,2027_Q2_holidays
844,2027_Q2_holidays_3h,2027_Q2_holidays
845,2027_Q2_holidays_4h,2027_Q2_holidays
846,2027_Q2_holidays_5h,2027_Q2_holidays
847,2027_Q2_holidays_6h,2027_Q2_holidays
848,2027_Q2_holidays_7h,2027_Q2_holidays
849,2027_Q2_holidays_8h,2027_Q2_holidays
850,2027_Q2_holidays_9h,2027_Q2_holidays
851,2027_Q2_holidays_10h,2027_Q2_holidays
852,2027_Q2_holidays_11h,2027_Q2_holidays
853,2027_Q2_holidays_12h,2027_Q2_holidays
854,2027_Q2_holidays_13h,2027_Q2_holidays
855,2027_Q2_holidays_14h,2027_Q2_holidays
856,2027_Q2_holidays_15h,2027_Q2_holidays
857,2027_Q2_holidays_16h,2027_Q2_holidays
858,2027_Q2_holidays_17h,2027_Q2_holidays
859,2027_Q2_holidays_18h,2027_Q2_holidays
860,2027_Q2_holidays_19h,2027_Q2_holidays
861,2027_Q2_holidays_20h,2027_Q2_holidays
862,2027_Q2_holidays_21h,2027_Q2_holidays
863,2027_Q2_holidays_22h,2027_Q2_holidays
864,2027_Q2_holidays_23h,2027_Q2_holidays
865,2027_Q3_labor_0h,2027_Q3_labor
866,2027_Q3_labor_1h,2027_Q3_labor
867,2027_Q3_labor_2h,2027_Q3_labor
868,2027_Q3_labor_3h,2027_Q3_labor
869,2027_Q3_labor_4h,2027_Q3_labor
870,2027_Q3_labor_5h,2027_Q3_labor
871,2027_Q3_labor_6h,2027_Q3_labor
872,2027_Q3_labor_7h,2027_Q3_labor
873,2027_Q3_labor_8h,2027_Q3_labor
874,2027_Q3_labor_9h,2027_Q3_labor
875,2027_Q3_labor_10h,2027_Q3_labor
876,2027_Q3_labor_11h,2027_Q3_labor
877,2027_Q3_labor_12h,2027_Q3_labor
878,2027_Q3_labor_13h,2027_Q3_labor
879,2027_Q3_labor_14h,2027_Q3_labor
880,2027_Q3_labor_15h,2027_Q3_labor
881,2027_Q3_labor_16h,2027_Q3_labor
882,2027_Q3_labor_17h,2027_Q3_labor
883,2027_Q3_labor_18h,2027_Q3_labor
884,2027_Q3_labor_19h,2027_Q3_labor
885,2027_Q3_labor_20h,2027_Q3_labor
886,2027_Q3_labor_21h,2027_Q3_labor
887,2027_Q3_labor_22h,2027_Q3_labor
888,2027_Q3_labor_23h,2027_Q3_labor
889,2027_Q3_holidays_0h,2027_Q3_holidays
890,2027_Q3_holidays_1h,2027_Q3_holidays
891,2027_Q3_holidays_2h,2027_Q3_holidays
892,2027_Q3_holidays_3h,2027_Q3_holidays
893,2027_Q3_holidays_4h,2027_Q3_holidays
894,2027_Q3_holidays_5h,2027_Q3_holidays
895,2027_Q3_holidays_6h,2027_Q3_holidays
896,2027_Q3_holidays_7h,2027_Q3_holidays
897,2027_Q3_holidays_8h,2027_Q3_holidays
898,2027_Q3_holidays_9h,2027_Q3_holidays
899,2027_Q3_holidays_10h,2027_Q3_holidays
900,2027_Q3_holidays_11h,2027_Q3_holidays
901,2027_Q3_holidays_12h,2027_Q3_holidays
902,2027_Q3_holidays_13h,2027_Q3_holidays
903,2027_Q3_holidays_14h,2027_Q3_holidays
904,2027_Q3_holidays_15h,2027_Q3_holidays
905,2027_Q3_holidays_16h,2027_Q3_holidays
906,2027_Q3_holidays_17h,2027_Q3_holidays
907,2027_Q3_holidays_18h,2027_Q3_holidays
908,2027_Q3_holidays_19h,2027_Q3_holidays
909,2027_Q3_holidays_20h,2027_Q3_holidays
910,2027_Q3_holidays_21h,2027_Q3_holidays
911,2027_Q3_holidays_22h,2027_Q3_holidays
912,2027_Q3_holidays_23h,2027_Q3_holidays
913,2027_Q4_labor_0h,2027_Q4_labor
914,2027_Q4_labor_1h,2027_Q4_labor
915,2027_Q4_labor_2h,2027_Q4_labor
916,2027_Q4_labor_3h,2027_Q4_labor
917,2027_Q4_labor_4h,2027_Q4_labor
918,2027_Q4_labor_5h,2027_Q4_labor
919,2027_Q4_labor_6h,2027_Q4_labor
920,2027_Q4_labor_7h,2027_Q4_labor
921,2027_Q4_labor_8h,2027_Q4_labor
922,2027_Q4_labor_9h,2027_Q4_labor
923,2027_Q4_labor_10h,2027_Q4_labor
924,2027_Q4_labor_11h,2027_Q4_labor
925,2027_Q4_labor_12h,2027_Q4_labor
926,2027_Q4_labor_13h,2027_Q4_labor
927,2027_Q4_labor_14h,2027_Q4_labor
928,2027_Q4_labor_15h,2027_Q4_labor
929,2027_Q4_labor_16h,2027_Q4_labor
930,2027_Q4_labor_17h,2027_Q4_labor
931,2027_Q4_labor_18h,2027_Q4_labor
932,2027_Q4_labor_19h,2027_Q4_labor
933,2027_Q4_labor_20h,2027_Q4_labor
934,2027_Q4_labor_21h,2027_Q4_labor
935,2027_Q4_labor_22h,2027_Q4_labor
936,2027_Q4_labor_23h,2027_Q4_labor
937,2027_Q4_holidays_0h,2027_Q4_holidays
938,2027_Q4_holidays_1h,2027_Q4_holidays
939,2027_Q4_holidays_2h,2027_Q4_holidays
940,2027_Q4_holidays_3h,2027_Q4_holidays
941,2027_Q4_holidays_4h,2027_Q4_holidays
942,2027_Q4_holidays_5h,2027_Q4_holidays
943,2027_Q4_holidays_6h,2027_Q4_holidays
944,2027_Q4_holidays_7h,2027_Q4_holidays
945,2027_Q4_holidays_8h,2027_Q4_holidays
946,2027_Q4_holidays_9h,2027_Q4_holidays
947,2027_Q4_holidays_10h,2027_Q4_holidays
948,2027_Q4_holidays_11h,2027_Q4_holidays
949,2027_Q4_holidays_12h,2027_Q4_holidays
950,2027_Q4_holidays_13h,2027_Q4_holidays
951,2027_Q4_holidays_14h,2027_Q4_holidays
952,2027_Q4_holidays_15h,2027_Q4_holidays
953,2027_Q4_holidays_16h,2027_Q4_holidays
954,2027_Q4_holidays_17h,2027_Q4_holidays
955,2027_Q4_holidays_18h,2027_Q4_holidays
956,2027_Q4_holidays_19h,2027_Q4_holidays
957,2027_Q4_holidays_20h,2027_Q4_holidays
958,2027_Q4_holidays_21h,2027_Q4_holidays
959,2027_Q4_holidays_22h,2027_Q4_holidays
960,2027_Q4_holidays_23h,2027_Q4_holidays
961,2028_Q1_labor_0h,2028_Q1_labor
962,2028_Q1_labor_1h,2028_Q1_labor
963,2028_Q1_labor_2h,2028_Q1_labor
964,2028_Q1_labor_3h,2028_Q1_labor
965,2028_Q1_labor_4h,2028_Q1_labor
966,2028_Q1_labor_5h,2028_Q1_labor
967,2028_Q1_labor_6h,2028_Q1_labor
968,2028_Q1_labor_7h,2028_Q1_labor
969,2028_Q1_labor_8h,2028_Q1_labor
970,2028_Q1_labor_9h,2028_Q1_labor
971,2028_Q1_labor_10h,2028_Q1_labor
972,2028_Q1_labor_11h,2028_Q1_labor
973,2028_Q1_labor_12h,2028_Q1_labor
974,2028_Q1_labor_13h,2028_Q1_labor
975,2028_Q1_labor_14h,2028_Q1_labor
976,2028_Q1_labor_15h,2028_Q1_labor
977,2028_Q1_labor_16h,2028_Q1_labor
978,2028_Q1_labor_17h,2028_Q1_labor
979,2028_Q1_labor_18h,2028_Q1_labor
980,2028_Q1_labor_19h,2028_Q1_labor
981,2028_Q1_labor_20h,2028_Q1_labor
982,2028_Q1_labor_21h,2028_Q1_labor
983,2028_Q1_labor_22h,2028_Q1_labor
984,2028_Q1_labor_23h,2028_Q1_labor
985,2028_Q1_holidays_0h,2028_Q1_holidays
986,2028_Q1_holidays_1h,2028_Q1_holidays
987,2028_Q1_holidays_2h,2028_Q1_holidays
988,2028_Q1_holidays_3h,2028_Q1_holidays
989,2028_Q1_holidays_4h,2028_Q1_holidays
990,2028_Q1_holidays_5h,2028_Q1_holidays
991,2028_Q1_holidays_6h,2028_Q1_holidays
992,2028_Q1_holidays_7h,2028_Q1_holidays
993,2028_Q1_holidays_8h,2028_Q1_holidays
994,2028_Q1_holidays_9h,2028_Q1_holidays
995,2028_Q1_holidays_10h,2028_Q1_holidays
996,2028_Q1_holidays_11h,2028_Q1_holidays
997,2028_Q1_holidays_12h,2028_Q1_holidays
998,2028_Q1_holidays_13h,2028_Q1_holidays
999,2028_Q1_holidays_14h,2028_Q1_holidays
1000,2028_Q1_holidays_15h,2028_Q1_holidays
1001,2028_Q1_holidays_16h,2028_Q1_holidays
1002,2028_Q1_holidays_17h,2028_Q1_holidays
1003,2028_Q1_holidays_18h,2028_Q1_holidays
1004,2028_Q1_holidays_19h,2028_Q1_holidays
1005,2028_Q1_holidays_20h,2028_Q1_holidays
1006,2028_Q1_holidays_21h,2028_Q1_holidays
1007,2028_Q1_holidays_22h,2028_Q1_holidays
1008,2028_Q1_holidays_23h,2028_Q1_holidays
1009,2028_Q2_labor_0h,2028_Q2_labor
1010,2028_Q2_labor_1h,2028_Q2_labor
1011,2028_Q2_labor_2h,2028_Q2_labor
1012,2028_Q2_labor_3h,2028_Q2_labor
1013,2028_Q2_labor_4h,2028_Q2_labor
1014,2028_Q2_labor_5h,2028_Q2_labor
1015,2028_Q2_labor_6h,2028_Q2_labor
1016,2028_Q2_labor_7h,2028_Q2_labor
1017,2028_Q2_labor_8h,2028_Q2_labor
1018,2028_Q2_labor_9h,2028_Q2_labor
1019,2028_Q2_labor_10h,2028_Q2_labor
1020,2028_Q2_labor_11h,2028_Q2_labor
1021,2028_Q2_labor_12h,2028_Q2_labor
1022,2028_Q2_labor_13h,2028_Q2_labor
1023,2028_Q2_labor_14h,2028_Q2_labor
1024,2028_Q2_labor_15h,2028_Q2_labor
1025,2028_Q2_labor_16h,2028_Q2_labor
1026,2028_Q2_labor_17h,2028_Q2_labor
1027,2028_Q2_labor_18h,2028_Q2_labor
1028,2028_Q2_labor_19h,2028_Q2_labor
1029,2028_Q2_labor_20h,2028_Q2_labor
1030,2028_Q2_labor_21h,2028_Q2_labor
1031,2028_Q2_labor_22h,2028_Q2_labor
1032,2028_Q2_labor_23h,2028_Q2_labor
1033,2028_Q2_holidays_0h,2028_Q2_holidays
1034,2028_Q2_holidays_1h,2028_Q2_holidays
1035,2028_Q2_holidays_2h,2028_Q2_holidays
1036,2028_Q2_holidays_3h,2028_Q2_holidays
1037,2028_Q2_holidays_4h,2028_Q2_holidays
1038,2028_Q2_holidays_5h,2028_Q2_holidays
1039,2028_Q2_holidays_6h,2028_Q2_holidays
1040,2028_Q2_holidays_7h,2028_Q2_holidays
1041,2028_Q2_holidays_8h,2028_Q2_holidays
1042,2028_Q2_holidays_9h,2028_Q2_holidays
1043,2028_Q2_holidays_10h,2028_Q2_holidays
1044,2028_Q2_holidays_11h,2028_Q2_holidays
1045,2028_Q2_holidays_12h,2028_Q2_holidays
1046,2028_Q2_holidays_13h,2028_Q2_holidays
1047,2028_Q2_holidays_14h,2028_Q2_holidays
1048,2028_Q2_holidays_15h,2028_Q2_holidays
1049,2028_Q2_holidays_16h,2028_Q2_holidays
1050,2028_Q2_holidays_17h,2028_Q2_holidays
1051,2028_Q2_holidays_18h,2028_Q2_holidays
1052,2028_Q2_holidays_19h,2028_Q2_holidays
1053,2028_Q2_holidays_20h,2028_Q2_holidays
1054,2028_Q2_holidays_21h,2028_Q2_holidays
1055,2028_Q2_holidays_22h,2028_Q2_holidays
1056,2028_Q2_holidays_23h,2028_Q2_holidays
1057,2028_Q3_labor_0h,2028_Q3_labor
1058,2028_Q3_labor_1h,2028_Q3_labor
1059,2028_Q3_labor_2h,2028_Q3_labor
1060,2028_Q3_labor_3h,2028_Q3_labor
1061,2028_Q3_labor_4h,2028_Q3_labor
1062,2028_Q3_labor_5h,2028_Q3_labor
1063,2028_Q3_labor_6h,2028_Q3_labor
1064,2028_Q3_labor_7h,2028_Q3_labor
1065,2028_Q3_labor_8h,2028_Q3_labor
1066,2028_Q3_labor_9h,2028_Q3_labor
1067,2028_Q3_labor_10h,2028_Q3_labor
1068,2028_Q3_labor_11h,2028_Q3_labor
1069,2028_Q3_labor_12h,2028_Q3_labor
1070,2028_Q3_labor_13h,2028_Q3_labor
1071,2028_Q3_labor_14h,2028_Q3_labor
1072,2028_Q3_labor_15h,2028_Q3_labor
1073,2028_Q3_labor_16h,2028_Q3_labor
1074,2028_Q3_labor_17h,2028_Q3_labor
1075,2028_Q3_labor_18h,2028_Q3_labor
1076,2028_Q3_labor_19h,2028_Q3_labor
1077,2028_Q3_labor_20h,2028_Q3_labor
1078,2028_Q3_labor_21h,2028_Q3_labor
1079,2028_Q3_labor_22h,2028_Q3_labor
1080,2028_Q3_labor_23h,2028_Q3_labor
1081,2028_Q3_holidays_0h,2028_Q3_holidays
1082,2028_Q3_holidays_1h,2028_Q3_holidays
1083,2028_Q3_holidays_2h,2028_Q3_holidays
1084,2028_Q3_holidays_3h,2028_Q3_holidays
1085,2028_Q3_holidays_4h,2028_Q3_holidays
1086,2028_Q3_holidays_5h,2028_Q3_holidays
1087,2028_Q3_holidays_6h,2028_Q3_holidays
1088,2028_Q3_holidays_7h,2028_Q3_holidays
1089,2028_Q3_holidays_8h,2028_Q3_holidays
1090,2028_Q3_holidays_9h,2028_Q3_holidays
1091,2028_Q3_holidays_10h,2028_Q3_holidays
1092,2028_Q3_holidays_11h,2028_Q3_holidays
1093,2028_Q3_holidays_12h,2028_Q3_holidays
1094,2028_Q3_holidays_13h,2028_Q3_holidays
1095,2028_Q3_holidays_14h,2028_Q3_holidays
1096,2028_Q3_holidays_15h,2028_Q3_holidays
1097,2028_Q3_holidays_16h,2028_Q3_holidays
1098,2028_Q3_holidays_17h,2028_Q3_holidays
1099,2028_Q3_holidays_18h,2028_Q3_holidays
1100,2028_Q3_holidays_19h,2028_Q3_holidays
1101,2028_Q3_holidays_20h,2028_Q3_holidays
1102,2028_Q3_holidays_21h,2028_Q3_holidays
1103,2028_Q3_holidays_22h,2028_Q3_holidays
1104,2028_Q3_holidays_23h,2028_Q3_holidays
1105,2028_Q4_labor_0h,2028_Q4_labor
1106,2028_Q4_labor_1h,2028_Q4_labor
1107,2028_Q4_labor_2h,2028_Q4_labor
1108,2028_Q4_labor_3h,2028_Q4_labor
1109,2028_Q4_labor_4h,2028_Q4_labor
1110,2028_Q4_labor_5h,2028_Q4_labor
1111,2028_Q4_labor_6h,2028_Q4_labor
1112,2028_Q4_labor_7h,2028_Q4_labor
1113,2028_Q4_labor_8h,2028_Q4_labor
1114,2028_Q4_labor_9h,2028_Q4_labor
1115,2028_Q4_labor_10h,2028_Q4_labor
1116,2028_Q4_labor_11h,2028_Q4_labor
1117,2028_Q4_labor_12h,2028_Q4_labor
1118,2028_Q4_labor_13h,2028_Q4_labor
1119,2028_Q4_labor_14h,2028_Q4_labor
1120,2028_Q4_labor_15h,2028_Q4_labor
1121,2028_Q4_labor_16h,2028_Q4_labor
1122,2028_Q4_labor_17h,2028_Q4_labor
1123,2028_Q4_labor_18h,2028_Q4_labor
1124,2028_Q4_labor_19h,2028_Q4_labor
1125,2028_Q4_labor_20h,2028_Q4_labor
1126,2028_Q4_labor_21h,2028_Q4_labor
1127,2028_Q4_labor_22h,2028_Q4_labor
1128,2028_Q4_labor_23h,2028_Q4_labor
1129,2028_Q4_holidays_0h,2028_Q4_holidays
1130,2028_Q4_holidays_1h,2028_Q4_holidays
1131,2028_Q4_holidays_2h,2028_Q4_holidays
1132,2028_Q4_holidays_3h,2028_Q4_holidays
1133,2028_Q4_holidays_4h,2028_Q4_holidays
1134,2028_Q4_holidays_5h,2028_Q4_holidays
1135,2028_Q4_holidays_6h,2028_Q4_holidays
1136,2028_Q4_holidays_7h,2028_Q4_holidays
1137,2028_Q4_holidays_8h,2028_Q4_holidays
1138,2028_Q4_holidays_9h,2028_Q4_holidays
1139,2028_Q4_holidays_10h,2028_Q4_holidays
1140,2028_Q4_holidays_11h,2028_Q4_holidays
1141,2028_Q4_holidays_12h,2028_Q4_holidays
1142,2028_Q4_holidays_13h,2028_Q4_holidays
1143,2028_Q4_holidays_14h,2028_Q4_holidays
1144,2028_Q4_holidays_15h,2028_Q4_holidays
1145,2028_Q4_holidays_16h,2028_Q4_holidays
1146,2028_Q4_holidays_17h,2028_Q4_holidays
1147,2028_Q4_holidays_18h,2028_Q4_holidays
1148,2028_Q4_holidays_19h,2028_Q4_holidays
1149,2028_Q4_holidays_20h,2028_Q4_holidays
1150,2028_Q4_holidays_21h,2028_Q4_holidays
1151,2028_Q4_holidays_22h,2028_Q4_holidays
1152,2028_Q4_holidays_23h,2028_Q4_holidays
1153,2029_Q1_labor_0h,2029_Q1_labor
1154,2029_Q1_labor_1h,2029_Q1_labor
1155,2029_Q1_labor_2h,2029_Q1_labor
1156,2029_Q1_labor_3h,2029_Q1_labor
1157,2029_Q1_labor_4h,2029_Q1_labor
1158,2029_Q1_labor_5h,2029_Q1_labor
1159,2029_Q1_labor_6h,2029_Q1_labor
1160,2029_Q1_labor_7h,2029_Q1_labor
1161,2029_Q1_labor_8h,2029_Q1_labor
1162,2029_Q1_labor_9h,2029_Q1_labor
1163,2029_Q1_labor_10h,2029_Q1_labor
1164,2029_Q1_labor_11h,2029_Q1_labor
1165,2029_Q1_labor_12h,2029_Q1_labor
1166,2029_Q1_labor_13h,2029_Q1_labor
1167,2029_Q1_labor_14h,2029_Q1_labor
1168,2029_Q1_labor_15h,2029_Q1_labor
1169,2029_Q1_labor_16h,2029_Q1_labor
1170,2029_Q1_labor_17h,2029_Q1_labor
1171,2029_Q1_labor_18h,2029_Q1_labor
1172,2029_Q1_labor_19h,2029_Q1_labor
1173,2029_Q1_labor_20h,2029_Q1_labor
1174,2029_Q1_labor_21h,2029_Q1_labor
1175,2029_Q1_labor_22h,2029_Q1_labor
1176,2029_Q1_labor_23h,2029_Q1_labor
1177,2029_Q1_holidays_0h,2029_Q1_holidays
1178,2029_Q1_holidays_1h,2029_Q1_holidays
1179,2029_Q1_holidays_2h,2029_Q1_holidays
1180,2029_Q1_holidays_3h,2029_Q1_holidays
1181,2029_Q1_holidays_4h,2029_Q1_holidays
1182,2029_Q1_holidays_5h,2029_Q1_holidays
1183,2029_Q1_holidays_6h,2029_Q1_holidays
1184,2029_Q1_holidays_7h,2029_Q1_holidays
1185,2029_Q1_holidays_8h,2029_Q1_holidays
1186,2029_Q1_holidays_9h,2029_Q1_holidays
1187,2029_Q1_holidays_10h,2029_Q1_holidays
1188,2029_Q1_holidays_11h,2029_Q1_holidays
1189,2029_Q1_holidays_12h,2029_Q1_holidays
1190,2029_Q1_holidays_13h,2029_Q1_holidays
1191,2029_Q1_holidays_14h,2029_Q1_holidays
1192,2029_Q1_holidays_15h,2029_Q1_holidays
1193,2029_Q1_holidays_16h,2029_Q1_holidays
1194,2029_Q1_holidays_17h,2029_Q1_holidays
1195,2029_Q1_holidays_18h,2029_Q1_holidays
1196,2029_Q1_holidays_19h,2029_Q1_holidays
1197,2029_Q1_holidays_20h,2029_Q1_holidays
1198,2029_Q1_holidays_21h,2029_Q1_holidays
1199,2029_Q1_holidays_22h,2029_Q1_holidays
1200,2029_Q1_holidays_23h,2029_Q1_holidays
1201,2029_Q2_labor_0h,2029_Q2_labor
1202,2029_Q2_labor_1h,2029_Q2_labor
1203,2029_Q2_labor_2h,2029_Q2_labor
1204,2029_Q2_labor_3h,2029_Q2_labor
1205,2029_Q2_labor_4h,2029_Q2_labor
1206,2029_Q2_labor_5h,2029_Q2_labor
1207,2029_Q2_labor_6h,2029_Q2_labor
1208,2029_Q2_labor_7h,2029_Q2_labor
1209,2029_Q2_labor_8h,2029_Q2_labor
1210,2029_Q2_labor_9h,2029_Q2_labor
1211,2029_Q2_labor_10h,2029_Q2_labor
1212,2029_Q2_labor_11h,2029_Q2_labor
1213,2029_Q2_labor_12h,2029_Q2_labor
1214,2029_Q2_labor_13h,2029_Q2_labor
1215,2029_Q2_labor_14h,2029_Q2_labor
1216,2029_Q2_labor_15h,2029_Q2_labor
1217,2029_Q2_labor_16h,2029_Q2_labor
1218,2029_Q2_labor_17h,2029_Q2_labor
1219,2029_Q2_labor_18h,2029_Q2_labor
1220,2029_Q2_labor_19h,2029_Q2_labor
1221,2029_Q2_labor_20h,2029_Q2_labor
1222,2029_Q2_labor_21h,2029_Q2_labor
1223,2029_Q2_labor_22h,2029_Q2_labor
1224,2029_Q2_labor_23h,2029_Q2_labor
1225,2029_Q2_holidays_0h,2029_Q2_holidays
1226,2029_Q2_holidays_1h,2029_Q2_holidays
1227,2029_Q2_holidays_2h,2029_Q2_holidays
1228,2029_Q2_holidays_3h,2029_Q2_holidays
1229,2029_Q2_holidays_4h,2029_Q2_holidays
1230,2029_Q2_holidays_5h,2029_Q2_holidays
1231,2029_Q2_holidays_6h,2029_Q2_holidays
1232,2029_Q2_holidays_7h,2029_Q2_holidays
1233,2029_Q2_holidays_8h,2029_Q2_holidays
1234,2029_Q2_holidays_9h,2029_Q2_holidays
1235,2029_Q2_holidays_10h,2029_Q2_holidays
1236,2029_Q2_holidays_11h,2029_Q2_holidays
1237,2029_Q2_holidays_12h,2029_Q2_holidays
1238,2029_Q2_holidays_13h,2029_Q2_holidays
1239,2029_Q2_holidays_14h,2029_Q2_holidays
1240,2029_Q2_holidays_15h,2029_Q2_holidays
1241,2029_Q2_holidays_16h,2029_Q2_holidays
1242,2029_Q2_holidays_17h,2029_Q2_holidays
1243,2029_Q2_holidays_18h,2029_Q2_holidays
1244,2029_Q2_holidays_19h,2029_Q2_holidays
1245,2029_Q2_holidays_20h,2029_Q2_holidays
1246,2029_Q2_holidays_21h,2029_Q2_holidays
1247,2029_Q2_holidays_22h,2029_Q2_holidays
1248,2029_Q2_holidays_23h,2029_Q2_holidays
1249,2029_Q3_labor_0h,2029_Q3_labor
1250,2029_Q3_labor_1h,2029_Q3_labor
1251,2029_Q3_labor_2h,2029_Q3_labor
1252,2029_Q3_labor_3h,2029_Q3_labor
1253,2029_Q3_labor_4h,2029_Q3_labor
1254,2029_Q3_labor_5h,2029_Q3_labor
1255,2029_Q3_labor_6h,2029_Q3_labor
1256,2029_Q3_labor_7h,2029_Q3_labor
1257,2029_Q3_labor_8h,2029_Q3_labor
1258,2029_Q3_labor_9h,2029_Q3_labor
1259,2029_Q3_labor_10h,2029_Q3_labor
1260,2029_Q3_labor_11h,2029_Q3_labor
1261,2029_Q3_labor_12h,2029_Q3_labor
1262,2029_Q3_labor_13h,2029_Q3_labor
1263,2029_Q3_labor_14h,2029_Q3_labor
1264,2029_Q3_labor_15h,2029_Q3_labor
1265,2029_Q3_labor_16h,2029_Q3_labor
1266,2029_Q3_labor_17h,2029_Q3_labor
1267,2029_Q3_labor_18h,2029_Q3_labor
1268,2029_Q3_labor_19h,2029_Q3_labor
1269,2029_Q3_labor_20h,2029_Q3_labor
1270,2029_Q3_labor_21h,2029_Q3_labor
1271,2029_Q3_labor_22h,2029_Q3_labor
1272,2029_Q3_labor_23h,2029_Q3_labor
1273,2029_Q3_holidays_0h,2029_Q3_holidays
1274,2029_Q3_holidays_1h,2029_Q3_holidays
1275,2029_Q3_holidays_2h,2029_Q3_holidays
1276,2029_Q3_holidays_3h,2029_Q3_holidays
1277,2029_Q3_holidays_4h,2029_Q3_holidays
1278,2029_Q3_holidays_5h,2029_Q3_holidays
1279,2029_Q3_holidays_6h,2029_Q3_holidays
1280,2029_Q3_holidays_7h,2029_Q3_holidays
1281,2029_Q3_holidays_8h,2029_Q3_holidays
1282,2029_Q3_holidays_9h,2029_Q3_holidays
1283,2029_Q3_holidays_10h,2029_Q3_holidays
1284,2029_Q3_holidays_11h,2029_Q3_holidays
1285,2029_Q3_holidays_12h,2029_Q3_holidays
1286,2029_Q3_holidays_13h,2029_Q3_holidays
1287,2029_Q3_holidays_14h,2029_Q3_holidays
1288,2029_Q3_holidays_15h,2029_Q3_holidays
1289,2029_Q3_holidays_16h,2029_Q3_holidays
1290,2029_Q3_holidays_17h,2029_Q3_holidays
1291,2029_Q3_holidays_18h,2029_Q3_holidays
1292,2029_Q3_holidays_19h,2029_Q3_holidays
1293,2029_Q3_holidays_20h,2029_Q3_holidays
1294,2029_Q3_holidays_21h,2029_Q3_holidays
1295,2029_Q3_holidays_22h,2029_Q3_holidays
1296,2029_Q3_holidays_23h,2029_Q3_holidays
1297,2029_Q4_labor_0h,2029_Q4_labor
1298,2029_Q4_labor_1h,2029_Q4_labor
1299,2029_Q4_labor_2h,2029_Q4_labor
1300,2029_Q4_labor_3h,2029_Q4_labor
1301,2029_Q4_labor_4h,2029_Q4_labor
1302,2029_Q4_labor_5h,2029_Q4_labor
1303,2029_Q4_labor_6h,2029_Q4_labor
1304,2029_Q4_labor_7h,2029_Q4_labor
1305,2029_Q4_labor_8h,2029_Q4_labor
1306,2029_Q4_labor_9h,2029_Q4_labor
1307,2029_Q4_labor_10h,2029_Q4_labor
1308,2029_Q4_labor_11h,2029_Q4_labor
1309,2029_Q4_labor_12h,2029_Q4_labor
1310,2029_Q4_labor_13h,2029_Q4_labor
1311,2029_Q4_labor_14h,2029_Q4_labor
1312,2029_Q4_labor_15h,2029_Q4_labor
1313,2029_Q4_labor_16h,2029_Q4_labor
1314,2029_Q4_labor_17h,2029_Q4_labor
1315,2029_Q4_labor_18h,2029_Q4_labor
1316,2029_Q4_labor_19h,2029_Q4_labor
1317,2029_Q4_labor_20h,2029_Q4_labor
1318,2029_Q4_labor_21h,2029_Q4_labor
1319,2029_Q4_labor_22h,2029_Q4_labor
1320,2029_Q4_labor_23h,2029_Q4_labor
1321,2029_Q4_holidays_0h,2029_Q4_holidays
1322,2029_Q4_holidays_1h,2029_Q4_holidays
1323,2029_Q4_holidays_2h,2029_Q4_holidays
1324,2029_Q4_holidays_3h,2029_Q4_holidays
1325,2029_Q4_holidays_4h,2029_Q4_holidays
1326,2029_Q4_holidays_5h,2029_Q4_holidays
1327,2029_Q4_holidays_6h,2029_Q4_holidays
1328,2029_Q4_holidays_7h,2029_Q4_holidays
1329,2029_Q4_holidays_8h,2029_Q4_holidays
1330,2029_Q4_holidays_9h,2029_Q4_holidays
1331,2029_Q4_holidays_10h,2029_Q4_holidays
1332,2029_Q4_holidays_11h,2029_Q4_holidays
1333,2029_Q4_holidays_12h,2029_Q4_holidays
1334,2029_Q4_holidays_13h,2029_Q4_holidays
1335,2029_Q4_holidays_14h,2029_Q4_holidays
1336,2029_Q4_holidays_15h,2029_Q4_holidays
1337,2029_Q4_holidays_16h,2029_Q4_holidays
1338,2029_Q4_holidays_17h,2029_Q4_holidays
1339,2029_Q4_holidays_18h,2029_Q4_holidays
1340,2029_Q4_holidays_19h,2029_Q4_holidays
1341,2029_Q4_holidays_20h,2029_Q4_holidays
1342,2029_Q4_holidays_21h,2029_Q4_holidays
1343,2029_Q4_holidays_22h,2029_Q4_holidays
1344,2029_Q4_holidays_23h,2029_Q4_holidays
1345,2030_Q1_labor_0h,2030_Q1_labor
1346,2030_Q1_labor_1h,2030_Q1_labor
1347,2030_Q1_labor_2h,2030_Q1_labor
1348,2030_Q1_labor_3h,2030_Q1_labor
1349,2030_Q1_labor_4h,2030_Q1_labor
1350,2030_Q1_labor_5h,2030_Q1_labor
1351,2030_Q1_labor_6h,2030_Q1_labor
1352,2030_Q1_labor_7h,2030_Q1_labor
1353,2030_Q1_labor_8h,2030_Q1_labor
1354,2030_Q1_labor_9h,2030_Q1_labor
1355,2030_Q1_labor_10h,2030_Q1_labor
1356,2030_Q1_labor_11h,2030_Q1_labor
1357,2030_Q1_labor_12h,2030_Q1_labor
1358,2030_Q1_labor_13h,2030_Q1_labor
1359,2030_Q1_labor_14h,2030_Q1_labor
1360,2030_Q1_labor_15h,2030_Q1_labor
1361,2030_Q1_labor_16h,2030_Q1_labor
1362,2030_Q1_labor_17h,2030_Q1_labor
1363,2030_Q1_labor_18h,2030_Q1_labor
1364,2030_Q1_labor_19h,2030_Q1_labor
1365,2030_Q1_labor_20h,2030_Q1_labor
1366,2030_Q1_labor_21h,2030_Q1_labor
1367,2030_Q1_labor_22h,2030_Q1_labor
1368,2030_Q1_labor_23h,2030_Q1_labor
1369,2030_Q1_holidays_0h,2030_Q1_holidays
1370,2030_Q1_holidays_1h,2030_Q1_holidays
1371,2030_Q1_holidays_2h,2030_Q1_holidays
1372,2030_Q1_holidays_3h,2030_Q1_holidays
1373,2030_Q1_holidays_4h,2030_Q1_holidays
1374,2030_Q1_holidays_5h,2030_Q1_holidays
1375,2030_Q1_holidays_6h,2030_Q1_holidays
1376,2030_Q1_holidays_7h,2030_Q1_holidays
1377,2030_Q1_holidays_8h,2030_Q1_holidays
1378,2030_Q1_holidays_9h,2030_Q1_holidays
1379,2030_Q1_holidays_10h,2030_Q1_holidays
1380,2030_Q1_holidays_11h,2030_Q1_holidays
1381,2030_Q1_holidays_12h,2030_Q1_holidays
1382,2030_Q1_holidays_13h,2030_Q1_holidays
1383,2030_Q1_holidays_14h,2030_Q1_holidays
1384,2030_Q1_holidays_15h,2030_Q1_holidays
1385,2030_Q1_holidays_16h,2030_Q1_holidays
1386,2030_Q1_holidays_17h,2030_Q1_holidays
1387,2030_Q1_holidays_18h,2030_Q1_holidays
1388,2030_Q1_holidays_19h,2030_Q1_holidays
1389,2030_Q1_holidays_20h,2030_Q1_holidays
1390,2030_Q1_holidays_21h,2030_Q1_holidays
1391,2030_Q1_holidays_22h,2030_Q1_holidays
1392,2030_Q1_holidays_23h,2030_Q1_holidays
1393,2030_Q2_labor_0h,2030_Q2_labor
1394,2030_Q2_labor_1h,2030_Q2_labor
1395,2030_Q2_labor_2h,2030_Q2_labor
1396,2030_Q2_labor_3h,2030_Q2_labor
1397,2030_Q2_labor_4h,2030_Q2_labor
1398,2030_Q2_labor_5h,2030_Q2_labor
1399,2030_Q2_labor_6h,2030_Q2_labor
1400,2030_Q2_labor_7h,2030_Q2_labor
1401,2030_Q2_labor_8h,2030_Q2_labor
1402,2030_Q2_labor_9h,2030_Q2_labor
1403,2030_Q2_labor_10h,2030_Q2_labor
1404,2030_Q2_labor_11h,2030_Q2_labor
1405,2030_Q2_labor_12h,2030_Q2_labor
1406,2030_Q2_labor_13h,2030_Q2_labor
1407,2030_Q2_labor_14h,2030_Q2_labor
1408,2030_Q2_labor_15h,2030_Q2_labor
1409,2030_Q2_labor_16h,2030_Q2_labor
1410,2030_Q2_labor_17h,2030_Q2_labor
1411,2030_Q2_labor_18h,2030_Q2_labor
1412,2030_Q2_labor_19h,2030_Q2_labor
1413,2030_Q2_labor_20h,2030_Q2_labor
1414,2030_Q2_labor_21h,2030_Q2_labor
1415,2030_Q2_labor_22h,2030_Q2_labor
1416,2030_Q2_labor_23h,2030_Q2_labor
1417,2030_Q2_holidays_0h,2030_Q2_holidays
1418,2030_Q2_holidays_1h,2030_Q2_holidays
1419,2030_Q2_holidays_2h,2030_Q2_holidays
1420,2030_Q2_holidays_3h,2030_Q2_holidays
1421,2030_Q2_holidays_4h,2030_Q2_holidays
1422,2030_Q2_holidays_5h,2030_Q2_holidays
1423,2030_Q2_holidays_6h,2030_Q2_holidays
1424,2030_Q2_holidays_7h,2030_Q2_holidays
1425,2030_Q2_holidays_8h,2030_Q2_holidays
1426,2030_Q2_holidays_9h,2030_Q2_holidays
1427,2030_Q2_holidays_10h,2030_Q2_holidays
1428,2030_Q2_holidays_11h,2030_Q2_holidays
1429,2030_Q2_holidays_12h,2030_Q2_holidays
1430,2030_Q2_holidays_13h,2030_Q2_holidays
1431,2030_Q2_holidays_14h,2030_Q2_holidays
1432,2030_Q2_holidays_15h,2030_Q2_holidays
1433,2030_Q2_holidays_16h,2030_Q2_holidays
1434,2030_Q2_holidays_17h,2030_Q2_holidays
1435,2030_Q2_holidays_18h,2030_Q2_holidays
1436,2030_Q2_holidays_19h,2030_Q2_holidays
1437,2030_Q2_holidays_20h,2030_Q2_holidays
1438,2030_Q2_holidays_21h,2030_Q2_holidays
1439,2030_Q2_holidays_22h,2030_Q2_holidays
1440,2030_Q2_holidays_23h,2030_Q2_holidays
1441,2030_Q3_labor_0h,2030_Q3_labor
1442,2030_Q3_labor_1h,2030_Q3_labor
1443,2030_Q3_labor_2h,2030_Q3_labor
1444,2030_Q3_labor_3h,2030_Q3_labor
1445,2030_Q3_labor_4h,2030_Q3_labor
1446,2030_Q3_labor_5h,2030_Q3_labor
1447,2030_Q3_labor_6h,2030_Q3_labor
1448,2030_Q3_labor_7h,2030_Q3_labor
1449,2030_Q3_labor_8h,2030_Q3_labor
1450,2030_Q3_labor_9h,2030_Q3_labor
1451,2030_Q3_labor_10h,2030_Q3_labor
1452,2030_Q3_labor_11h,2030_Q3_labor
1453,2030_Q3_labor_12h,2030_Q3_labor
1454,2030_Q3_labor_13h,2030_Q3_labor
1455,2030_Q3_labor_14h,2030_Q3_labor
1456,2030_Q3_labor_15h,2030_Q3_labor
1457,2030_Q3_labor_16h,2030_Q3_labor
1458,2030_Q3_labor_17h,2030_Q3_labor
1459,2030_Q3_labor_18h,2030_Q3_labor
1460,2030_Q3_labor_19h,2030_Q3_labor
1461,2030_Q3_labor_20h,2030_Q3_labor
1462,2030_Q3_labor_21h,2030_Q3_labor
1463,2030_Q3_labor_22h,2030_Q3_labor
1464,2030_Q3_labor_23h,2030_Q3_labor
1465,2030_Q3_holidays_0h,2030_Q3_holidays
1466,2030_Q3_holidays_1h,2030_Q3_holidays
1467,2030_Q3_holidays_2h,2030_Q3_holidays
1468,2030_Q3_holidays_3h,2030_Q3_holidays
1469,2030_Q3_holidays_4h,2030_Q3_holidays
1470,2030_Q3_holidays_5h,2030_Q3_holidays
1471,2030_Q3_holidays_6h,2030_Q3_holidays
1472,2030_Q3_holidays_7h,2030_Q3_holidays
1473,2030_Q3_holidays_8h,2030_Q3_holidays
1474,2030_Q3_holidays_9h,2030_Q3_holidays
1475,2030_Q3_holidays_10h,2030_Q3_holidays
1476,2030_Q3_holidays_11h,2030_Q3_holidays
1477,2030_Q3_holidays_12h,2030_Q3_holidays
1478,2030_Q3_holidays_13h,2030_Q3_holidays
1479,2030_Q3_holidays_14h,2030_Q3_holidays
1480,2030_Q3_holidays_15h,2030_Q3_holidays
1481,2030_Q3_holidays_16h,2030_Q3_holidays
1482,2030_Q3_holidays_17h,2030_Q3_holidays
1483,2030_Q3_holidays_18h,2030_Q3_holidays
1484,2030_Q3_holidays_19h,2030_Q3_holidays
1485,2030_Q3_holidays_20h,2030_Q3_holidays
1486,2030_Q3_holidays_21h,2030_Q3_holidays
1487,2030_Q3_holidays_22h,2030_Q3_holidays
1488,2030_Q3_holidays_23h,2030_Q3_holidays
1489,2030_Q4_labor_0h,2030_Q4_labor
1490,2030_Q4_labor_1h,2030_Q4_labor
1491,2030_Q4_labor_2h,2030_Q4_labor
1492,2030_Q4_labor_3h,2030_Q4_labor
1493,2030_Q4_labor_4h,2030_Q4_labor
1494,2030_Q4_labor_5h,2030_Q4_labor
1495,2030_Q4_labor_6h,2030_Q4_labor
1496,2030_Q4_labor_7h,2030_Q4_labor
1497,2030_Q4_labor_8h,2030_Q4_labor
1498,2030_Q4_labor_9h,2030_Q4_labor
1499,2030_Q4_labor_10h,2030_Q4_labor
1500,2030_Q4_labor_11h,2030_Q4_labor
1501,2030_Q4_labor_12h,2030_Q4_labor
1502,2030_Q4_labor_13h,2030_Q4_labor
1503,2030_Q4_labor_14h,2030_Q4_labor
1504,2030_Q4_labor_15h,2030_Q4_labor
1505,2030_Q4_labor_16h,2030_Q4_labor
1506,2030_Q4_labor_17h,2030_Q4_labor
1507,2030_Q4_labor_18h,2030_Q4_labor
1508,2030_Q4_labor_19h,2030_Q4_labor
1509,2030_Q4_labor_20h,2030_Q4_labor
1510,2030_Q4_labor_21h,2030_Q4_labor
1511,2030_Q4_labor_22h,2030_Q4_labor
1512,2030_Q4_labor_23h,2030_Q4_labor
1513,2030_Q4_holidays_0h,2030_Q4_holidays
1514,2030_Q4_holidays_1h,2030_Q4_holidays
1515,2030_Q4_holidays_2h,2030_Q4_holidays
1516,2030_Q4_holidays_3h,2030_Q4_holidays
1517,2030_Q4_holidays_4h,2030_Q4_holidays
1518,2030_Q4_holidays_5h,2030_Q4_holidays
1519,2030_Q4_holidays_6h,2030_Q4_holidays
1520,2030_Q4_holidays_7h,2030_Q4_holidays
1521,2030_Q4_holidays_8h,2030_Q4_holidays
1522,2030_Q4_holidays_9h,2030_Q4_holidays
1523,2030_Q4_holidays_10h,2030_Q4_holidays
1524,2030_Q4_holidays_11h,2030_Q4_holidays
1525,2030_Q4_holidays_12h,2030_Q4_holidays
1526,2030_Q4_holidays_13h,2030_Q4_holidays
1527,2030_Q4_holidays_14h,2030_Q4_holidays
1528,2030_Q4_holidays_15h,2030_Q4_holidays
1529,2030_Q4_holidays_16h,2030_Q4_holidays
1530,2030_Q4_holidays_17h,2030_Q4_holidays
1531,2030_Q4_holidays_18h,2030_Q4_holidays
1532,2030_Q4_holidays_19h,2030_Q4_holidays
1533,2030_Q4_holidays_20h,2030_Q4_holidays
1534,2030_Q4_holidays_21h,2030_Q4_holidays
1535,2030_Q4_holidays_22h,2030_Q4_holidays
1536,2030_Q4_holidays_23h,2030_Q4_holidays
1537,2031_Q1_labor_0h,2031_Q1_labor
1538,2031_Q1_labor_1h,2031_Q1_labor
1539,2031_Q1_labor_2h,2031_Q1_labor
1540,2031_Q1_labor_3h,2031_Q1_labor
1541,2031_Q1_labor_4h,2031_Q1_labor
1542,2031_Q1_labor_5h,2031_Q1_labor
1543,2031_Q1_labor_6h,2031_Q1_labor
1544,2031_Q1_labor_7h,2031_Q1_labor
1545,2031_Q1_labor_8h,2031_Q1_labor
1546,2031_Q1_labor_9h,2031_Q1_labor
1547,2031_Q1_labor_10h,2031_Q1_labor
1548,2031_Q1_labor_11h,2031_Q1_labor
1549,2031_Q1_labor_12h,2031_Q1_labor
1550,2031_Q1_labor_13h,2031_Q1_labor
1551,2031_Q1_labor_14h,2031_Q1_labor
1552,2031_Q1_labor_15h,2031_Q1_labor
1553,2031_Q1_labor_16h,2031_Q1_labor
1554,2031_Q1_labor_17h,2031_Q1_labor
1555,2031_Q1_labor_18h,2031_Q1_labor
1556,2031_Q1_labor_19h,2031_Q1_labor
1557,2031_Q1_labor_20h,2031_Q1_labor
1558,2031_Q1_labor_21h,2031_Q1_labor
1559,2031_Q1_labor_22h,2031_Q1_labor
1560,2031_Q1_labor_23h,2031_Q1_labor
1561,2031_Q1_holidays_0h,2031_Q1_holidays
1562,2031_Q1_holidays_1h,2031_Q1_holidays
1563,2031_Q1_holidays_2h,2031_Q1_holidays
1564,2031_Q1_holidays_3h,2031_Q1_holidays
1565,2031_Q1_holidays_4h,2031_Q1_holidays
1566,2031_Q1_holidays_5h,2031_Q1_holidays
1567,2031_Q1_holidays_6h,2031_Q1_holidays
1568,2031_Q1_holidays_7h,2031_Q1_holidays
1569,2031_Q1_holidays_8h,2031_Q1_holidays
1570,2031_Q1_holidays_9h,2031_Q1_holidays
1571,2031_Q1_holidays_10h,2031_Q1_holidays
1572,2031_Q1_holidays_11h,2031_Q1_holidays
1573,2031_Q1_holidays_12h,2031_Q1_holidays
1574,2031_Q1_holidays_13h,2031_Q1_holidays
1575,2031_Q1_holidays_14h,2031_Q1_holidays
1576,2031_Q1_holidays_15h,2031_Q1_holidays
1577,2031_Q1_holidays_16h,2031_Q1_holidays
1578,2031_Q1_holidays_17h,2031_Q1_holidays
1579,2031_Q1_holidays_18h,2031_Q1_holidays
1580,2031_Q1_holidays_19h,2031_Q1_holidays
1581,2031_Q1_holidays_20h,2031_Q1_holidays
1582,2031_Q1_holidays_21h,2031_Q1_holidays
1583,2031_Q1_holidays_22h,2031_Q1_holidays
1584,2031_Q1_holidays_23h,2031_Q1_holidays
1585,2031_Q2_labor_0h,2031_Q2_labor
1586,2031_Q2_labor_1h,2031_Q2_labor
1587,2031_Q2_labor_2h,2031_Q2_labor
1588,2031_Q2_labor_3h,2031_Q2_labor
1589,2031_Q2_labor_4h,2031_Q2_labor
1590,2031_Q2_labor_5h,2031_Q2_labor
1591,2031_Q2_labor_6h,2031_Q2_labor
1592,2031_Q2_labor_7h,2031_Q2_labor
1593,2031_Q2_labor_8h,2031_Q2_labor
1594,2031_Q2_labor_9h,2031_Q2_labor
1595,2031_Q2_labor_10h,2031_Q2_labor
1596,2031_Q2_labor_11h,2031_Q2_labor
1597,2031_Q2_labor_12h,2031_Q2_labor
1598,2031_Q2_labor_13h,2031_Q2_labor
1599,2031_Q2_labor_14h,2031_Q2_labor
1600,2031_Q2_labor_15h,2031_Q2_labor
1601,2031_Q2_labor_16h,2031_Q2_labor
1602,2031_Q2_labor_17h,2031_Q2_labor
1603,2031_Q2_labor_18h,2031_Q2_labor
1604,2031_Q2_labor_19h,2031_Q2_labor
1605,2031_Q2_labor_20h,2031_Q2_labor
1606,2031_Q2_labor_21h,2031_Q2_labor
1607,2031_Q2_labor_22h,2031_Q2_labor
1608,2031_Q2_labor_23h,2031_Q2_labor
1609,2031_Q2_holidays_0h,2031_Q2_holidays
1610,2031_Q2_holidays_1h,2031_Q2_holidays
1611,2031_Q2_holidays_2h,2031_Q2_holidays
1612,2031_Q2_holidays_3h,2031_Q2_holidays
1613,2031_Q2_holidays_4h,2031_Q2_holidays
1614,2031_Q2_holidays_5h,2031_Q2_holidays
1615,2031_Q2_holidays_6h,2031_Q2_holidays
1616,2031_Q2_holidays_7h,2031_Q2_holidays
1617,2031_Q2_holidays_8h,2031_Q2_holidays
1618,2031_Q2_holidays_9h,2031_Q2_holidays
1619,2031_Q2_holidays_10h,2031_Q2_holidays
1620,2031_Q2_holidays_11h,2031_Q2_holidays
1621,2031_Q2_holidays_12h,2031_Q2_holidays
1622,2031_Q2_holidays_13h,2031_Q2_holidays
1623,2031_Q2_holidays_14h,2031_Q2_holidays
1624,2031_Q2_holidays_15h,2031_Q2_holidays
1625,2031_Q2_holidays_16h,2031_Q2_holidays
1626,2031_Q2_holidays_17h,2031_Q2_holidays
1627,2031_Q2_holidays_18h,2031_Q2_holidays
1628,2031_Q2_holidays_19h,2031_Q2_holidays
1629,2031_Q2_holidays_20h,2031_Q2_holidays
1630,2031_Q2_holidays_21h,2031_Q2_holidays
1631,2031_Q2_holidays_22h,2031_Q2_holidays
1632,2031_Q2_holidays_23h,2031_Q2_holidays
1633,2031_Q3_labor_0h,2031_Q3_labor
1634,2031_Q3_labor_1h,2031_Q3_labor
1635,2031_Q3_labor_2h,2031_Q3_labor
1636,2031_Q3_labor_3h,2031_Q3_labor
1637,2031_Q3_labor_4h,2031_Q3_labor
1638,2031_Q3_labor_5h,2031_Q3_labor
1639,2031_Q3_labor_6h,2031_Q3_labor
1640,2031_Q3_labor_7h,2031_Q3_labor
1641,2031_Q3_labor_8h,2031_Q3_labor
1642,2031_Q3_labor_9h,2031_Q3_labor
1643,2031_Q3_labor_10h,2031_Q3_labor
1644,2031_Q3_labor_11h,2031_Q3_labor
1645,2031_Q3_labor_12h,2031_Q3_labor
1646,2031_Q3_labor_13h,2031_Q3_labor
1647,2031_Q3_labor_14h,2031_Q3_labor
1648,2031_Q3_labor_15h,2031_Q3_labor
1649,2031_Q3_labor_16h,2031_Q3_labor
1650,2031_Q3_labor_17h,2031_Q3_labor
1651,2031_Q3_labor_18h,2031_Q3_labor
1652,2031_Q3_labor_19h,2031_Q3_labor
1653,2031_Q3_labor_20h,2031_Q3_labor
1654,2031_Q3_labor_21h,2031_Q3_labor
1655,2031_Q3_labor_22h,2031_Q3_labor
1656,2031_Q3_labor_23h,2031_Q3_labor
1657,2031_Q3_holidays_0h,2031_Q3_holidays
1658,2031_Q3_holidays_1h,2031_Q3_holidays
1659,2031_Q3_holidays_2h,2031_Q3_holidays
1660,2031_Q3_holidays_3h,2031_Q3_holidays
1661,2031_Q3_holidays_4h,2031_Q3_holidays
1662,2031_Q3_holidays_5h,2031_Q3_holidays
1663,2031_Q3_holidays_6h,2031_Q3_holidays
1664,2031_Q3_holidays_7h,2031_Q3_holidays
1665,2031_Q3_holidays_8h,2031_Q3_holidays
1666,2031_Q3_holidays_9h,2031_Q3_holidays
1667,2031_Q3_holidays_10h,2031_Q3_holidays
1668,2031_Q3_holidays_11h,2031_Q3_holidays
1669,2031_Q3_holidays_12h,2031_Q3_holidays
1670,2031_Q3_holidays_13h,2031_Q3_holidays
1671,2031_Q3_holidays_14h,2031_Q3_holidays
1672,2031_Q3_holidays_15h,2031_Q3_holidays
1673,2031_Q3_holidays_16h,2031_Q3_holidays
1674,2031_Q3_holidays_17h,2031_Q3_holidays
1675,2031_Q3_holidays_18h,2031_Q3_holidays
1676,2031_Q3_holidays_19h,2031_Q3_holidays
1677,2031_Q3_holidays_20h,2031_Q3_holidays
1678,2031_Q3_holidays_21h,2031_Q3_holidays
1679,2031_Q3_holidays_22h,2031_Q3_holidays
1680,2031_Q3_holidays_23h,2031_Q3_holidays
1681,2031_Q4_labor_0h,2031_Q4_labor
1682,2031_Q4_labor_1h,2031_Q4_labor
1683,2031_Q4_labor_2h,2031_Q4_labor
1684,2031_Q4_labor_3h,2031_Q4_labor
1685,2031_Q4_labor_4h,2031_Q4_labor
1686,2031_Q4_labor_5h,2031_Q4_labor
1687,2031_Q4_labor_6h,2031_Q4_labor
1688,2031_Q4_labor_7h,2031_Q4_labor
1689,2031_Q4_labor_8h,2031_Q4_labor
1690,2031_Q4_labor_9h,2031_Q4_labor
1691,2031_Q4_labor_10h,2031_Q4_labor
1692,2031_Q4_labor_11h,2031_Q4_labor
1693,2031_Q4_labor_12h,2031_Q4_labor
1694,2031_Q4_labor_13h,2031_Q4_labor
1695,2031_Q4_labor_14h,2031_Q4_labor
1696,2031_Q4_labor_15h,2031_Q4_labor
1697,2031_Q4_labor_16h,2031_Q4_labor
1698,2031_Q4_labor_17h,2031_Q4_labor
1699,2031_Q4_labor_18h,2031_Q4_labor
1700,2031_Q4_labor_19h,2031_Q4_labor
1701,2031_Q4_labor_20h,2031_Q4_labor
1702,2031_Q4_labor_21h,2031_Q4_labor
1703,2031_Q4_labor_22h,2031_Q4_labor
1704,2031_Q4_labor_23h,2031_Q4_labor
1705,2031_Q4_holidays_0h,2031_Q4_holidays
1706,2031_Q4_holidays_1h,2031_Q4_holidays
1707,2031_Q4_holidays_2h,2031_Q4_holidays
1708,2031_Q4_holidays_3h,2031_Q4_holidays
1709,2031_Q4_holidays_4h,2031_Q4_holidays
1710,2031_Q4_holidays_5h,2031_Q4_holidays
1711,2031_Q4_holidays_6h,2031_Q4_holidays
1712,2031_Q4_holidays_7h,2031_Q4_holidays
1713,2031_Q4_holidays_8h,2031_Q4_holidays
1714,2031_Q4_holidays_9h,2031_Q4_holidays
1715,2031_Q4_holidays_10h,2031_Q4_holidays
1716,2031_Q4_holidays_11h,2031_Q4_holidays
1717,2031_Q4_holidays_12h,2031_Q4_holidays
1718,2031_Q4_holidays_13h,2031_Q4_holidays
1719,2031_Q4_holidays_14h,2031_Q4_holidays
1720,2031_Q4_holidays_15h,2031_Q4_holidays
1721,2031_Q4_holidays_16h,2031_Q4_holidays
1722,2031_Q4_holidays_17h,2031_Q4_holidays
1723,2031_Q4_holidays_18h,2031_Q4_holidays
1724,2031_Q4_holidays_19h,2031_Q4_holidays
1725,2031_Q4_holidays_20h,2031_Q4_holidays
1726,2031_Q4_holidays_21h,2031_Q4_holidays
1727,2031_Q4_holidays_22h,2031_Q4_holidays
1728,2031_Q4_holidays_23h,2031_Q4_holidays
1729,2032_Q1_labor_0h,2032_Q1_labor
1730,2032_Q1_labor_1h,2032_Q1_labor
1731,2032_Q1_labor_2h,2032_Q1_labor
1732,2032_Q1_labor_3h,2032_Q1_labor
1733,2032_Q1_labor_4h,2032_Q1_labor
1734,2032_Q1_labor_5h,2032_Q1_labor
1735,2032_Q1_labor_6h,2032_Q1_labor
1736,2032_Q1_labor_7h,2032_Q1_labor
1737,2032_Q1_labor_8h,2032_Q1_labor
1738,2032_Q1_labor_9h,2032_Q1_labor
1739,2032_Q1_labor_10h,2032_Q1_labor
1740,2032_Q1_labor_11h,2032_Q1_labor
1741,2032_Q1_labor_12h,2032_Q1_labor
1742,2032_Q1_labor_13h,2032_Q1_labor
1743,2032_Q1_labor_14h,2032_Q1_labor
1744,2032_Q1_labor_15h,2032_Q1_labor
1745,2032_Q1_labor_16h,2032_Q1_labor
1746,2032_Q1_labor_17h,2032_Q1_labor
1747,2032_Q1_labor_18h,2032_Q1_labor
1748,2032_Q1_labor_19h,2032_Q1_labor
1749,2032_Q1_labor_20h,2032_Q1_labor
1750,2032_Q1_labor_21h,2032_Q1_labor
1751,2032_Q1_labor_22h,2032_Q1_labor
1752,2032_Q1_labor_23h,2032_Q1_labor
1753,2032_Q1_holidays_0h,2032_Q1_holidays
1754,2032_Q1_holidays_1h,2032_Q1_holidays
1755,2032_Q1_holidays_2h,2032_Q1_holidays
1756,2032_Q1_holidays_3h,2032_Q1_holidays
1757,2032_Q1_holidays_4h,2032_Q1_holidays
1758,2032_Q1_holidays_5h,2032_Q1_holidays
1759,2032_Q1_holidays_6h,2032_Q1_holidays
1760,2032_Q1_holidays_7h,2032_Q1_holidays
1761,2032_Q1_holidays_8h,2032_Q1_holidays
1762,2032_Q1_holidays_9h,2032_Q1_holidays
1763,2032_Q1_holidays_10h,2032_Q1_holidays
1764,2032_Q1_holidays_11h,2032_Q1_holidays
1765,2032_Q1_holidays_12h,2032_Q1_holidays
1766,2032_Q1_holidays_13h,2032_Q1_holidays
1767,2032_Q1_holidays_14h,2032_Q1_holidays
1768,2032_Q1_holidays_15h,2032_Q1_holidays
1769,2032_Q1_holidays_16h,2032_Q1_holidays
1770,2032_Q1_holidays_17h,2032_Q1_holidays
1771,2032_Q1_holidays_18h,2032_Q1_holidays
1772,2032_Q1_holidays_19h,2032_Q1_holidays
1773,2032_Q1_holidays_20h,2032_Q1_holidays
1774,2032_Q1_holidays_21h,2032_Q1_holidays
1775,2032_Q1_holidays_22h,2032_Q1_holidays
1776,2032_Q1_holidays_23h,2032_Q1_holidays
1777,2032_Q2_labor_0h,2032_Q2_labor
1778,2032_Q2_labor_1h,2032_Q2_labor
1779,2032_Q2_labor_2h,2032_Q2_labor
1780,2032_Q2_labor_3h,2032_Q2_labor
1781,2032_Q2_labor_4h,2032_Q2_labor
1782,2032_Q2_labor_5h,2032_Q2_labor
1783,2032_Q2_labor_6h,2032_Q2_labor
1784,2032_Q2_labor_7h,2032_Q2_labor
1785,2032_Q2_labor_8h,2032_Q2_labor
1786,2032_Q2_labor_9h,2032_Q2_labor
1787,2032_Q2_labor_10h,2032_Q2_labor
1788,2032_Q2_labor_11h,2032_Q2_labor
1789,2032_Q2_labor_12h,2032_Q2_labor
1790,2032_Q2_labor_13h,2032_Q2_labor
1791,2032_Q2_labor_14h,2032_Q2_labor
1792,2032_Q2_labor_15h,2032_Q2_labor
1793,2032_Q2_labor_16h,2032_Q2_labor
1794,2032_Q2_labor_17h,2032_Q2_labor
1795,2032_Q2_labor_18h,2032_Q2_labor
1796,2032_Q2_labor_19h,2032_Q2_labor
1797,2032_Q2_labor_20h,2032_Q2_labor
1798,2032_Q2_labor_21h,2032_Q2_labor
1799,2032_Q2_labor_22h,2032_Q2_labor
1800,2032_Q2_labor_23h,2032_Q2_labor
1801,2032_Q2_holidays_0h,2032_Q2_holidays
1802,2032_Q2_holidays_1h,2032_Q2_holidays
1803,2032_Q2_holidays_2h,2032_Q2_holidays
1804,2032_Q2_holidays_3h,2032_Q2_holidays
1805,2032_Q2_holidays_4h,2032_Q2_holidays
1806,2032_Q2_holidays_5h,2032_Q2_holidays
1807,2032_Q2_holidays_6h,2032_Q2_holidays
1808,2032_Q2_holidays_7h,2032_Q2_holidays
1809,2032_Q2_holidays_8h,2032_Q2_holidays
1810,2032_Q2_holidays_9h,2032_Q2_holidays
1811,2032_Q2_holidays_10h,2032_Q2_holidays
1812,2032_Q2_holidays_11h,2032_Q2_holidays
1813,2032_Q2_holidays_12h,2032_Q2_holidays
1814,2032_Q2_holidays_13h,2032_Q2_holidays
1815,2032_Q2_holidays_14h,2032_Q2_holidays
1816,2032_Q2_holidays_15h,2032_Q2_holidays
1817,2032_Q2_holidays_16h,2032_Q2_holidays
1818,2032_Q2_holidays_17h,2032_Q2_holidays
1819,2032_Q2_holidays_18h,2032_Q2_holidays
1820,2032_Q2_holidays_19h,2032_Q2_holidays
1821,2032_Q2_holidays_20h,2032_Q2_holidays
1822,2032_Q2_holidays_21h,2032_Q2_holidays
1823,2032_Q2_holidays_22h,2032_Q2_holidays
1824,2032_Q2_holidays_23h,2032_Q2_holidays
1825,2032_Q3_labor_0h,2032_Q3_labor
1826,2032_Q3_labor_1h,2032_Q3_labor
1827,2032_Q3_labor_2h,2032_Q3_labor
1828,2032_Q3_labor_3h,2032_Q3_labor
1829,2032_Q3_labor_4h,2032_Q3_labor
1830,2032_Q3_labor_5h,2032_Q3_labor
1831,2032_Q3_labor_6h,2032_Q3_labor
1832,2032_Q3_labor_7h,2032_Q3_labor
1833,2032_Q3_labor_8h,2032_Q3_labor
1834,2032_Q3_labor_9h,2032_Q3_labor
1835,2032_Q3_labor_10h,2032_Q3_labor
1836,2032_Q3_labor_11h,2032_Q3_labor
1837,2032_Q3_labor_12h,2032_Q3_labor
1838,2032_Q3_labor_13h,2032_Q3_labor
1839,2032_Q3_labor_14h,2032_Q3_labor
1840,2032_Q3_labor_15h,2032_Q3_labor
1841,2032_Q3_labor_16h,2032_Q3_labor
1842,2032_Q3_labor_17h,2032_Q3_labor
1843,2032_Q3_labor_18h,2032_Q3_labor
1844,2032_Q3_labor_19h,2032_Q3_labor
1845,2032_Q3_labor_20h,2032_Q3_labor
1846,2032_Q3_labor_21h,2032_Q3_labor
1847,2032_Q3_labor_22h,2032_Q3_labor
1848,2032_Q3_labor_23h,2032_Q3_labor
1849,2032_Q3_holidays_0h,2032_Q3_holidays
1850,2032_Q3_holidays_1h,2032_Q3_holidays
1851,2032_Q3_holidays_2h,2032_Q3_holidays
1852,2032_Q3_holidays_3h,2032_Q3_holidays
1853,2032_Q3_holidays_4h,2032_Q3_holidays
1854,2032_Q3_holidays_5h,2032_Q3_holidays
1855,2032_Q3_holidays_6h,2032_Q3_holidays
1856,2032_Q3_holidays_7h,2032_Q3_holidays
1857,2032_Q3_holidays_8h,2032_Q3_holidays
1858,2032_Q3_holidays_9h,2032_Q3_holidays
1859,2032_Q3_holidays_10h,2032_Q3_holidays
1860,2032_Q3_holidays_11h,2032_Q3_holidays
1861,2032_Q3_holidays_12h,2032_Q3_holidays
1862,2032_Q3_holidays_13h,2032_Q3_holidays
1863,2032_Q3_holidays_14h,2032_Q3_holidays
1864,2032_Q3_holidays_15h,2032_Q3_holidays
1865,2032_Q3_holidays_16h,2032_Q3_holidays
1866,2032_Q3_holidays_17h,2032_Q3_holidays
1867,2032_Q3_holidays_18h,2032_Q3_holidays
1868,2032_Q3_holidays_19h,2032_Q3_holidays
1869,2032_Q3_holidays_20h,2032_Q3_holidays
1870,2032_Q3_holidays_21h,2032_Q3_holidays
1871,2032_Q3_holidays_22h,2032_Q3_holidays
1872,2032_Q3_holidays_23h,2032_Q3_holidays
1873,2032_Q4_labor_0h,2032_Q4_labor
1874,2032_Q4_labor_1h,2032_Q4_labor
1875,2032_Q4_labor_2h,2032_Q4_labor
1876,2032_Q4_labor_3h,2032_Q4_labor
1877,2032_Q4_labor_4h,2032_Q4_labor
1878,2032_Q4_labor_5h,2032_Q4_labor
1879,2032_Q4_labor_6h,2032_Q4_labor
1880,2032_Q4_labor_7h,2032_Q4_labor
1881,2032_Q4_labor_8h,2032_Q4_labor
1882,2032_Q4_labor_9h,2032_Q4_labor
1883,2032_Q4_labor_10h,2032_Q4_labor
1884,2032_Q4_labor_11h,2032_Q4_labor
1885,2032_Q4_labor_12h,2032_Q4_labor
1886,2032_Q4_labor_13h,2032_Q4_labor
1887,2032_Q4_labor_14h,2032_Q4_labor
1888,2032_Q4_labor_15h,2032_Q4_labor
1889,2032_Q4_labor_16h,2032_Q4_labor
1890,2032_Q4_labor_17h,2032_Q4_labor
1891,2032_Q4_labor_18h,2032_Q4_labor
1892,2032_Q4_labor_19h,2032_Q4_labor
1893,2032_Q4_labor_20h,2032_Q4_labor
1894,2032_Q4_labor_21h,2032_Q4_labor
1895,2032_Q4_labor_22h,2032_Q4_labor
1896,2032_Q4_labor_23h,2032_Q4_labor
1897,2032_Q4_holidays_0h,2032_Q4_holidays
1898,2032_Q4_holidays_1h,2032_Q4_holidays
1899,2032_Q4_holidays_2h,2032_Q4_holidays
1900,2032_Q4_holidays_3h,2032_Q4_holidays
1901,2032_Q4_holidays_4h,2032_Q4_holidays
1902,2032_Q4_holidays_5h,2032_Q4_holidays
1903,2032_Q4_holidays_6h,2032_Q4_holidays
1904,2032_Q4_holidays_7h,2032_Q4_holidays
1905,2032_Q4_holidays_8h,2032_Q4_holidays
1906,2032_Q4_holidays_9h,2032_Q4_holidays
1907,2032_Q4_holidays_10h,2032_Q4_holidays
1908,2032_Q4_holidays_11h,2032_Q4_holidays
1909,2032_Q4_holidays_12h,2032_Q4_holidays
1910,2032_Q4_holidays_13h,2032_Q4_holidays
1911,2032_Q4_holidays_14h,2032_Q4_holidays
1912,2032_Q4_holidays_15h,2032_Q4_holidays
1913,2032_Q4_holidays_16h,2032_Q4_holidays
1914,2032_Q4_holidays_17h,2032_Q4_holidays
1915,2032_Q4_holidays_18h,2032_Q4_holidays
1916,2032_Q4_holidays_19h,2032_Q4_holidays
1917,2032_Q4_holidays_20h,2032_Q4_holidays
1918,2032_Q4_holidays_21h,2032_Q4_holidays
1919,2032_Q4_holidays_22h,2032_Q4_holidays
1920,2032_Q4_holidays_23h,2032_Q4_holidays
1921,2033_Q1_labor_0h,2033_Q1_labor
1922,2033_Q1_labor_1h,2033_Q1_labor
1923,2033_Q1_labor_2h,2033_Q1_labor
1924,2033_Q1_labor_3h,2033_Q1_labor
1925,2033_Q1_labor_4h,2033_Q1_labor
1926,2033_Q1_labor_5h,2033_Q1_labor
1927,2033_Q1_labor_6h,2033_Q1_labor
1928,2033_Q1_labor_7h,2033_Q1_labor
1929,2033_Q1_labor_8h,2033_Q1_labor
1930,2033_Q1_labor_9h,2033_Q1_labor
1931,2033_Q1_labor_10h,2033_Q1_labor
1932,2033_Q1_labor_11h,2033_Q1_labor
1933,2033_Q1_labor_12h,2033_Q1_labor
1934,2033_Q1_labor_13h,2033_Q1_labor
1935,2033_Q1_labor_14h,2033_Q1_labor
1936,2033_Q1_labor_15h,2033_Q1_labor
1937,2033_Q1_labor_16h,2033_Q1_labor
1938,2033_Q1_labor_17h,2033_Q1_labor
1939,2033_Q1_labor_18h,2033_Q1_labor
1940,2033_Q1_labor_19h,2033_Q1_labor
1941,2033_Q1_labor_20h,2033_Q1_labor
1942,2033_Q1_labor_21h,2033_Q1_labor
1943,2033_Q1_labor_22h,2033_Q1_labor
1944,2033_Q1_labor_23h,2033_Q1_labor
1945,2033_Q1_holidays_0h,2033_Q1_holidays
1946,2033_Q1_holidays_1h,2033_Q1_holidays
1947,2033_Q1_holidays_2h,2033_Q1_holidays
1948,2033_Q1_holidays_3h,2033_Q1_holidays
1949,2033_Q1_holidays_4h,2033_Q1_holidays
1950,2033_Q1_holidays_5h,2033_Q1_holidays
1951,2033_Q1_holidays_6h,2033_Q1_holidays
1952,2033_Q1_holidays_7h,2033_Q1_holidays
1953,2033_Q1_holidays_8h,2033_Q1_holidays
1954,2033_Q1_holidays_9h,2033_Q1_holidays
1955,2033_Q1_holidays_10h,2033_Q1_holidays
1956,2033_Q1_holidays_11h,2033_Q1_holidays
1957,2033_Q1_holidays_12h,2033_Q1_holidays
1958,2033_Q1_holidays_13h,2033_Q1_holidays
1959,2033_Q1_holidays_14h,2033_Q1_holidays
1960,2033_Q1_holidays_15h,2033_Q1_holidays
1961,2033_Q1_holidays_16h,2033_Q1_holidays
1962,2033_Q1_holidays_17h,2033_Q1_holidays
1963,2033_Q1_holidays_18h,2033_Q1_holidays
1964,2033_Q1_holidays_19h,2033_Q1_holidays
1965,2033_Q1_holidays_20h,2033_Q1_holidays
1966,2033_Q1_holidays_21h,2033_Q1_holidays
1967,2033_Q1_holidays_22h,2033_Q1_holidays
1968,2033_Q1_holidays_23h,2033_Q1_holidays
1969,2033_Q2_labor_0h,2033_Q2_labor
1970,2033_Q2_labor_1h,2033_Q2_labor
1971,2033_Q2_labor_2h,2033_Q2_labor
1972,2033_Q2_labor_3h,2033_Q2_labor
1973,2033_Q2_labor_4h,2033_Q2_labor
1974,2033_Q2_labor_5h,2033_Q2_labor
1975,2033_Q2_labor_6h,2033_Q2_labor
1976,2033_Q2_labor_7h,2033_Q2_labor
1977,2033_Q2_labor_8h,2033_Q2_labor
1978,2033_Q2_labor_9h,2033_Q2_labor
1979,2033_Q2_labor_10h,2033_Q2_labor
1980,2033_Q2_labor_11h,2033_Q2_labor
1981,2033_Q2_labor_12h,2033_Q2_labor
1982,2033_Q2_labor_13h,2033_Q2_labor
1983,2033_Q2_labor_14h,2033_Q2_labor
1984,2033_Q2_labor_15h,2033_Q2_labor
1985,2033_Q2_labor_16h,2033_Q2_labor
1986,2033_Q2_labor_17h,2033_Q2_labor
1987,2033_Q2_labor_18h,2033_Q2_labor
1988,2033_Q2_labor_19h,2033_Q2_labor
1989,2033_Q2_labor_20h,2033_Q2_labor
1990,2033_Q2_labor_21h,2033_Q2_labor
1991,2033_Q2_labor_22h,2033_Q2_labor
1992,2033_Q2_labor_23h,2033_Q2_labor
1993,2033_Q2_holidays_0h,2033_Q2_holidays
1994,2033_Q2_holidays_1h,2033_Q2_holidays
1995,2033_Q2_holidays_2h,2033_Q2_holidays
1996,2033_Q2_holidays_3h,2033_Q2_holidays
1997,2033_Q2_holidays_4h,2033_Q2_holidays
1998,2033_Q2_holidays_5h,2033_Q2_holidays
1999,2033_Q2_holidays_6h,2033_Q2_holidays
2000,2033_Q2_holidays_7h,2033_Q2_holidays
2001,2033_Q2_holidays_8h,2033_Q2_holidays
2002,2033_Q2_holidays_9h,2033_Q2_holidays
2003,2033_Q2_holidays_10h,2033_Q2_holidays
2004,2033_Q2_holidays_11h,2033_Q2_holidays
2005,2033_Q2_holidays_12h,2033_Q2_holidays
2006,2033_Q2_holidays_13h,2033_Q2_holidays
2007,2033_Q2_holidays_14h,2033_Q2_holidays
2008,2033_Q2_holidays_15h,2033_Q2_holidays
2009,2033_Q2_holidays_16h,2033_Q2_holidays
2010,2033_Q2_holidays_17h,2033_Q2_holidays
2011,2033_Q2_holidays_18h,2033_Q2_holidays
2012,2033_Q2_holidays_19h,2033_Q2_holidays
2013,2033_Q2_holidays_20h,2033_Q2_holidays
2014,2033_Q2_holidays_21h,2033_Q2_holidays
2015,2033_Q2_holidays_22h,2033_Q2_holidays
2016,2033_Q2_holidays_23h,2033_Q2_holidays
2017,2033_Q3_labor_0h,2033_Q3_labor
2018,2033_Q3_labor_1h,2033_Q3_labor
2019,2033_Q3_labor_2h,2033_Q3_labor
2020,2033_Q3_labor_3h,2033_Q3_labor
2021,2033_Q3_labor_4h,2033_Q3_labor
2022,2033_Q3_labor_5h,2033_Q3_labor
2023,2033_Q3_labor_6h,2033_Q3_labor
2024,2033_Q3_labor_7h,2033_Q3_labor
2025,2033_Q3_labor_8h,2033_Q3_labor
2026,2033_Q3_labor_9h,2033_Q3_labor
2027,2033_Q3_labor_10h,2033_Q3_labor
2028,2033_Q3_labor_11h,2033_Q3_labor
2029,2033_Q3_labor_12h,2033_Q3_labor
2030,2033_Q3_labor_13h,2033_Q3_labor
2031,2033_Q3_labor_14h,2033_Q3_labor
2032,2033_Q3_labor_15h,2033_Q3_labor
2033,2033_Q3_labor_16h,2033_Q3_labor
2034,2033_Q3_labor_17h,2033_Q3_labor
2035,2033_Q3_labor_18h,2033_Q3_labor
2036,2033_Q3_labor_19h,2033_Q3_labor
2037,2033_Q3_labor_20h,2033_Q3_labor
2038,2033_Q3_labor_21h,2033_Q3_labor
2039,2033_Q3_labor_22h,2033_Q3_labor
2040,2033_Q3_labor_23h,2033_Q3_labor
2041,2033_Q3_holidays_0h,2033_Q3_holidays
2042,2033_Q3_holidays_1h,2033_Q3_holidays
2043,2033_Q3_holidays_2h,2033_Q3_holidays
2044,2033_Q3_holidays_3h,2033_Q3_holidays
2045,2033_Q3_holidays_4h,2033_Q3_holidays
2046,2033_Q3_holidays_5h,2033_Q3_holidays
2047,2033_Q3_holidays_6h,2033_Q3_holidays
2048,2033_Q3_holidays_7h,2033_Q3_holidays
2049,2033_Q3_holidays_8h,2033_Q3_holidays
2050,2033_Q3_holidays_9h,2033_Q3_holidays
2051,2033_Q3_holidays_10h,2033_Q3_holidays
2052,2033_Q3_holidays_11h,2033_Q3_holidays
2053,2033_Q3_holidays_12h,2033_Q3_holidays
2054,2033_Q3_holidays_13h,2033_Q3_holidays
2055,2033_Q3_holidays_14h,2033_Q3_holidays
2056,2033_Q3_holidays_15h,2033_Q3_holidays
2057,2033_Q3_holidays_16h,2033_Q3_holidays
2058,2033_Q3_holidays_17h,2033_Q3_holidays
2059,2033_Q3_holidays_18h,2033_Q3_holidays
2060,2033_Q3_holidays_19h,2033_Q3_holidays
2061,2033_Q3_holidays_20h,2033_Q3_holidays
2062,2033_Q3_holidays_21h,2033_Q3_holidays
2063,2033_Q3_holidays_22h,2033_Q3_holidays
2064,2033_Q3_holidays_23h,2033_Q3_holidays
2065,2033_Q4_labor_0h,2033_Q4_labor
2066,2033_Q4_labor_1h,2033_Q4_labor
2067,2033_Q4_labor_2h,2033_Q4_labor
2068,2033_Q4_labor_3h,2033_Q4_labor
2069,2033_Q4_labor_4h,2033_Q4_labor
2070,2033_Q4_labor_5h,2033_Q4_labor
2071,2033_Q4_labor_6h,2033_Q4_labor
2072,2033_Q4_labor_7h,2033_Q4_labor
2073,2033_Q4_labor_8h,2033_Q4_labor
2074,2033_Q4_labor_9h,2033_Q4_labor
2075,2033_Q4_labor_10h,2033_Q4_labor
2076,2033_Q4_labor_11h,2033_Q4_labor
2077,2033_Q4_labor_12h,2033_Q4_labor
2078,2033_Q4_labor_13h,2033_Q4_labor
2079,2033_Q4_labor_14h,2033_Q4_labor
2080,2033_Q4_labor_15h,2033_Q4_labor
2081,2033_Q4_labor_16h,2033_Q4_labor
2082,2033_Q4_labor_17h,2033_Q4_labor
2083,2033_Q4_labor_18h,2033_Q4_labor
2084,2033_Q4_labor_19h,2033_Q4_labor
2085,2033_Q4_labor_20h,2033_Q4_labor
2086,2033_Q4_labor_21h,2033_Q4_labor
2087,2033_Q4_labor_22h,2033_Q4_labor
2088,2033_Q4_labor_23h,2033_Q4_labor
2089,2033_Q4_holidays_0h,2033_Q4_holidays
2090,2033_Q4_holidays_1h,2033_Q4_holidays
2091,2033_Q4_holidays_2h,2033_Q4_holidays
2092,2033_Q4_holidays_3h,2033_Q4_holidays
2093,2033_Q4_holidays_4h,2033_Q4_holidays
2094,2033_Q4_holidays_5h,2033_Q4_holidays
2095,2033_Q4_holidays_6h,2033_Q4_holidays
2096,2033_Q4_holidays_7h,2033_Q4_holidays
2097,2033_Q4_holidays_8h,2033_Q4_holidays
2098,2033_Q4_holidays_9h,2033_Q4_holidays
2099,2033_Q4_holidays_10h,2033_Q4_holidays
2100,2033_Q4_holidays_11h,2033_Q4_holidays
2101,2033_Q4_holidays_12h,2033_Q4_holidays
2102,2033_Q4_holidays_13h,2033_Q4_holidays
2103,2033_Q4_holidays_14h,2033_Q4_holidays
2104,2033_Q4_holidays_15h,2033_Q4_holidays
2105,2033_Q4_holidays_16h,2033_Q4_holidays
2106,2033_Q4_holidays_17h,2033_Q4_holidays
2107,2033_Q4_holidays_18h,2033_Q4_holidays
2108,2033_Q4_holidays_19h,2033_Q4_holidays
2109,2033_Q4_holidays_20h,2033_Q4_holidays
2110,2033_Q4_holidays_21h,2033_Q4_holidays
2111,2033_Q4_holidays_22h,2033_Q4_holidays
2112,2033_Q4_holidays_23h,2033_Q4_holidays
2113,2034_Q1_labor_0h,2034_Q1_labor
2114,2034_Q1_labor_1h,2034_Q1_labor
2115,2034_Q1_labor_2h,2034_Q1_labor
2116,2034_Q1_labor_3h,2034_Q1_labor
2117,2034_Q1_labor_4h,2034_Q1_labor
2118,2034_Q1_labor_5h,2034_Q1_labor
2119,2034_Q1_labor_6h,2034_Q1_labor
2120,2034_Q1_labor_7h,2034_Q1_labor
2121,2034_Q1_labor_8h,2034_Q1_labor
2122,2034_Q1_labor_9h,2034_Q1_labor
2123,2034_Q1_labor_10h,2034_Q1_labor
2124,2034_Q1_labor_11h,2034_Q1_labor
2125,2034_Q1_labor_12h,2034_Q1_labor
2126,2034_Q1_labor_13h,2034_Q1_labor
2127,2034_Q1_labor_14h,2034_Q1_labor
2128,2034_Q1_labor_15h,2034_Q1_labor
2129,2034_Q1_labor_16h,2034_Q1_labor
2130,2034_Q1_labor_17h,2034_Q1_labor
2131,2034_Q1_labor_18h,2034_Q1_labor
2132,2034_Q1_labor_19h,2034_Q1_labor
2133,2034_Q1_labor_20h,2034_Q1_labor
2134,2034_Q1_labor_21h,2034_Q1_labor
2135,2034_Q1_labor_22h,2034_Q1_labor
2136,2034_Q1_labor_23h,2034_Q1_labor
2137,2034_Q1_holidays_0h,2034_Q1_holidays
2138,2034_Q1_holidays_1h,2034_Q1_holidays
2139,2034_Q1_holidays_2h,2034_Q1_holidays
2140,2034_Q1_holidays_3h,2034_Q1_holidays
2141,2034_Q1_holidays_4h,2034_Q1_holidays
2142,2034_Q1_holidays_5h,2034_Q1_holidays
2143,2034_Q1_holidays_6h,2034_Q1_holidays
2144,2034_Q1_holidays_7h,2034_Q1_holidays
2145,2034_Q1_holidays_8h,2034_Q1_holidays
2146,2034_Q1_holidays_9h,2034_Q1_holidays
2147,2034_Q1_holidays_10h,2034_Q1_holidays
2148,2034_Q1_holidays_11h,2034_Q1_holidays
2149,2034_Q1_holidays_12h,2034_Q1_holidays
2150,2034_Q1_holidays_13h,2034_Q1_holidays
2151,2034_Q1_holidays_14h,2034_Q1_holidays
2152,2034_Q1_holidays_15h,2034_Q1_holidays
2153,2034_Q1_holidays_16h,2034_Q1_holidays
2154,2034_Q1_holidays_17h,2034_Q1_holidays
2155,2034_Q1_holidays_18h,2034_Q1_holidays
2156,2034_Q1_holidays_19h,2034_Q1_holidays
2157,2034_Q1_holidays_20h,2034_Q1_holidays
2158,2034_Q1_holidays_21h,2034_Q1_holidays
2159,2034_Q1_holidays_22h,2034_Q1_holidays
2160,2034_Q1_holidays_23h,2034_Q1_holidays
2161,2034_Q2_labor_0h,2034_Q2_labor
2162,2034_Q2_labor_1h,2034_Q2_labor
2163,2034_Q2_labor_2h,2034_Q2_labor
2164,2034_Q2_labor_3h,2034_Q2_labor
2165,2034_Q2_labor_4h,2034_Q2_labor
2166,2034_Q2_labor_5h,2034_Q2_labor
2167,2034_Q2_labor_6h,2034_Q2_labor
2168,2034_Q2_labor_7h,2034_Q2_labor
2169,2034_Q2_labor_8h,2034_Q2_labor
2170,2034_Q2_labor_9h,2034_Q2_labor
2171,2034_Q2_labor_10h,2034_Q2_labor
2172,2034_Q2_labor_11h,2034_Q2_labor
2173,2034_Q2_labor_12h,2034_Q2_labor
2174,2034_Q2_labor_13h,2034_Q2_labor
2175,2034_Q2_labor_14h,2034_Q2_labor
2176,2034_Q2_labor_15h,2034_Q2_labor
2177,2034_Q2_labor_16h,2034_Q2_labor
2178,2034_Q2_labor_17h,2034_Q2_labor
2179,2034_Q2_labor_18h,2034_Q2_labor
2180,2034_Q2_labor_19h,2034_Q2_labor
2181,2034_Q2_labor_20h,2034_Q2_labor
2182,2034_Q2_labor_21h,2034_Q2_labor
2183,2034_Q2_labor_22h,2034_Q2_labor
2184,2034_Q2_labor_23h,2034_Q2_labor
2185,2034_Q2_holidays_0h,2034_Q2_holidays
2186,2034_Q2_holidays_1h,2034_Q2_holidays
2187,2034_Q2_holidays_2h,2034_Q2_holidays
2188,2034_Q2_holidays_3h,2034_Q2_holidays
2189,2034_Q2_holidays_4h,2034_Q2_holidays
2190,2034_Q2_holidays_5h,2034_Q2_holidays
2191,2034_Q2_holidays_6h,2034_Q2_holidays
2192,2034_Q2_holidays_7h,2034_Q2_holidays
2193,2034_Q2_holidays_8h,2034_Q2_holidays
2194,2034_Q2_holidays_9h,2034_Q2_holidays
2195,2034_Q2_holidays_10h,2034_Q2_holidays
2196,2034_Q2_holidays_11h,2034_Q2_holidays
2197,2034_Q2_holidays_12h,2034_Q2_holidays
2198,2034_Q2_holidays_13h,2034_Q2_holidays
2199,2034_Q2_holidays_14h,2034_Q2_holidays
2200,2034_Q2_holidays_15h,2034_Q2_holidays
2201,2034_Q2_holidays_16h,2034_Q2_holidays
2202,2034_Q2_holidays_17h,2034_Q2_holidays
2203,2034_Q2_holidays_18h,2034_Q2_holidays
2204,2034_Q2_holidays_19h,2034_Q2_holidays
2205,2034_Q2_holidays_20h,2034_Q2_holidays
2206,2034_Q2_holidays_21h,2034_Q2_holidays
2207,2034_Q2_holidays_22h,2034_Q2_holidays
2208,2034_Q2_holidays_23h,2034_Q2_holidays
2209,2034_Q3_labor_0h,2034_Q3_labor
2210,2034_Q3_labor_1h,2034_Q3_labor
2211,2034_Q3_labor_2h,2034_Q3_labor
2212,2034_Q3_labor_3h,2034_Q3_labor
2213,2034_Q3_labor_4h,2034_Q3_labor
2214,2034_Q3_labor_5h,2034_Q3_labor
2215,2034_Q3_labor_6h,2034_Q3_labor
2216,2034_Q3_labor_7h,2034_Q3_labor
2217,2034_Q3_labor_8h,2034_Q3_labor
2218,2034_Q3_labor_9h,2034_Q3_labor
2219,2034_Q3_labor_10h,2034_Q3_labor
2220,2034_Q3_labor_11h,2034_Q3_labor
2221,2034_Q3_labor_12h,2034_Q3_labor
2222,2034_Q3_labor_13h,2034_Q3_labor
2223,2034_Q3_labor_14h,2034_Q3_labor
2224,2034_Q3_labor_15h,2034_Q3_labor
2225,2034_Q3_labor_16h,2034_Q3_labor
2226,2034_Q3_labor_17h,2034_Q3_labor
2227,2034_Q3_labor_18h,2034_Q3_labor
2228,2034_Q3_labor_19h,2034_Q3_labor
2229,2034_Q3_labor_20h,2034_Q3_labor
2230,2034_Q3_labor_21h,2034_Q3_labor
2231,2034_Q3_labor_22h,2034_Q3_labor
2232,2034_Q3_labor_23h,2034_Q3_labor
2233,2034_Q3_holidays_0h,2034_Q3_holidays
2234,2034_Q3_holidays_1h,2034_Q3_holidays
2235,2034_Q3_holidays_2h,2034_Q3_holidays
2236,2034_Q3_holidays_3h,2034_Q3_holidays
2237,2034_Q3_holidays_4h,2034_Q3_holidays
2238,2034_Q3_holidays_5h,2034_Q3_holidays
2239,2034_Q3_holidays_6h,2034_Q3_holidays
2240,2034_Q3_holidays_7h,2034_Q3_holidays
2241,2034_Q3_holidays_8h,2034_Q3_holidays
2242,2034_Q3_holidays_9h,2034_Q3_holidays
2243,2034_Q3_holidays_10h,2034_Q3_holidays
2244,2034_Q3_holidays_11h,2034_Q3_holidays
2245,2034_Q3_holidays_12h,2034_Q3_holidays
2246,2034_Q3_holidays_13h,2034_Q3_holidays
2247,2034_Q3_holidays_14h,2034_Q3_holidays
2248,2034_Q3_holidays_15h,2034_Q3_holidays
2249,2034_Q3_holidays_16h,2034_Q3_holidays
2250,2034_Q3_holidays_17h,2034_Q3_holidays
2251,2034_Q3_holidays_18h,2034_Q3_holidays
2252,2034_Q3_holidays_19h,2034_Q3_holidays
2253,2034_Q3_holidays_20h,2034_Q3_holidays
2254,2034_Q3_holidays_21h,2034_Q3_holidays
2255,2034_Q3_holidays_22h,2034_Q3_holidays
2256,2034_Q3_holidays_23h,2034_Q3_holidays
2257,2034_Q4_labor_0h,2034_Q4_labor
2258,2034_Q4_labor_1h,2034_Q4_labor
2259,2034_Q4_labor_2h,2034_Q4_labor
2260,2034_Q4_labor_3h,2034_Q4_labor
2261,2034_Q4_labor_4h,2034_Q4_labor
2262,2034_Q4_labor_5h,2034_Q4_labor
2263,2034_Q4_labor_6h,2034_Q4_labor
2264,2034_Q4_labor_7h,2034_Q4_labor
2265,2034_Q4_labor_8h,2034_Q4_labor
2266,2034_Q4_labor_9h,2034_Q4_labor
2267,2034_Q4_labor_10h,2034_Q4_labor
2268,2034_Q4_labor_11h,2034_Q4_labor
2269,2034_Q4_labor_12h,2034_Q4_labor
2270,2034_Q4_labor_13h,2034_Q4_labor
2271,2034_Q4_labor_14h,2034_Q4_labor
2272,2034_Q4_labor_15h,2034_Q4_labor
2273,2034_Q4_labor_16h,2034_Q4_labor
2274,2034_Q4_labor_17h,2034_Q4_labor
2275,2034_Q4_labor_18h,2034_Q4_labor
2276,2034_Q4_labor_19h,2034_Q4_labor
2277,2034_Q4_labor_20h,2034_Q4_labor
2278,2034_Q4_labor_21h,2034_Q4_labor
2279,2034_Q4_labor_22h,2034_Q4_labor
2280,2034_Q4_labor_23h,2034_Q4_labor
2281,2034_Q4_holidays_0h,2034_Q4_holidays
2282,2034_Q4_holidays_1h,2034_Q4_holidays
2283,2034_Q4_holidays_2h,2034_Q4_holidays
2284,2034_Q4_holidays_3h,2034_Q4_holidays
2285,2034_Q4_holidays_4h,2034_Q4_holidays
2286,2034_Q4_holidays_5h,2034_Q4_holidays
2287,2034_Q4_holidays_6h,2034_Q4_holidays
2288,2034_Q4_holidays_7h,2034_Q4_holidays
2289,2034_Q4_holidays_8h,2034_Q4_holidays
2290,2034_Q4_holidays_9h,2034_Q4_holidays
2291,2034_Q4_holidays_10h,2034_Q4_holidays
2292,2034_Q4_holidays_11h,2034_Q4_holidays
2293,2034_Q4_holidays_12h,2034_Q4_holidays
2294,2034_Q4_holidays_13h,2034_Q4_holidays
2295,2034_Q4_holidays_14h,2034_Q4_holidays
2296,2034_Q4_holidays_15h,2034_Q4_holidays
2297,2034_Q4_holidays_16h,2034_Q4_holidays
2298,2034_Q4_holidays_17h,2034_Q4_holidays
2299,2034_Q4_holidays_18h,2034_Q4_holidays
2300,2034_Q4_holidays_19h,2034_Q4_holidays
2301,2034_Q4_holidays_20h,2034_Q4_holidays
2302,2034_Q4_holidays_21h,2034_Q4_holidays
2303,2034_Q4_holidays_22h,2034_Q4_holidays
2304,2034_Q4_holidays_23h,2034_Q4_holidays
2305,2035_Q1_labor_0h,2035_Q1_labor
2306,2035_Q1_labor_1h,2035_Q1_labor
2307,2035_Q1_labor_2h,2035_Q1_labor
2308,2035_Q1_labor_3h,2035_Q1_labor
2309,2035_Q1_labor_4h,2035_Q1_labor
2310,2035_Q1_labor_5h,2035_Q1_labor
2311,2035_Q1_labor_6h,2035_Q1_labor
2312,2035_Q1_labor_7h,2035_Q1_labor
2313,2035_Q1_labor_8h,2035_Q1_labor
2314,2035_Q1_labor_9h,2035_Q1_labor
2315,2035_Q1_labor_10h,2035_Q1_labor
2316,2035_Q1_labor_11h,2035_Q1_labor
2317,2035_Q1_labor_12h,2035_Q1_labor
2318,2035_Q1_labor_13h,2035_Q1_labor
2319,2035_Q1_labor_14h,2035_Q1_labor
2320,2035_Q1_labor_15h,2035_Q1_labor
2321,2035_Q1_labor_16h,2035_Q1_labor
2322,2035_Q1_labor_17h,2035_Q1_labor
2323,2035_Q1_labor_18h,2035_Q1_labor
2324,2035_Q1_labor_19h,2035_Q1_labor
2325,2035_Q1_labor_20h,2035_Q1_labor
2326,2035_Q1_labor_21h,2035_Q1_labor
2327,2035_Q1_labor_22h,2035_Q1_labor
2328,2035_Q1_labor_23h,2035_Q1_labor
2329,2035_Q1_holidays_0h,2035_Q1_holidays
2330,2035_Q1_holidays_1h,2035_Q1_holidays
2331,2035_Q1_holidays_2h,2035_Q1_holidays
2332,2035_Q1_holidays_3h,2035_Q1_holidays
2333,2035_Q1_holidays_4h,2035_Q1_holidays
2334,2035_Q1_holidays_5h,2035_Q1_holidays
2335,2035_Q1_holidays_6h,2035_Q1_holidays
2336,2035_Q1_holidays_7h,2035_Q1_holidays
2337,2035_Q1_holidays_8h,2035_Q1_holidays
2338,2035_Q1_holidays_9h,2035_Q1_holidays
2339,2035_Q1_holidays_10h,2035_Q1_holidays
2340,2035_Q1_holidays_11h,2035_Q1_holidays
2341,2035_Q1_holidays_12h,2035_Q1_holidays
2342,2035_Q1_holidays_13h,2035_Q1_holidays
2343,2035_Q1_holidays_14h,2035_Q1_holidays
2344,2035_Q1_holidays_15h,2035_Q1_holidays
2345,2035_Q1_holidays_16h,2035_Q1_holidays
2346,2035_Q1_holidays_17h,2035_Q1_holidays
2347,2035_Q1_holidays_18h,2035_Q1_holidays
2348,2035_Q1_holidays_19h,2035_Q1_holidays
2349,2035_Q1_holidays_20h,2035_Q1_holidays
2350,2035_Q1_holidays_21h,2035_Q1_holidays
2351,2035_Q1_holidays_22h,2035_Q1_holidays
2352,2035_Q1_holidays_23h,2035_Q1_holidays
2353,2035_Q2_labor_0h,2035_Q2_labor
2354,2035_Q2_labor_1h,2035_Q2_labor
2355,2035_Q2_labor_2h,2035_Q2_labor
2356,2035_Q2_labor_3h,2035_Q2_labor
2357,2035_Q2_labor_4h,2035_Q2_labor
2358,2035_Q2_labor_5h,2035_Q2_labor
2359,2035_Q2_labor_6h,2035_Q2_labor
2360,2035_Q2_labor_7h,2035_Q2_labor
2361,2035_Q2_labor_8h,2035_Q2_labor
2362,2035_Q2_labor_9h,2035_Q2_labor
2363,2035_Q2_labor_10h,2035_Q2_labor
2364,2035_Q2_labor_11h,2035_Q2_labor
2365,2035_Q2_labor_12h,2035_Q2_labor
2366,2035_Q2_labor_13h,2035_Q2_labor
2367,2035_Q2_labor_14h,2035_Q2_labor
2368,2035_Q2_labor_15h,2035_Q2_labor
2369,2035_Q2_labor_16h,2035_Q2_labor
2370,2035_Q2_labor_17h,2035_Q2_labor
2371,2035_Q2_labor_18h,2035_Q2_labor
2372,2035_Q2_labor_19h,2035_Q2_labor
2373,2035_Q2_labor_20h,2035_Q2_labor
2374,2035_Q2_labor_21h,2035_Q2_labor
2375,2035_Q2_labor_22h,2035_Q2_labor
2376,2035_Q2_labor_23h,2035_Q2_labor
2377,2035_Q2_holidays_0h,2035_Q2_holidays
2378,2035_Q2_holidays_1h,2035_Q2_holidays
2379,2035_Q2_holidays_2h,2035_Q2_holidays
2380,2035_Q2_holidays_3h,2035_Q2_holidays
2381,2035_Q2_holidays_4h,2035_Q2_holidays
2382,2035_Q2_holidays_5h,2035_Q2_holidays
2383,2035_Q2_holidays_6h,2035_Q2_holidays
2384,2035_Q2_holidays_7h,2035_Q2_holidays
2385,2035_Q2_holidays_8h,2035_Q2_holidays
2386,2035_Q2_holidays_9h,2035_Q2_holidays
2387,2035_Q2_holidays_10h,2035_Q2_holidays
2388,2035_Q2_holidays_11h,2035_Q2_holidays
2389,2035_Q2_holidays_12h,2035_Q2_holidays
2390,2035_Q2_holidays_13h,2035_Q2_holidays
2391,2035_Q2_holidays_14h,2035_Q2_holidays
2392,2035_Q2_holidays_15h,2035_Q2_holidays
2393,2035_Q2_holidays_16h,2035_Q2_holidays
2394,2035_Q2_holidays_17h,2035_Q2_holidays
2395,2035_Q2_holidays_18h,2035_Q2_holidays
2396,2035_Q2_holidays_19h,2035_Q2_holidays
2397,2035_Q2_holidays_20h,2035_Q2_holidays
2398,2035_Q2_holidays_21h,2035_Q2_holidays
2399,2035_Q2_holidays_22h,2035_Q2_holidays
2400,2035_Q2_holidays_23h,2035_Q2_holidays
2401,2035_Q3_labor_0h,2035_Q3_labor
2402,2035_Q3_labor_1h,2035_Q3_labor
2403,2035_Q3_labor_2h,2035_Q3_labor
2404,2035_Q3_labor_3h,2035_Q3_labor
2405,2035_Q3_labor_4h,2035_Q3_labor
2406,2035_Q3_labor_5h,2035_Q3_labor
2407,2035_Q3_labor_6h,2035_Q3_labor
2408,2035_Q3_labor_7h,2035_Q3_labor
2409,2035_Q3_labor_8h,2035_Q3_labor
2410,2035_Q3_labor_9h,2035_Q3_labor
2411,2035_Q3_labor_10h,2035_Q3_labor
2412,2035_Q3_labor_11h,2035_Q3_labor
2413,2035_Q3_labor_12h,2035_Q3_labor
2414,2035_Q3_labor_13h,2035_Q3_labor
2415,2035_Q3_labor_14h,2035_Q3_labor
2416,2035_Q3_labor_15h,2035_Q3_labor
2417,2035_Q3_labor_16h,2035_Q3_labor
2418,2035_Q3_labor_17h,2035_Q3_labor
2419,2035_Q3_labor_18h,2035_Q3_labor
2420,2035_Q3_labor_19h,2035_Q3_labor
2421,2035_Q3_labor_20h,2035_Q3_labor
2422,2035_Q3_labor_21h,2035_Q3_labor
2423,2035_Q3_labor_22h,2035_Q3_labor
2424,2035_Q3_labor_23h,2035_Q3_labor
2425,2035_Q3_holidays_0h,2035_Q3_holidays
2426,2035_Q3_holidays_1h,2035_Q3_holidays
2427,2035_Q3_holidays_2h,2035_Q3_holidays
2428,2035_Q3_holidays_3h,2035_Q3_holidays
2429,2035_Q3_holidays_4h,2035_Q3_holidays
2430,2035_Q3_holidays_5h,2035_Q3_holidays
2431,2035_Q3_holidays_6h,2035_Q3_holidays
2432,2035_Q3_holidays_7h,2035_Q3_holidays
2433,2035_Q3_holidays_8h,2035_Q3_holidays
2434,2035_Q3_holidays_9h,2035_Q3_holidays
2435,2035_Q3_holidays_10h,2035_Q3_holidays
2436,2035_Q3_holidays_11h,2035_Q3_holidays
2437,2035_Q3_holidays_12h,2035_Q3_holidays
2438,2035_Q3_holidays_13h,2035_Q3_holidays
2439,2035_Q3_holidays_14h,2035_Q3_holidays
2440,2035_Q3_holidays_15h,2035_Q3_holidays
2441,2035_Q3_holidays_16h,2035_Q3_holidays
2442,2035_Q3_holidays_17h,2035_Q3_holidays
2443,2035_Q3_holidays_18h,2035_Q3_holidays
2444,2035_Q3_holidays_19h,2035_Q3_holidays
2445,2035_Q3_holidays_20h,2035_Q3_holidays
2446,2035_Q3_holidays_21h,2035_Q3_holidays
2447,2035_Q3_holidays_22h,2035_Q3_holidays
2448,2035_Q3_holidays_23h,2035_Q3_holidays
2449,2035_Q4_labor_0h,2035_Q4_labor
2450,2035_Q4_labor_1h,2035_Q4_labor
2451,2035_Q4_labor_2h,2035_Q4_labor
2452,2035_Q4_labor_3h,2035_Q4_labor
2453,2035_Q4_labor_4h,2035_Q4_labor
2454,2035_Q4_labor_5h,2035_Q4_labor
2455,2035_Q4_labor_6h,2035_Q4_labor
2456,2035_Q4_labor_7h,2035_Q4_labor
2457,2035_Q4_labor_8h,2035_Q4_labor
2458,2035_Q4_labor_9h,2035_Q4_labor
2459,2035_Q4_labor_10h,2035_Q4_labor
2460,2035_Q4_labor_11h,2035_Q4_labor
2461,2035_Q4_labor_12h,2035_Q4_labor
2462,2035_Q4_labor_13h,2035_Q4_labor
2463,2035_Q4_labor_14h,2035_Q4_labor
2464,2035_Q4_labor_15h,2035_Q4_labor
2465,2035_Q4_labor_16h,2035_Q4_labor
2466,2035_Q4_labor_17h,2035_Q4_labor
2467,2035_Q4_labor_18h,2035_Q4_labor
2468,2035_Q4_labor_19h,2035_Q4_labor
2469,2035_Q4_labor_20h,2035_Q4_labor
2470,2035_Q4_labor_21h,2035_Q4_labor
2471,2035_Q4_labor_22h,2035_Q4_labor
2472,2035_Q4_labor_23h,2035_Q4_labor
2473,2035_Q4_holidays_0h,2035_Q4_holidays
2474,2035_Q4_holidays_1h,2035_Q4_holidays
2475,2035_Q4_holidays_2h,2035_Q4_holidays
2476,2035_Q4_holidays_3h,2035_Q4_holidays
2477,2035_Q4_holidays_4h,2035_Q4_holidays
2478,2035_Q4_holidays_5h,2035_Q4_holidays
2479,2035_Q4_holidays_6h,2035_Q4_holidays
2480,2035_Q4_holidays_7h,2035_Q4_holidays
2481,2035_Q4_holidays_8h,2035_Q4_holidays
2482,2035_Q4_holidays_9h,2035_Q4_holidays
2483,2035_Q4_holidays_10h,2035_Q4_holidays
2484,2035_Q4_holidays_11h,2035_Q4_holidays
2485,2035_Q4_holidays_12h,2035_Q4_holidays
2486,2035_Q4_holidays_13h,2035_Q4_holidays
2487,2035_Q4_holidays_14h,2035_Q4_holidays
2488,2035_Q4_holidays_15h,2035_Q4_holidays
2489,2035_Q4_holidays_16h,2035_Q4_holidays
2490,2035_Q4_holidays_17h,2035_Q4_holidays
2491,2035_Q4_holidays_18h,2035_Q4_holidays
2492,2035_Q4_holidays_19h,2035_Q4_holidays
2493,2035_Q4_holidays_20h,2035_Q4_holidays
2494,2035_Q4_holidays_21h,2035_Q4_holidays
2495,2035_Q4_holidays_22h,2035_Q4_holidays
2496,2035_Q4_holidays_23h,2035_Q4_holidays
