LOAD_ZONE,timepoints,zone_demand_mw
Surocciden,192,1915.3884615384616
Oriental,192,2276.706153846154
Nordeste,192,1017.2292307692308
Caribe,192,2538.6423076923074
Antioquia,192,1154.55
Surocciden,191,2003.5923076923077
Oriental,191,2381.547692307692
Nordeste,191,1064.0723076923075
Caribe,191,2655.5446153846156
Antioquia,191,1207.7176923076922
Surocciden,190,2060.4538461538464
Oriental,190,2449.1353846153843
Nordeste,190,1094.27
Caribe,190,2730.9076923076927
Antioquia,190,1241.9915384615383
Surocciden,189,2085.8315384615385
Oriental,189,2479.2992307692307
Nordeste,189,1107.7484615384615
Antioquia,189,1257.2884615384614
Caribe,189,2764.542307692308
Antioquia,188,1239.2584615384617
Surocciden,188,2055.919230769231
Oriental,188,2443.746153846154
Nordeste,188,1091.8623076923077
Caribe,188,2724.8969230769235
Surocciden,187,1896.8546153846155
Antioquia,187,1143.3784615384616
Caribe,187,2514.076153846154
Nordeste,187,1007.3846153846154
Oriental,187,2254.6761538461537
Antioquia,186,1122.3146153846153
Caribe,186,2467.757692307692
Nordeste,186,988.8269230769231
Oriental,186,2213.136153846154
Surocciden,186,1861.9076923076923
Caribe,185,2485.1976923076923
Oriental,185,2228.7784615384617
Surocciden,185,1875.066923076923
Nordeste,185,995.8138461538462
Antioquia,185,1130.246153846154
Surocciden,184,1888.366923076923
Oriental,184,2244.587692307692
Nordeste,184,1002.8776923076923
Caribe,184,2502.825384615385
Antioquia,184,1138.2630769230768
Surocciden,183,1909.9892307692307
Oriental,183,2270.2884615384614
Nordeste,183,1014.3607692307693
Caribe,183,2531.483846153846
Antioquia,183,1151.2953846153846
Antioquia,182,1151.3423076923077
Caribe,182,2531.586153846154
Surocciden,182,1910.066923076923
Oriental,182,2270.38
Nordeste,182,1014.4038461538462
Oriental,181,2238.3553846153845
Nordeste,181,1000.0938461538461
Surocciden,181,1883.1253846153847
Caribe,181,2495.8784615384616
Antioquia,181,1135.1015384615384
Surocciden,180,1827.0984615384614
Oriental,180,2171.7607692307693
Nordeste,180,970.3376923076922
Antioquia,180,1101.3323076923077
Caribe,180,2421.6215384615384
Surocciden,179,1758.5892307692307
Oriental,179,2090.326923076923
Nordeste,179,933.9553846153847
Caribe,179,2330.8184615384616
Antioquia,179,1060.0353846153846
Antioquia,178,1014.1376923076924
Caribe,178,2229.900769230769
Nordeste,178,893.5176923076923
Oriental,178,1999.82
Surocciden,178,1682.4453846153847
Caribe,177,2119.223076923077
Antioquia,177,963.8023076923077
Nordeste,177,849.1692307692308
Oriental,177,1900.5623076923077
Surocciden,177,1598.9392307692308
Nordeste,176,815.9338461538462
Surocciden,176,1536.3623076923077
Oriental,176,1826.1784615384615
Caribe,176,2036.28
Antioquia,176,926.0823076923077
Nordeste,175,833.4715384615386
Antioquia,175,945.9869230769231
Caribe,175,2080.046923076923
Oriental,175,1865.4315384615386
Surocciden,175,1569.383846153846
Surocciden,174,1593.6684615384615
Antioquia,174,960.6253846153847
Oriental,174,1894.2992307692307
Caribe,174,2112.2361538461537
Nordeste,174,846.3684615384616
Oriental,173,1917.8053846153848
Nordeste,173,856.8723076923077
Caribe,173,2138.449230769231
Antioquia,173,972.5461538461539
Surocciden,173,1613.4461538461537
Caribe,172,2199.9069230769232
Antioquia,172,1000.4976923076922
Nordeste,172,881.4992307692307
Oriental,172,1972.923076923077
Surocciden,172,1659.8176923076924
Surocciden,171,1712.809230769231
Oriental,171,2035.9115384615384
Nordeste,171,909.6430769230769
Caribe,171,2270.143846153846
Antioquia,171,1032.4392307692308
Nordeste,170,943.2099999999999
Surocciden,170,1776.0115384615385
Oriental,170,2111.0376923076924
Caribe,170,2353.912307692308
Antioquia,170,1070.5361538461539
Caribe,169,2404.106923076923
Oriental,169,2156.0538461538463
Antioquia,169,1093.3653846153845
Surocciden,169,1813.883846153846
Nordeste,169,963.3223076923077
Nordeste,168,1101.9756410256412
Surocciden,168,2074.962435897436
Oriental,168,2466.380641025641
Antioquia,168,1250.7371794871794
Caribe,168,2750.1383333333333
Nordeste,167,1171.3764102564103
Surocciden,167,2205.639230769231
Oriental,167,2621.7085897435895
Caribe,167,2923.336153846154
Antioquia,167,1329.5065384615384
Antioquia,166,1387.1978205128205
Caribe,166,3050.189358974359
Nordeste,166,1222.2055128205127
Oriental,166,2735.473846153846
Surocciden,166,2301.349230769231
Nordeste,165,1248.7198717948718
Caribe,165,3116.3592307692306
Antioquia,165,1417.291153846154
Surocciden,165,2351.273717948718
Oriental,165,2794.8155128205126
Oriental,164,2799.4021794871796
Nordeste,164,1250.7696153846155
Caribe,164,3121.4726923076923
Antioquia,164,1419.617435897436
Surocciden,164,2355.132051282051
Caribe,163,2974.853717948718
Nordeste,163,1192.0188461538462
Surocciden,163,2244.5084615384617
Oriental,163,2667.9100000000003
Antioquia,163,1352.9360256410255
Antioquia,162,1367.7284615384617
Caribe,162,3007.3799999999997
Nordeste,162,1205.0515384615385
Oriental,162,2697.0811538461535
Surocciden,162,2269.0502564102567
Caribe,161,3047.705512820513
Nordeste,161,1221.2098717948718
Antioquia,161,1386.0682051282051
Oriental,161,2733.245512820513
Surocciden,161,2299.4753846153844
Surocciden,160,2304.324358974359
Oriental,160,2739.009358974359
Nordeste,160,1223.7855128205128
Caribe,160,3054.1324358974357
Antioquia,160,1388.9915384615383
Antioquia,159,1373.8526923076922
Surocciden,159,2279.2091025641025
Oriental,159,2709.1576923076923
Nordeste,159,1210.448076923077
Caribe,159,3020.8451282051283
Antioquia,158,1365.8976923076923
Surocciden,158,2266.0126923076923
Oriental,158,2693.4707692307693
Nordeste,158,1203.439358974359
Caribe,158,3003.354743589744
Oriental,157,2704.6784615384618
Antioquia,157,1371.581794871795
Caribe,157,3015.8516666666665
Nordeste,157,1208.446923076923
Surocciden,157,2275.441282051282
Oriental,156,2638.205769230769
Surocciden,156,2219.517820512821
Nordeste,156,1178.7464102564102
Caribe,156,2941.731153846154
Antioquia,156,1337.871794871795
Caribe,155,2840.6488461538465
Surocciden,155,2143.2528205128206
Oriental,155,2547.5529487179488
Nordeste,155,1138.243205128205
Antioquia,155,1291.9011538461539
Surocciden,154,2070.762948717949
Oriental,154,2461.389102564103
Nordeste,154,1099.7457692307692
Caribe,154,2744.5717948717947
Antioquia,154,1248.2066666666667
Surocciden,153,1959.460512820513
Oriental,153,2329.091538461538
Nordeste,153,1040.635
Caribe,153,2597.0526923076923
Antioquia,153,1181.1158974358973
Nordeste,152,980.030641025641
Antioquia,152,1112.329230769231
Caribe,152,2445.805512820513
Oriental,152,2193.4484615384617
Surocciden,152,1845.3446153846155
Surocciden,151,1803.7393589743592
Oriental,151,2143.9942307692304
Nordeste,151,957.9338461538462
Caribe,151,2390.6614102564104
Antioquia,151,1087.2511538461538
Antioquia,150,1049.3133333333333
Surocciden,150,1740.801282051282
Oriental,150,2069.184487179487
Caribe,150,2307.243846153846
Nordeste,150,924.5083333333332
Oriental,149,2036.010512820513
Nordeste,149,909.6866666666666
Caribe,149,2270.2534615384616
Surocciden,149,1712.8920512820512
Antioquia,149,1032.4905128205128
Nordeste,148,921.0191025641026
Antioquia,148,1045.351794871795
Caribe,148,2298.5332051282053
Oriental,148,2061.3716666666664
Surocciden,148,1734.2293589743592
Surocciden,147,1777.795
Oriental,147,2113.1562820512822
Nordeste,147,944.1551282051283
Caribe,147,2356.274487179487
Antioquia,147,1071.6120512820514
Nordeste,146,977.5684615384615
Antioquia,146,1109.5355128205128
Caribe,146,2439.661794871795
Surocciden,146,1840.7097435897433
Oriental,146,2187.939230769231
Antioquia,145,1176.4214102564101
Surocciden,145,1951.6739743589744
Oriental,145,2319.8348717948716
Nordeste,145,1036.4998717948718
Caribe,145,2586.7310256410256
Antioquia,144,1107.7461538461537
Caribe,144,2435.723076923077
Nordeste,144,975.9892307692309
Oriental,144,2184.4069230769232
Surocciden,144,1837.7376923076922
Nordeste,143,1021.8607692307693
Oriental,143,2287.0738461538463
Surocciden,143,1924.1123076923077
Caribe,143,2550.2023076923074
Antioquia,143,1159.8084615384616
Oriental,142,2349.1092307692306
Nordeste,142,1049.576923076923
Caribe,142,2619.373846153846
Antioquia,142,1191.2661538461539
Surocciden,142,1976.3015384615383
Antioquia,141,1202.9076923076923
Caribe,141,2644.9700000000003
Oriental,141,2372.0646153846155
Surocciden,141,1995.6146153846153
Nordeste,141,1059.8353846153846
Antioquia,140,1151.28
Surocciden,140,1909.9630769230769
Caribe,140,2531.4484615384617
Nordeste,140,1014.3469230769231
Oriental,140,2270.256923076923
Nordeste,139,945.0892307692308
Oriental,139,2115.246923076923
Surocciden,139,1779.5538461538463
Caribe,139,2358.6046153846155
Antioquia,139,1072.6723076923076
Surocciden,138,1777.603076923077
Oriental,138,2112.929230769231
Nordeste,138,944.0523076923077
Caribe,138,2356.019230769231
Antioquia,138,1071.4953846153846
Surocciden,137,1792.5707692307692
Oriental,137,2130.7192307692308
Nordeste,137,952.003076923077
Caribe,137,2375.8576923076926
Antioquia,137,1080.5184615384615
Antioquia,136,1092.5
Caribe,136,2402.203076923077
Surocciden,136,1812.4461538461537
Oriental,136,2154.3438461538462
Nordeste,136,962.5584615384615
Oriental,135,2180.9915384615383
Nordeste,135,974.4638461538462
Caribe,135,2431.9146153846154
Antioquia,135,1106.0130769230768
Surocciden,135,1834.8653846153845
Caribe,134,2429.580769230769
Antioquia,134,1104.95
Surocciden,134,1833.102307692308
Oriental,134,2178.8984615384616
Nordeste,134,973.5292307692307
Surocciden,133,1805.3546153846155
Antioquia,133,1088.2246153846154
Caribe,133,2392.800769230769
Nordeste,133,958.7930769230769
Oriental,133,2145.916153846154
Surocciden,132,1757.9953846153844
Oriental,132,2089.6215384615384
Nordeste,132,933.6392307692307
Caribe,132,2330.0323076923078
Antioquia,132,1059.676153846154
Antioquia,131,1025.5923076923077
Surocciden,131,1701.4492307692308
Nordeste,131,903.6092307692307
Caribe,131,2255.087692307692
Oriental,131,2022.41
Surocciden,130,1632.576923076923
Oriental,130,1940.5446153846156
Nordeste,130,867.0330769230769
Caribe,130,2163.8023076923077
Antioquia,130,984.0784615384616
Caribe,129,2057.5207692307695
Antioquia,129,935.7407692307692
Surocciden,129,1552.3876923076923
Nordeste,129,824.4453846153847
Oriental,129,1845.2276923076922
Surocciden,128,1488.8907692307694
Oriental,128,1769.7553846153846
Nordeste,128,790.7230769230769
Caribe,128,1973.363076923077
Antioquia,128,897.4676923076923
Surocciden,127,1524.936923076923
Oriental,127,1812.5992307692309
Nordeste,127,809.8676923076923
Caribe,127,2021.1384615384616
Antioquia,127,919.1946153846154
Surocciden,126,1550.1046153846155
Oriental,126,1842.513846153846
Nordeste,126,823.2338461538462
Caribe,126,2054.496923076923
Antioquia,126,934.3653846153846
Surocciden,125,1571.1138461538462
Oriental,125,1867.4907692307693
Nordeste,125,834.3915384615385
Caribe,125,2082.3438461538462
Antioquia,125,947.0307692307692
Antioquia,124,970.0038461538461
Caribe,124,2132.856153846154
Oriental,124,1912.79
Surocciden,124,1609.2261538461537
Nordeste,124,854.6315384615384
Antioquia,123,1000.4892307692309
Caribe,123,2199.89
Nordeste,123,881.493076923077
Oriental,123,1972.9076923076923
Surocciden,123,1659.8046153846153
Antioquia,122,1038.4138461538462
Caribe,122,2283.2753846153846
Nordeste,122,914.9053846153846
Oriental,122,2047.69
Surocciden,122,1722.7176923076922
Oriental,121,2071.2069230769234
Caribe,121,2309.4992307692305
Surocciden,121,1742.503846153846
Nordeste,121,925.4123076923078
Antioquia,121,1050.3384615384616
Oriental,120,2365.1091139240507
Nordeste,120,1056.727341772152
Antioquia,120,1199.380759493671
Caribe,120,2637.214936708861
Surocciden,120,1989.7627848101267
Caribe,119,2809.050886075949
Nordeste,119,1125.5825316455696
Oriental,119,2519.214936708861
Surocciden,119,2119.4111392405066
Antioquia,119,1277.5301265822786
Oriental,118,2630.793924050633
Caribe,118,2933.466202531645
Antioquia,118,1334.1131645569621
Nordeste,118,1175.4351898734178
Surocciden,118,2213.2822784810123
Surocciden,117,2255.760126582278
Oriental,117,2681.284050632911
Nordeste,117,1197.9943037974683
Caribe,117,2989.765316455696
Antioquia,117,1359.7169620253164
Surocciden,116,2192.2951898734177
Oriental,116,2605.847088607595
Nordeste,116,1164.2887341772152
Caribe,116,2905.6493670886075
Antioquia,116,1321.4626582278481
Oriental,115,2506.2883544303795
Caribe,115,2794.6356962025316
Antioquia,115,1270.9755696202533
Nordeste,115,1119.8067088607595
Surocciden,115,2108.536202531646
Surocciden,114,2169.46417721519
Nordeste,114,1152.1643037974684
Caribe,114,2875.3906329113925
Antioquia,114,1307.7007594936708
Oriental,114,2578.709873417721
Surocciden,113,2202.3267088607595
Oriental,113,2617.7712658227847
Nordeste,113,1169.6168354430379
Caribe,113,2918.9450632911394
Antioquia,113,1327.509493670886
Antioquia,112,1330.7362025316456
Oriental,112,2624.1345569620253
Caribe,112,2926.040506329114
Nordeste,112,1172.46
Surocciden,112,2207.6802531645567
Caribe,111,2893.7416455696202
Nordeste,111,1159.5178481012658
Oriental,111,2595.168481012658
Surocciden,111,2183.310506329114
Antioquia,111,1316.046835443038
Nordeste,110,1153.4037974683545
Caribe,110,2878.4851898734178
Surocciden,110,2171.799493670886
Oriental,110,2581.484683544304
Antioquia,110,1309.1082278481013
Antioquia,109,1316.4639240506328
Caribe,109,2894.657594936709
Nordeste,109,1159.8843037974684
Oriental,109,2595.989746835443
Surocciden,109,2184.0015189873416
Surocciden,108,2127.329493670886
Antioquia,108,1282.3027848101265
Caribe,108,2819.5449367088604
Nordeste,108,1129.7869620253164
Oriental,108,2528.6262025316455
Surocciden,107,2051.309367088608
Antioquia,107,1236.4808860759495
Caribe,107,2718.7893670886074
Nordeste,107,1089.4140506329115
Oriental,107,2438.2669620253164
Caribe,106,2625.099240506329
Surocciden,106,1980.6212658227846
Oriental,106,2354.2437974683544
Nordeste,106,1051.8726582278482
Antioquia,106,1193.8712658227848
Antioquia,105,1127.6293670886075
Oriental,105,2223.6191139240505
Nordeste,105,993.510253164557
Caribe,105,2479.4464556962025
Surocciden,105,1870.7264556962027
Surocciden,104,1759.4639240506328
Oriental,104,2091.3678481012657
Nordeste,104,934.4205063291139
Caribe,104,2331.979746835443
Antioquia,104,1060.562405063291
Antioquia,103,1036.9856962025317
Surocciden,103,1720.3489873417723
Oriental,103,2044.873417721519
Nordeste,103,913.6460759493671
Caribe,103,2280.1362025316457
Oriental,102,1972.7606329113923
Antioquia,102,1000.4150632911392
Caribe,102,2199.7263291139243
Nordeste,102,881.426329113924
Surocciden,102,1659.6803797468353
Surocciden,101,1633.5582278481013
Oriental,101,1941.7112658227848
Nordeste,101,867.5548101265823
Caribe,101,2165.106075949367
Antioquia,101,984.6701265822785
Antioquia,100,997.183417721519
Oriental,100,1966.387848101266
Nordeste,100,878.5794936708861
Caribe,100,2192.6203797468356
Surocciden,100,1654.3181012658229
Antioquia,99,1023.5294936708862
Oriental,99,2018.3403797468357
Caribe,99,2250.551012658228
Nordeste,99,901.7920253164558
Surocciden,99,1698.0260759493672
Surocciden,98,1759.3267088607595
Oriental,98,2091.204683544304
Nordeste,98,934.3469620253165
Caribe,98,2331.7972151898734
Antioquia,98,1060.4801265822784
Caribe,97,2474.4507594936713
Surocciden,97,1866.9577215189875
Oriental,97,2219.1386075949367
Nordeste,97,991.5082278481012
Antioquia,97,1125.3569620253163
Oriental,96,2121.4269230769232
Nordeste,96,947.8507692307692
Antioquia,96,1075.8076923076924
Surocciden,96,1784.753076923077
Caribe,96,2365.496153846154
Antioquia,95,1129.9146153846154
Caribe,95,2484.4715384615383
Nordeste,95,995.5230769230768
Oriental,95,2228.123846153846
Surocciden,95,1874.5184615384617
Antioquia,94,1167.7392307692307
Nordeste,94,1028.8476923076923
Caribe,94,2567.638461538462
Surocciden,94,1937.2684615384615
Oriental,94,2302.712307692308
Antioquia,93,1182.4653846153847
Surocciden,93,1961.6984615384617
Nordeste,93,1041.823846153846
Caribe,93,2600.019230769231
Oriental,93,2331.7523076923076
Surocciden,92,1897.0238461538463
Oriental,92,2254.8753846153845
Nordeste,92,1007.4746153846154
Caribe,92,2514.2992307692307
Antioquia,92,1143.48
Oriental,91,2083.0023076923076
Surocciden,91,1752.426923076923
Antioquia,91,1056.319230769231
Caribe,91,2322.6515384615386
Nordeste,91,930.6823076923077
Antioquia,90,1054.2861538461539
Surocciden,90,1749.0484615384617
Oriental,90,2078.99
Nordeste,90,928.8884615384615
Caribe,90,2318.1761538461537
Caribe,89,2337.972307692308
Antioquia,89,1063.2876923076924
Surocciden,89,1763.9838461538461
Nordeste,89,936.8215384615385
Oriental,89,2096.7423076923073
Surocciden,88,1782.397692307692
Oriental,88,2118.626923076923
Nordeste,88,946.5984615384616
Caribe,88,2362.373076923077
Antioquia,88,1074.3861538461538
Surocciden,87,1806.2069230769232
Oriental,87,2146.9284615384613
Nordeste,87,959.2453846153846
Antioquia,87,1088.7369230769232
Caribe,87,2393.9307692307693
Surocciden,86,1807.353076923077
Nordeste,86,959.853076923077
Caribe,86,2395.45
Antioquia,86,1089.4292307692308
Oriental,86,2148.2884615384614
Antioquia,85,1076.0384615384614
Caribe,85,2366.0107692307693
Nordeste,85,948.0561538461538
Surocciden,85,1785.1392307692308
Oriental,85,2121.886923076923
Surocciden,84,1734.5315384615385
Oriental,84,2061.7315384615385
Caribe,84,2298.933076923077
Antioquia,84,1045.533846153846
Nordeste,84,921.1792307692308
Surocciden,83,1672.9584615384615
Oriental,83,1988.5453846153846
Nordeste,83,888.48
Caribe,83,2217.3284615384614
Antioquia,83,1008.4215384615384
Oriental,82,1899.2092307692308
Nordeste,82,848.5630769230769
Caribe,82,2117.713076923077
Antioquia,82,963.1153846153846
Surocciden,82,1597.8007692307692
Antioquia,81,914.073846153846
Surocciden,81,1516.4376923076923
Oriental,81,1802.4976923076924
Nordeste,81,805.3538461538462
Caribe,81,2009.8753846153847
Surocciden,80,1453.7330769230769
Antioquia,80,876.2769230769231
Caribe,80,1926.7653846153846
Nordeste,80,772.0523076923077
Oriental,80,1727.9646153846154
Antioquia,79,895.3876923076924
Caribe,79,1968.7892307692307
Nordeste,79,788.8892307692307
Oriental,79,1765.6507692307691
Surocciden,79,1485.44
Surocciden,78,1507.8738461538462
Oriental,78,1792.3184615384614
Nordeste,78,800.8061538461538
Caribe,78,1998.5253846153848
Antioquia,78,908.9115384615385
Surocciden,77,1525.1669230769232
Nordeste,77,809.9892307692309
Caribe,77,2021.4438461538462
Antioquia,77,919.3346153846154
Oriental,77,1812.8730769230767
Surocciden,76,1560.9453846153847
Oriental,76,1855.3992307692306
Nordeste,76,828.9915384615384
Caribe,76,2068.8623076923077
Antioquia,76,940.9007692307691
Caribe,75,2135.683846153846
Antioquia,75,971.2892307692308
Surocciden,75,1611.3615384615384
Oriental,75,1915.3246153846155
Nordeste,75,855.7638461538462
Antioquia,74,1010.8884615384616
Caribe,74,2222.7546153846156
Nordeste,74,890.6538461538462
Oriental,74,1993.413076923077
Surocciden,74,1677.0538461538463
Antioquia,73,1016.7292307692308
Surocciden,73,1686.7407692307693
Oriental,73,2004.9284615384615
Nordeste,73,895.8
Caribe,73,2235.593846153846
Nordeste,72,1019.5446835443038
Antioquia,72,1157.1786075949367
Caribe,72,2544.419746835443
Oriental,72,2281.888734177215
Surocciden,72,1919.7492405063292
Surocciden,71,2052.8662025316453
Oriental,71,2440.116329113924
Nordeste,71,1090.2408860759494
Caribe,71,2720.8520253164556
Antioquia,71,1237.4179746835443
Surocciden,70,2151.77417721519
Oriental,70,2557.6830379746834
Nordeste,70,1142.7693670886076
Caribe,70,2851.9443037974684
Antioquia,70,1297.0382278481013
Nordeste,69,1169.577594936709
Antioquia,69,1327.4648101265823
Oriental,69,2617.6832911392407
Caribe,69,2918.847594936709
Surocciden,69,2202.2527848101267
Oriental,68,2565.5143037974685
Antioquia,68,1301.0093670886076
Caribe,68,2860.6764556962025
Nordeste,68,1146.2684810126582
Surocciden,68,2158.3627848101264
Antioquia,67,1239.7712658227847
Nordeste,67,1092.3145569620253
Oriental,67,2444.7575949367088
Surocciden,67,2056.7705063291137
Caribe,67,2726.0262025316456
Antioquia,66,1272.7311392405063
Surocciden,66,2111.450506329114
Oriental,66,2509.7517721518984
Nordeste,66,1121.353417721519
Caribe,66,2798.498607594937
Nordeste,65,1139.6420253164556
Antioquia,65,1293.489493670886
Caribe,65,2844.141012658228
Surocciden,65,2145.8872151898736
Oriental,65,2550.684683544304
Antioquia,64,1294.067341772152
Caribe,64,2845.412151898734
Nordeste,64,1140.1522784810127
Oriental,64,2551.8253164556963
Surocciden,64,2146.8462025316458
Nordeste,63,1127.1354430379747
Caribe,63,2812.9269620253167
Oriental,63,2522.6911392405063
Antioquia,63,1279.2927848101267
Surocciden,63,2122.3358227848103
Antioquia,62,1272.7406329113924
Caribe,62,2798.517848101266
Nordeste,62,1121.3618987341772
Oriental,62,2509.769240506329
Surocciden,62,2111.4643037974683
Antioquia,61,1282.7022784810126
Caribe,61,2820.4218987341774
Nordeste,61,1130.1386075949367
Oriental,61,2529.412911392405
Surocciden,61,2127.9906329113924
Nordeste,60,1101.2712658227847
Caribe,60,2748.3806329113927
Oriental,60,2464.8044303797465
Surocciden,60,2073.6356962025316
Antioquia,60,1249.9378481012657
Antioquia,59,1206.5110126582279
Caribe,59,2652.8925316455698
Nordeste,59,1063.0091139240506
Surocciden,59,2001.5912658227846
Oriental,59,2379.1687341772154
Oriental,58,2299.8335443037977
Nordeste,58,1027.562658227848
Surocciden,58,1934.846329113924
Antioquia,58,1166.2782278481013
Caribe,58,2564.428734177215
Caribe,57,2424.362658227848
Antioquia,57,1102.5781012658229
Nordeste,57,971.4383544303798
Oriental,57,2174.219746835443
Surocciden,57,1829.1670886075951
Surocciden,56,1727.1484810126583
Oriental,56,2052.955443037975
Nordeste,56,917.2581012658228
Caribe,56,2289.148860759494
Antioquia,56,1041.0836708860759
Caribe,55,2243.9921518987344
Surocciden,55,1693.0782278481013
Oriental,55,2012.4591139240506
Nordeste,55,899.1637974683545
Antioquia,55,1020.5468354430379
Nordeste,54,856.7643037974684
Antioquia,54,972.4236708860759
Caribe,54,2138.1777215189873
Surocciden,54,1613.2418987341773
Oriental,54,1917.5627848101265
Surocciden,53,1579.9689873417722
Oriental,53,1878.0122784810126
Nordeste,53,839.0927848101267
Caribe,53,2094.0769620253163
Antioquia,53,952.367088607595
Caribe,52,2118.3046835443038
Oriental,52,1899.7393670886077
Nordeste,52,848.8015189873419
Antioquia,52,963.3859493670886
Surocciden,52,1598.2482278481014
Nordeste,51,870.2660759493672
Oriental,51,1947.7803797468355
Antioquia,51,987.7472151898734
Surocciden,51,1638.6650632911392
Caribe,51,2171.872911392405
Antioquia,50,1021.9435443037974
Caribe,50,2247.06253164557
Oriental,50,2015.2121518987342
Surocciden,50,1695.394936708861
Nordeste,50,900.3950632911393
Antioquia,49,1085.626835443038
Caribe,49,2387.0913924050633
Surocciden,49,1801.0459493670887
Oriental,49,2140.793164556962
Nordeste,49,956.5032911392404
Antioquia,48,1083.1884615384615
Caribe,48,2381.7276923076925
Nordeste,48,954.3546153846154
Oriental,48,2135.984615384615
Surocciden,48,1797.0007692307695
Surocciden,47,1880.993846153846
Nordeste,47,998.963076923077
Caribe,47,2493.053076923077
Antioquia,47,1133.8192307692307
Oriental,47,2235.8230769230768
Surocciden,46,1939.2384615384615
Oriental,46,2305.055384615385
Nordeste,46,1029.8961538461538
Caribe,46,2570.2523076923076
Antioquia,46,1168.926923076923
Antioquia,45,1183.6615384615384
Surocciden,45,1963.6846153846154
Oriental,45,2334.110769230769
Nordeste,45,1042.8784615384616
Caribe,45,2602.6484615384616
Nordeste,44,1015.7638461538462
Antioquia,44,1152.8884615384616
Caribe,44,2534.986923076923
Oriental,44,2273.4284615384613
Surocciden,44,1912.633076923077
Surocciden,43,1761.7446153846154
Oriental,43,2094.0784615384614
Nordeste,43,935.6307692307693
Caribe,43,2335.0015384615385
Antioquia,43,1061.9376923076923
Antioquia,42,1056.1123076923077
Oriental,42,2082.5915384615387
Caribe,42,2322.1953846153847
Nordeste,42,930.5
Surocciden,42,1752.0807692307692
Oriental,41,2099.24
Surocciden,41,1766.086923076923
Antioquia,41,1064.5553846153848
Nordeste,41,937.9399999999999
Caribe,41,2340.756923076923
Surocciden,40,1781.71
Oriental,40,2117.808461538462
Nordeste,40,946.2346153846154
Caribe,40,2361.4615384615386
Antioquia,40,1073.9715384615383
Oriental,39,2139.286923076923
Antioquia,39,1084.8638461538462
Nordeste,39,955.8307692307692
Caribe,39,2385.412307692308
Surocciden,39,1799.78
Surocciden,38,1803.1984615384617
Oriental,38,2143.3546153846155
Nordeste,38,957.6461538461538
Caribe,38,2389.9453846153847
Antioquia,38,1086.9246153846154
Surocciden,37,1779.9584615384615
Antioquia,37,1072.9161538461537
Caribe,37,2359.1407692307694
Nordeste,37,945.303076923077
Oriental,37,2115.726923076923
Surocciden,36,1726.0992307692309
Oriental,36,2051.710769230769
Caribe,36,2287.7592307692307
Nordeste,36,916.7023076923076
Antioquia,36,1040.4515384615386
Antioquia,35,1001.9438461538462
Caribe,35,2203.086923076923
Nordeste,35,882.7738461538461
Surocciden,35,1662.2153846153847
Oriental,35,1975.7746153846153
Antioquia,34,954.16
Caribe,34,2098.0176923076924
Nordeste,34,840.6707692307692
Oriental,34,1881.5461538461536
Surocciden,34,1582.940769230769
Antioquia,33,902.3515384615384
Surocciden,33,1496.9930769230768
Oriental,33,1779.383076923077
Nordeste,33,795.0284615384614
Caribe,33,1984.103846153846
Surocciden,32,1449.4953846153844
Oriental,32,1722.9253846153845
Nordeste,32,769.8007692307692
Caribe,32,1921.1484615384616
Antioquia,32,873.72
Caribe,31,1982.18
Antioquia,31,901.4776923076922
Surocciden,31,1495.5415384615385
Nordeste,31,794.2561538461539
Oriental,31,1777.6592307692308
Surocciden,30,1510.26
Oriental,30,1795.1515384615386
Antioquia,30,910.3469230769231
Caribe,30,2001.6838461538462
Nordeste,30,802.0715384615385
Surocciden,29,1528.8076923076924
Nordeste,29,811.9230769230769
Caribe,29,2026.2692307692307
Antioquia,29,921.5315384615385
Oriental,29,1817.1999999999998
Surocciden,28,1563.2338461538461
Oriental,28,1858.1215384615386
Nordeste,28,830.2046153846154
Caribe,28,2071.896923076923
Antioquia,28,942.2784615384616
Surocciden,27,1608.720769230769
Oriental,27,1912.190769230769
Nordeste,27,854.3630769230768
Caribe,27,2132.1876923076925
Antioquia,27,969.7
Surocciden,26,1664.0484615384617
Antioquia,26,1003.0469230769231
Caribe,26,2205.5146153846154
Nordeste,26,883.7469230769232
Oriental,26,1977.9515384615383
Surocciden,25,1703.0830769230768
Oriental,25,2024.352307692308
Nordeste,25,904.4769230769232
Antioquia,25,1026.5792307692307
Caribe,25,2257.253846153846
Nordeste,24,1025.1025974025974
Surocciden,24,1930.2146753246752
Oriental,24,2294.3281818181817
Caribe,24,2558.2906493506493
Antioquia,24,1163.4871428571428
Caribe,23,2722.486233766234
Surocciden,23,2054.0993506493505
Oriental,23,2441.581818181818
Nordeste,23,1090.8957142857143
Antioquia,23,1238.1615584415586
Antioquia,22,1294.474935064935
Caribe,22,2846.3109090909093
Nordeste,22,1140.5122077922078
Oriental,22,2552.6305194805195
Surocciden,22,2147.5238961038963
Oriental,21,2618.546103896104
Nordeste,21,1169.962987012987
Caribe,21,2919.808831168831
Surocciden,21,2202.978311688312
Antioquia,21,1327.901948051948
Surocciden,20,2179.1259740259743
Oriental,20,2590.194025974026
Nordeste,20,1157.2953246753248
Caribe,20,2888.1954545454546
Antioquia,20,1313.5250649350648
Caribe,19,2745.06
Nordeste,19,1099.9411688311689
Antioquia,19,1248.427922077922
Oriental,19,2461.8267532467535
Surocciden,19,2071.1307792207795
Surocciden,18,2112.1123376623377
Oriental,18,2510.539090909091
Nordeste,18,1121.704935064935
Caribe,18,2799.3763636363637
Antioquia,18,1273.1306493506493
Oriental,17,2553.510909090909
Surocciden,17,2148.264025974026
Antioquia,17,1294.922857142857
Nordeste,17,1140.904935064935
Caribe,17,2847.291818181818
Surocciden,16,2153.071038961039
Oriental,16,2559.223896103896
Nordeste,16,1143.4574025974025
Caribe,16,2853.6627272727274
Antioquia,16,1297.818961038961
Surocciden,15,2131.9302597402598
Oriental,15,2534.0954545454547
Nordeste,15,1132.23012987013
Caribe,15,2825.6433766233768
Antioquia,15,1285.0764935064935
Surocciden,14,2127.2846753246754
Oriental,14,2528.575064935065
Caribe,14,2819.486883116883
Nordeste,14,1129.7638961038963
Antioquia,14,1282.277012987013
Caribe,13,2831.824155844156
Antioquia,13,1287.8875324675323
Surocciden,13,2136.5945454545454
Nordeste,13,1134.707012987013
Oriental,13,2539.6396103896104
Surocciden,12,2081.102987012987
Oriental,12,2473.681168831169
Caribe,12,2758.277532467532
Antioquia,12,1254.4385714285715
Nordeste,12,1105.2374025974025
Surocciden,11,2011.2963636363638
Oriental,11,2390.7055844155843
Nordeste,11,1068.1640259740261
Caribe,11,2665.7553246753246
Antioquia,11,1212.3615584415584
Antioquia,10,1169.8323376623375
Nordeste,10,1030.6937662337662
Caribe,10,2572.241948051948
Oriental,10,2306.8399999999997
Surocciden,10,1940.7402597402597
Surocciden,9,1827.442077922078
Oriental,9,2172.1687012987013
Nordeste,9,970.521818181818
Caribe,9,2422.0762337662336
Antioquia,9,1101.5377922077923
Caribe,8,2284.193116883117
Antioquia,8,1038.83012987013
Nordeste,8,915.2724675324674
Oriental,8,2048.512337662338
Surocciden,8,1723.4097402597401
Surocciden,7,1684.1725974025974
Oriental,7,2001.8742857142859
Nordeste,7,894.4348051948051
Caribe,7,2232.1903896103895
Antioquia,7,1015.1792207792208
Caribe,6,2143.9653246753246
Surocciden,6,1617.6088311688313
Oriental,6,1922.7532467532467
Nordeste,6,859.0824675324676
Antioquia,6,975.0553246753246
Surocciden,5,1593.0489610389611
Nordeste,5,846.0405194805195
Caribe,5,2111.4135064935062
Antioquia,5,960.2516883116883
Oriental,5,1893.55987012987
Antioquia,4,972.2632467532468
Surocciden,4,1612.9764935064936
Oriental,4,1917.2472727272727
Nordeste,4,856.6228571428572
Caribe,4,2137.8255844155847
Surocciden,3,1654.4644155844155
Oriental,3,1966.5618181818184
Nordeste,3,878.6564935064936
Caribe,3,2192.8136363636363
Antioquia,3,997.2715584415585
Caribe,2,2270.3794805194807
Nordeste,2,909.7379220779221
Surocciden,2,1712.9877922077922
Antioquia,2,1032.5477922077923
Oriental,2,2036.1238961038962
Caribe,1,2405.0177922077924
Antioquia,1,1093.7797402597403
Surocciden,1,1814.571038961039
Oriental,1,2156.8706493506493
Nordeste,1,963.6863636363637
