generation_project,gen_dbid,gen_tech,gen_load_zone,gen_energy_source,period,Energy_GWh_typical_yr,VariableCost_per_yr,DispatchEmissions_tCO2_per_typical_yr,GenCapacity_MW,GenCapitalCosts,GenFixedOMCosts,LCOE_dollar_per_MWh,capacity_factor,Store_GWh_typical_yr,Discharge_GWh_typical_yr
AMOYA,AMOYA,RunOfRiver,Surocciden,Water,2023,410.5841232656011,570711.9313391855,0.0,80.0,8978400.293696908,3502400.0,31.787669043874,0.5858791713264855,,
AMOYA,AMOYA,RunOfRiver,Surocciden,Water,2024,410.58412326594305,570711.9313396609,0.0,80.0,8978400.293696908,3502400.0,31.787669043848684,0.5858791713269734,,
BARRANQUILL3,BARRANQUILL3,Thermal,Caribe,GASIMPOR,2023,6.371241291600871e-08,0.0004510838834453416,3.9498784350655125e-05,60.0,6771600.221509176,8593200.0,241158661534.53467,1.2121844162102114e-10,,
BARRANQUILL3,BARRANQUILL3,Thermal,Caribe,GASIMPOR,2024,8.160844984249919e-08,0.0005777878248848943,5.059350939619169e-05,60.0,6771600.221509176,8593200.0,188274624156.44913,1.5526721811738808e-10,,
BARRANQUILL4,BARRANQUILL4,Thermal,Caribe,GASIMPOR,2023,5.443875185023558e-08,0.00038542636309966787,3.748142905689904e-05,60.0,6782400.22186246,8593200.0,282438514838.6048,1.0357448982160495e-10,,
BARRANQUILL4,BARRANQUILL4,Thermal,Caribe,GASIMPOR,2024,6.842904208497048e-08,0.00048447761796159095,4.711383342137153e-05,60.0,6782400.22186246,8593200.0,224694073654.4956,1.3019224140976114e-10,,
BETANIA,BETANIA,Hidro,Surocciden,Water,2023,1138.2560936976781,1582175.9702397725,0.0,540.0,61187402.001531474,23641200.0,75.91505852699791,0.24062575970270544,,
BETANIA,BETANIA,Hidro,Surocciden,Water,2024,1138.2560936980597,1582175.9702403026,0.0,540.0,61187402.001531474,23641200.0,75.91505852697294,0.24062575970278613,,
CALDERAS,CALDERAS,Hidro,Antioquia,Water,2023,86.71168620449282,120529.24382424502,0.0,19.9,2262033.073994486,871221.9999999999,37.52417304105131,0.49741679977795844,,
CALDERAS,CALDERAS,Hidro,Antioquia,Water,2024,86.71168620571133,120529.24382593874,0.0,19.9,2262033.073994486,871221.9999999999,37.524173040543545,0.49741679978494824,,
CALIMA,CALIMA,Hidro,Surocciden,Water,2023,749.4825964968924,1041780.80913068,0.0,132.0,15016320.491206313,5778960.0,29.136181950593876,0.6481619244645879,,
CALIMA,CALIMA,Hidro,Surocciden,Water,2024,749.4825964972251,1041780.8091311429,0.0,132.0,15016320.491206313,5778960.0,29.136181950581566,0.6481619244648755,,
CANDELARIA,CANDELARIA,Thermal,Caribe,GASIMPOR,2023,1.5645138772670758e-07,0.0011076758251050897,5.988833961068186e-05,555.0,63286652.070201084,79487100.0,912575811220.7275,3.217972514844452e-11,,
CANDELARIA,CANDELARIA,Thermal,Caribe,GASIMPOR,2024,2.478478598573704e-07,0.0017547628477901827,9.487417797052254e-05,555.0,63286652.070201084,79487100.0,576054004073.7822,5.097862105750347e-11,,
CARTAGENA1,CARTAGENA1,Thermal,Caribe,COMBUSTOLEO,2023,4.4246676045895185e-08,0.00041149408722682525,5.139362039420841e-05,52.0,5948280.194577146,7447440.0,302750881921.4766,9.71344310807323e-11,,
CARTAGENA1,CARTAGENA1,Thermal,Caribe,COMBUSTOLEO,2024,4.649405183121076e-08,0.0004323946820302602,5.4004003553247086e-05,52.0,5948280.194577146,7447440.0,288116859413.341,1.0206808006500429e-10,,
CARTAGENA2,CARTAGENA2,Thermal,Caribe,COMBUSTOLEO,2023,5.422327677747699e-08,0.0005042764740305361,5.443387998448071e-05,60.0,6874200.224865375,8593200.0,285253882550.20447,1.0316452963751327e-10,,
CARTAGENA2,CARTAGENA2,Thermal,Caribe,COMBUSTOLEO,2024,5.7410757716519837e-08,0.0005339200467636344,5.76337410994908e-05,60.0,6874200.224865375,8593200.0,269416409756.74808,1.0922899108926909e-10,,
CARTAGENA3,CARTAGENA3,Thermal,Caribe,COMBUSTOLEO,2023,5.6197717065098403e-08,0.0005226387687054153,5.503835816204543e-05,66.0,7573500.247740526,9452520.0,302966403929.5499,9.720097735073058e-11,,
CARTAGENA3,CARTAGENA3,Thermal,Caribe,COMBUSTOLEO,2024,5.959087260983907e-08,0.0005541951152715034,5.8361512907898105e-05,66.0,7573500.247740526,9452520.0,285715236287.4369,1.0306986406849152e-10,,
CHARQUITO,CHARQUITO,Hidro,Oriental,Water,2023,134.49137603691048,186943.01269130548,0.0,19.4,5382918.176083308,849331.9999999999,47.729403757553186,0.79138643339518,,
CHARQUITO,CHARQUITO,Hidro,Oriental,Water,2024,134.49137603685628,186943.0126912302,0.0,19.4,5382918.176083308,849331.9999999999,47.72940375757186,0.7913864333948611,,
CHIVOR,CHIVOR,Hidro,Oriental,Water,2023,4143.574506818953,5759568.564478343,0.0,1000.0,115290003.77130853,43780000.0,39.77956039273143,0.473010788449652,,
CHIVOR,CHIVOR,Hidro,Oriental,Water,2024,4143.574506819007,5759568.56447842,0.0,1000.0,115290003.77130853,43780000.0,39.77956039273093,0.4730107884496582,,
CUCUANA,CUCUANA,RunOfRiver,Surocciden,Water,2023,178.6282433653711,248293.2582778658,0.0,56.0,6511680.213006804,2451680.0,51.568852146426245,0.36413128539907674,,
CUCUANA,CUCUANA,RunOfRiver,Surocciden,Water,2024,178.6282433657056,248293.2582783308,0.0,56.0,6511680.213006804,2451680.0,51.5688521463323,0.36413128539975853,,
C_LLERAS_R,C_LLERAS_R,RunOfRiver,Antioquia,Water,2023,456.9384505688605,635144.4462907161,0.0,78.0,8859240.289799007,3414840.0,28.25156149590503,0.6687426100117967,,
C_LLERAS_R,C_LLERAS_R,RunOfRiver,Antioquia,Water,2024,456.93845056920816,635144.4462911994,0.0,78.0,8859240.289799007,3414840.0,28.25156149588459,0.6687426100123054,,
DARIO VALENC,DARIO VALENC,RunOfRiver,Oriental,Water,2023,763.9308242821305,1061863.8457521612,0.0,150.0,17455500.570995543,6567000.0,32.835910817343446,0.5813781006713321,,
DARIO VALENC,DARIO VALENC,RunOfRiver,Oriental,Water,2024,763.9308242824744,1061863.8457526392,0.0,150.0,17455500.570995543,6567000.0,32.835910817329285,0.5813781006715938,,
DST_Antioquia,DST_Antioquia,pv_solar,Antioquia,Solar,2024,23.226607593275546,0.0,0.0,13.3890311278803,1610228.534009727,212028.69694111243,78.45559122798502,0.1980307012249381,,
DST_Caribe,DST_Caribe,pv_solar,Caribe,Solar,2024,50.387711097853234,0.0,0.0,25.8854601805687,3113108.499085487,409922.1474194859,69.91844975182988,0.22221052956753176,,
DST_Nordeste,DST_Nordeste,pv_solar,Nordeste,Solar,2024,18.890782866981198,0.0,0.0,9.58307505726991,1152506.1636940027,151757.5766069263,69.04233400409383,0.2250302799000646,,
DST_Oriental,DST_Oriental,pv_solar,Oriental,Solar,2024,28.45785730453869,0.0,0.0,15.2858105376634,1838344.2429944454,242066.0956744376,73.10495363040148,0.21252480132117765,,
DST_Surocciden,DST_Surocciden,pv_solar,Surocciden,Solar,2024,50.7482690635755,0.0,0.0,27.8566230966177,3350169.9221480247,441137.4833580379,74.70811271920343,0.20796423815831924,,
EL QUIMBO,EL QUIMBO,Hidro,Surocciden,Water,2023,1238.1063657757732,1720967.8484283243,0.0,400.0,46728001.52854285,17512000.0,53.27568874556373,0.35334085781272057,,
EL QUIMBO,EL QUIMBO,Hidro,Surocciden,Water,2024,1238.1063657760371,1720967.8484286913,0.0,400.0,46728001.52854285,17512000.0,53.27568874555267,0.3533408578127959,,
ELTESORITO,ELTESORITO,Thermal,Caribe,GASNACIO,2023,9.73849877626244e-07,0.006894857133593807,0.00043188235941976015,200.0,55368001.81117018,28644000.0,86267918442.25934,5.558503867729702e-10,,
ELTESORITO,ELTESORITO,Thermal,Caribe,GASNACIO,2024,9.788892165140197e-07,0.006930535652919258,0.00043411720240610753,200.0,55368001.81117018,28644000.0,85823809682.24457,5.587267217545773e-10,,
ESCUELAMINAS,ESCUELAMINAS,RunOfRiver,Antioquia,Water,2023,246.3313730405642,342400.6085263841,0.0,55.0,15260850.499205254,2407900.0,73.11756876687275,0.5112730864270738,,
ESCUELAMINAS,ESCUELAMINAS,RunOfRiver,Antioquia,Water,2024,246.33137304091116,342400.6085268665,0.0,55.0,15260850.499205254,2407900.0,73.11756876677173,0.5112730864277939,,
ESMERALDA,ESMERALDA,RunOfRiver,Surocciden,Water,2023,239.2000957788748,332488.13313263597,0.0,30.0,3520800.11517064,1313400.0,21.59985860992108,0.9101982335573621,,
ESMERALDA,ESMERALDA,RunOfRiver,Surocciden,Water,2024,239.20009577978874,332488.1331339064,0.0,30.0,3520800.11517064,1313400.0,21.59985860984386,0.9101982335608397,,
E_GuajiraI,E_GuajiraI,Eolica,Caribe,Wind,2023,134.3879101860171,0.0,0.0,20.0,3092400.1011570347,551400.0,27.114046911759832,0.7670542818836592,,
E_GuajiraI,E_GuajiraI,Eolica,Caribe,Wind,2024,134.38791016804794,0.0,0.0,20.0,3092400.1011570347,551400.0,27.114046915385284,0.7670542817810954,,
E_Wesp01,E_Wesp01,Eolica,Caribe,Wind,2023,79.89093507340387,0.0,0.0,12.0,2303434.1467522476,330840.0,32.97337982503114,0.7599974797698236,,
E_Wesp01,E_Wesp01,Eolica,Caribe,Wind,2024,79.89093507888045,0.0,0.0,12.0,2303434.1467522476,330840.0,32.97337982277079,0.7599974798219219,,
FLORES 1,FLORES 1,Thermal,Caribe,GASIMPOR,2023,1.2188278893098369e-07,0.0008629301456313644,5.225761140252605e-05,160.0,18820800.61565655,22915200.0,342427351577.52716,8.695975237655797e-11,,
FLORES 1,FLORES 1,Thermal,Caribe,GASIMPOR,2024,1.7731789398399e-07,0.0012554106894066494,7.602557899931768e-05,160.0,18820800.61565655,22915200.0,235373879528.93405,1.2651105449770973e-10,,
FLORES4,FLORES4,Thermal,Caribe,GASNACIO,2023,1441.2545380553559,10204082.129431918,595799.3487339808,445.0,123193804.02985366,63732900.0,136.7772180098517,0.36972308708002555,,
FLORES4,FLORES4,Thermal,Caribe,GASNACIO,2024,401.32301276480337,2841366.9303748077,165902.6794530344,445.0,123193804.02985366,63732900.0,472.85619046083116,0.10295085238438338,,
GUAJIRA1,GUAJIRA1,Thermal,Caribe,CARBON,2023,1262.289037070323,10592003.67135489,1192112.9616567243,145.0,17108550.55964629,20766900.0,38.39647878388492,0.9937718761378701,,
GUAJIRA1,GUAJIRA1,Thermal,Caribe,CARBON,2024,1036.8540038789392,8700353.954775658,979210.8313310924,145.0,17108550.55964629,20766900.0,44.92031119152629,0.8162919255856865,,
GUAJIRA2,GUAJIRA2,Thermal,Caribe,CARBON,2023,1115.3571071284678,9359081.974597184,1059687.4031974715,130.0,15362100.502517294,18618600.0,38.857315025045665,0.9794143898212747,,
GUAJIRA2,GUAJIRA2,Thermal,Caribe,CARBON,2024,719.4400966032515,6036899.569553199,683531.4025015899,130.0,15362100.502517294,18618600.0,55.62325516885798,0.6317528069926689,,
GUATAPE,GUATAPE,Hidro,Antioquia,Water,2023,3586.775204769096,4985617.534629043,0.0,560.0,66376802.17128452,24516800.0,26.731315522207627,0.7311593290869812,,
GUATAPE,GUATAPE,Hidro,Antioquia,Water,2024,3586.7752047695067,4985617.534629614,0.0,560.0,66376802.17128452,24516800.0,26.731315522204724,0.731159329087065,,
GUAVIO,GUAVIO,Hidro,Oriental,Water,2023,4104.439618665159,5705171.06994457,0.0,1250.0,148275004.85029727,54725000.0,50.8486408159457,0.37483466837124735,,
GUAVIO,GUAVIO,Hidro,Oriental,Water,2024,4104.439618665369,5705171.069944862,0.0,1250.0,148275004.85029727,54725000.0,50.84864081594318,0.3748346683712665,,
H_ALBAN,H_ALBAN,Hidro,Surocciden,Water,2023,1374.906613387964,1911120.1926092696,0.0,427.0,52380091.71343117,18694060.0,53.08380307095508,0.3675709830151861,,
H_ALBAN,H_ALBAN,Hidro,Surocciden,Water,2024,1374.9066133884871,1911120.192609997,0.0,427.0,52380091.71343117,18694060.0,53.08380307093541,0.3675709830153259,,
H_AguaFresca,H_AguaFresca,Hidro,Antioquia,Water,2023,59.974332961604915,83364.32281663084,0.0,7.29,815532.3266772827,319156.2,20.309568932991738,0.9391474679395198,,
H_AguaFresca,H_AguaFresca,Hidro,Antioquia,Water,2024,59.97433296174853,83364.32281683045,0.0,7.29,815532.3266772827,319156.2,20.309568932946434,0.9391474679417686,,
H_Alejandria,H_Alejandria,Hidro,Antioquia,Water,2023,94.56387161924505,131443.7815507506,0.0,15.0,1679400.0549356886,656700.0,26.09393835334741,0.7196641675741631,,
H_Alejandria,H_Alejandria,Hidro,Antioquia,Water,2024,94.56387161892488,131443.78155030555,0.0,15.0,1679400.0549356886,656700.0,26.093938353431053,0.7196641675717266,,
H_Amaime,H_Amaime,Hidro,Surocciden,Water,2023,75.89137089189705,105489.00553973689,0.0,19.17,2149723.8703206843,839262.6000000001,40.77506361386363,0.45192480457179,,
H_Amaime,H_Amaime,Hidro,Surocciden,Water,2024,75.891370889901,105489.00553696239,0.0,19.17,2149723.8703206843,839262.6000000001,40.77506361489952,0.4519248045599037,,
H_Amalfi,H_Amalfi,Hidro,Antioquia,Water,2023,3.382254117949222,4701.333223949418,0.0,0.81,224750.70735193192,35461.8,78.32464130060926,0.4766692200728932,,
H_Amalfi,H_Amalfi,Hidro,Antioquia,Water,2024,3.382254118250078,4701.333224367607,0.0,0.81,224750.70735193192,35461.8,78.32464129376582,0.4766692201152935,,
H_America,H_America,Hidro,Antioquia,Water,2023,0.10935018341495376,151.9967549467857,0.0,0.41,113762.70372134825,17949.8,1205.8919002989292,0.030446091829533842,,
H_America,H_America,Hidro,Antioquia,Water,2024,0.10935018150879741,151.9967522972284,0.0,0.41,113762.70372134825,17949.8,1205.8919212954095,0.030446091298807605,,
H_Asnazu,H_Asnazu,Hidro,Surocciden,Water,2023,3.7860919726397073,5262.6678419691925,0.0,0.45,124861.50408440662,19701.0,39.57251250341813,0.9604495110704482,,
H_Asnazu,H_Asnazu,Hidro,Surocciden,Water,2024,3.7860919716765356,5262.667840630384,0.0,0.45,124861.50408440662,19701.0,39.572512513131656,0.9604495108261123,,
H_AuresBajo,H_AuresBajo,Hidro,Antioquia,Water,2023,123.1757685962079,171214.31834872894,0.0,19.4,5382918.176083308,849331.9999999999,51.98639770963179,0.7248021030233952,,
H_AuresBajo,H_AuresBajo,Hidro,Antioquia,Water,2024,123.17576859774341,171214.31835086335,0.0,19.4,5382918.176083308,849331.9999999999,51.98639770900105,0.7248021030324308,,
H_AutCemNare,H_AutCemNare,Hidro,Antioquia,Water,2023,52.57336008204154,73076.97051403773,0.0,9.0,2497230.0816881326,394020.0,56.38458427569195,0.6668361248356358,,
H_AutCemNare,H_AutCemNare,Hidro,Antioquia,Water,2024,52.573360085462596,73076.97051879301,0.0,9.0,2497230.0816881326,394020.0,56.38458427211334,0.6668361248790283,,
H_AutGold,H_AutGold,Hidro,Antioquia,Water,2023,1.1774369111199419,1636.6373064567188,0.0,1.0,277470.00907645916,43780.0,274.2284052194321,0.13441060629223078,,
H_AutGold,H_AutGold,Hidro,Antioquia,Water,2024,1.1774369102670517,1636.6373052712015,0.0,1.0,277470.00907645916,43780.0,274.2284054170658,0.1344106061948689,,
H_Ayura,H_Ayura,Hidro,Antioquia,Water,2023,102.67973268046156,142724.82842584152,0.0,16.7,4633749.151576867,731126.0,53.638627957304024,0.7018820761248841,,
H_Ayura,H_Ayura,Hidro,Antioquia,Water,2024,102.67973267946894,142724.8284244618,0.0,16.7,4633749.151576867,731126.0,53.63862795780912,0.7018820761180989,,
H_Barrancas,H_Barrancas,Hidro,Antioquia,Water,2023,19.969484774518456,27757.583836580656,0.0,4.7,1304109.0426593581,205766.0,76.99911359045151,0.4850258616175666,,
H_Barrancas,H_Barrancas,Hidro,Antioquia,Water,2024,19.96948477367225,27757.583835404424,0.0,4.7,1304109.0426593581,205766.0,76.99911359365547,0.4850258615970136,,
H_Barroso,H_Barroso,Hidro,Antioquia,Water,2023,130.20185419532737,180980.57733150502,0.0,19.9,2253078.073701555,871221.9999999999,25.385818592679293,0.746895746973035,,
H_Barroso,H_Barroso,Hidro,Antioquia,Water,2024,130.20185419497062,180980.57733100915,0.0,19.9,2253078.073701555,871221.9999999999,25.38581859274504,0.7468957469709886,,
H_Bayona,H_Bayona,Hidro,Surocciden,Water,2023,3.952715362758248,5494.274354233964,0.0,0.6,166482.0054458755,26268.0,50.15394775650439,0.7520386915445676,,
H_Bayona,H_Bayona,Hidro,Surocciden,Water,2024,3.952715366810448,5494.274359866523,0.0,0.6,166482.0054458755,26268.0,50.15394770651311,0.7520386923155341,,
H_Bello,H_Bello,Hidro,Antioquia,Water,2023,1.9168519029225943,0.0,0.0,0.35,97114.5031767607,15322.999999999998,58.65737619339762,0.6251963153694045,,
H_Bello,H_Bello,Hidro,Antioquia,Water,2024,1.9168518737775817,0.0,0.0,0.35,97114.5031767607,15322.999999999998,58.65737708526098,0.6251963058635295,,
H_Belmonte,H_Belmonte,Hidro,Surocciden,Water,2023,18.181276955853054,25271.97496863574,0.0,3.4,943398.030859961,148852.0,61.46553999161406,0.610437716755743,,
H_Belmonte,H_Belmonte,Hidro,Surocciden,Water,2024,18.181276955283707,25271.974967844348,0.0,3.4,943398.030859961,148852.0,61.46553999349533,0.6104377167366271,,
H_CampestreC,H_CampestreC,Hidro,Surocciden,Water,2023,5.694842176596898,7915.830625469688,0.0,0.7,194229.0063535214,30645.999999999996,40.877486989130446,0.9287087698298921,,
H_CampestreC,H_CampestreC,Hidro,Surocciden,Water,2024,5.6948421756366105,7915.830624134887,0.0,0.7,194229.0063535214,30645.999999999996,40.877486995789,0.9287087696732893,,
H_Cantayus,H_Cantayus,Hidro,Antioquia,Water,2023,23.50506473111154,32672.039976245032,0.0,4.32,1198670.4392103036,189129.6,60.43259592926786,0.6211172609903901,,
H_Cantayus,H_Cantayus,Hidro,Antioquia,Water,2024,23.50506473101862,32672.039976115884,0.0,4.32,1198670.4392103036,189129.6,60.432595929501254,0.6211172609879348,,
H_Caracoli,H_Caracoli,RunOfRiver,Antioquia,Water,2023,20.514696178135196,28515.427687607917,0.0,3.75,1040512.5340367218,164175.0,60.11314771693728,0.6244960784820454,,
H_Caracoli,H_Caracoli,RunOfRiver,Antioquia,Water,2024,20.514696179333487,28515.427689273543,0.0,3.75,1040512.5340367218,164175.0,60.11314771350718,0.6244960785185232,,
H_Caruquia,H_Caruquia,Hidro,Antioquia,Water,2023,57.01063910903963,79244.7883615651,0.0,9.5,1091835.0357155579,415910.0,27.83673098352425,0.6850593500245088,,
H_Caruquia,H_Caruquia,Hidro,Antioquia,Water,2024,57.010639109101604,79244.78836165121,0.0,9.5,1091835.0357155579,415910.0,27.836730983495503,0.6850593500252534,,
H_Cascada,H_Cascada,Hidro,Nordeste,Water,2023,16.285515057260355,22636.865929591884,0.0,3.0,832410.0272293775,131340.0,60.568357199069474,0.6196923537770301,,
H_Cascada,H_Cascada,Hidro,Nordeste,Water,2024,16.285515055788657,22636.865927546234,0.0,3.0,832410.0272293775,131340.0,60.56835720441733,0.6196923537210294,,
H_CascadaAbe,H_CascadaAbe,Hidro,Antioquia,Water,2023,18.39019576556067,25562.37211412932,0.0,3.0,832410.0272293775,131340.0,53.7956426323744,0.6997791387199644,,
H_CascadaAbe,H_CascadaAbe,Hidro,Antioquia,Water,2024,18.390195766150864,25562.372114949696,0.0,3.0,832410.0272293775,131340.0,53.79564263069256,0.6997791387424224,,
H_CascadaAnt,H_CascadaAnt,Hidro,Antioquia,Water,2023,15.744446506323587,21884.780643789785,0.0,2.3,638181.020875856,100693.99999999999,48.31924712082415,0.7814396717452643,,
H_CascadaAnt,H_CascadaAnt,Hidro,Antioquia,Water,2024,15.74444650692209,21884.780644621704,0.0,2.3,638181.020875856,100693.99999999999,48.3192471190402,0.7814396717749696,,
H_CascadaGra,H_CascadaGra,Hidro,Antioquia,Water,2023,2.0828193063894926,2895.1188358813934,0.0,2.09,579912.3189697996,91500.2,323.74754532815126,0.11376304354228073,,
H_CascadaGra,H_CascadaGra,Hidro,Antioquia,Water,2024,2.08281930650034,2895.1188360354718,0.0,2.09,579912.3189697996,91500.2,323.74754531099546,0.11376304354833518,,
H_Cauya,H_Cauya,Hidro,Surocciden,Water,2023,3.697785880044357,5139.922373261656,0.0,1.51,418979.7137054533,66107.8,132.5732348982939,0.2795507786782452,,
H_Cauya,H_Cauya,Hidro,Surocciden,Water,2024,3.6977858797419656,5139.922372841331,0.0,1.51,418979.7137054533,66107.8,132.57323490902158,0.2795507786553846,,
H_Chorrera,H_Chorrera,Hidro,Antioquia,Water,2023,58.799458541858336,81731.24737318308,0.0,15.0,4162050.136146887,656700.0,83.34228758299706,0.44748446378887613,,
H_Chorrera,H_Chorrera,Hidro,Antioquia,Water,2024,58.79945854225306,81731.24737373176,0.0,15.0,4162050.136146887,656700.0,83.3422875824469,0.4474844637918801,,
H_Coconuco,H_Coconuco,Hidro,Surocciden,Water,2023,23.748255938756365,33010.075754871345,0.0,4.5,1248615.0408440663,197010.0,62.262892921995764,0.6024418046361331,,
H_Coconuco,H_Coconuco,Hidro,Surocciden,Water,2024,23.748255938030077,33010.0757538618,0.0,4.5,1248615.0408440663,197010.0,62.26289292385743,0.6024418046177086,,
H_Cocuyo,H_Cocuyo,Hidro,Surocciden,Water,2023,3.3987621842777873,4724.279436146125,0.0,0.7,194229.0063535214,30645.999999999996,67.55379557056467,0.5542665010237747,,
H_Cocuyo,H_Cocuyo,Hidro,Surocciden,Water,2024,3.3987621851003644,4724.279437289506,0.0,0.7,194229.0063535214,30645.999999999996,67.55379555455154,0.5542665011579198,,
H_Coello,H_Coello,Hidro,Surocciden,Water,2023,7.881113529290825,10954.747805714245,0.0,1.2,332964.010891751,52536.0,50.30440904372302,0.7497254118427344,,
H_Coello,H_Coello,Hidro,Surocciden,Water,2024,7.881113528604369,10954.747804760073,0.0,1.2,332964.010891751,52536.0,50.30440904798353,0.7497254117774322,,
H_Currucucue,H_Currucucue,Hidro,Surocciden,Water,2023,3.7268534164540803,5180.32624887117,0.0,1.25,346837.51134557393,54725.0,109.13840501444813,0.34035191017845473,,
H_Currucucue,H_Currucucue,Hidro,Surocciden,Water,2024,3.726853416198511,5180.326248515929,0.0,1.25,346837.51134557393,54725.0,109.13840502183697,0.34035191015511507,,
H_ElBosque,H_ElBosque,Hidro,Surocciden,Water,2023,14.623292621798885,20326.376744300447,0.0,2.28,632631.6206943268,99818.4,51.47790014927735,0.7321603691920454,,
H_ElBosque,H_ElBosque,Hidro,Surocciden,Water,2024,14.623292621798878,20326.376744300436,0.0,2.28,632631.6206943268,99818.4,51.47790014927738,0.7321603691920451,,
H_ElEden,H_ElEden,Hidro,Surocciden,Water,2023,77.68450732719015,107981.4651847943,0.0,19.9,5521653.180621536,871221.9999999999,83.68279428517381,0.4456328866202596,,
H_ElEden,H_ElEden,Hidro,Surocciden,Water,2024,77.68450732719015,107981.46518479429,0.0,19.9,5521653.180621536,871221.9999999999,83.68279428517381,0.4456328866202596,,
H_ElLimonar,H_ElLimonar,Hidro,Oriental,Water,2023,132.72106049029617,184482.27408151168,0.0,18.0,4994460.163376265,788040.0,44.95882127082649,0.8417114440023855,,
H_ElLimonar,H_ElLimonar,Hidro,Oriental,Water,2024,132.72106047911583,184482.274065971,0.0,18.0,4994460.163376265,788040.0,44.9588212744967,0.8417114439314803,,
H_ElMolino,H_ElMolino,Hidro,Antioquia,Water,2023,115.54355816675726,160605.5458517926,0.0,19.9,5521653.180621536,871221.9999999999,56.71870271655537,0.6628092412218469,,
H_ElMolino,H_ElMolino,Hidro,Antioquia,Water,2024,115.54355816602977,160605.54585078137,0.0,19.9,5521653.180621536,871221.9999999999,56.718702716903735,0.6628092412176738,,
H_ElPopal,H_ElPopal,Hidro,Antioquia,Water,2023,148.3612605417921,206222.15215309098,0.0,19.9,2330091.0762207652,871221.9999999999,22.96782337875852,0.8510661787349537,,
H_ElPopal,H_ElPopal,Hidro,Antioquia,Water,2024,148.36126054433404,206222.1521566243,0.0,19.9,2330091.0762207652,871221.9999999999,22.967823378388815,0.8510661787495354,,
H_Florida,H_Florida,RunOfRiver,Surocciden,Water,2023,98.92597853674438,137507.1101660747,0.0,19.9,5521653.180621536,871221.9999999999,66.01281470632117,0.5674834132806978,,
H_Florida,H_Florida,RunOfRiver,Surocciden,Water,2024,98.92597853852197,137507.11016854554,0.0,19.9,5521653.180621536,871221.9999999999,66.01281470515995,0.5674834132908948,,
H_Frisolera,H_Frisolera,Hidro,Surocciden,Water,2023,2.753193789466927,3826.9393673590284,0.0,0.47,130410.9042659358,20576.6,56.23085604274518,0.6687053797403396,,
H_Frisolera,H_Frisolera,Hidro,Surocciden,Water,2024,2.7531937903214656,3826.9393685468367,0.0,0.47,130410.9042659358,20576.6,56.23085602572361,0.6687053799478931,,
H_GUATRON,H_GUATRON,Hidro,Antioquia,Water,2023,3667.661356371179,5098049.285355939,0.0,512.0,58014721.89774836,22415360.0,23.319527860589258,0.817739850075623,,
H_GUATRON,H_GUATRON,Hidro,Antioquia,Water,2024,3667.6613563714873,5098049.285356367,0.0,512.0,58014721.89774836,22415360.0,23.319527860587414,0.8177398500756918,,
H_Guacaica,H_Guacaica,Hidro,Surocciden,Water,2023,6.545131346473205,9097.732571597755,0.0,0.86,238624.20780575488,37650.8,43.60076601535637,0.8687919914082517,,
H_Guacaica,H_Guacaica,Hidro,Surocciden,Water,2024,6.545131346473206,9097.732571597757,0.0,0.86,238624.20780575488,37650.8,43.60076601535636,0.8687919914082518,,
H_Guanaquita,H_Guanaquita,Hidro,Antioquia,Water,2023,66.01907544870723,91766.51487370304,0.0,9.5,1124325.0367783543,415910.0,24.720151570738405,0.7933078039979238,,
H_Guanaquita,H_Guanaquita,Hidro,Antioquia,Water,2024,66.01907544950986,91766.51487481869,0.0,9.5,1124325.0367783543,415910.0,24.72015157045477,0.7933078040075683,,
H_Guaviomeno,H_Guaviomeno,Hidro,Oriental,Water,2023,54.844402854175016,76233.71996730327,0.0,9.9,2746953.089856946,433422.0,59.37905493260997,0.6324016749016996,,
H_Guaviomeno,H_Guaviomeno,Hidro,Oriental,Water,2024,54.84440285251151,76233.71996499097,0.0,9.9,2746953.089856946,433422.0,59.37905493436886,0.6324016748825181,,
H_Herradura,H_Herradura,RunOfRiver,Antioquia,Water,2023,105.60047846908,146784.6650720212,0.0,19.8,5493906.179713892,866844.0,61.62410378369005,0.6088307646619158,,
H_Herradura,H_Herradura,RunOfRiver,Antioquia,Water,2024,105.60047846854151,146784.66507127267,0.0,19.8,5493906.179713892,866844.0,61.62410378399721,0.6088307646588113,,
H_Inza,H_Inza,Hidro,Surocciden,Water,2023,2.889007830400312,4015.720884256434,0.0,0.75,208102.50680734438,32835.0,84.78801099603083,0.4397272192390123,,
H_Inza,H_Inza,Hidro,Surocciden,Water,2024,2.889007830400309,4015.720884256429,0.0,0.75,208102.50680734438,32835.0,84.78801099603093,0.43972721923901187,,
H_IquiraI,H_IquiraI,Hidro,Surocciden,Water,2023,16.75847251685913,23294.276798434188,0.0,4.32,1198670.4392103036,189129.6,84.20184563892491,0.4428397312293655,,
H_IquiraI,H_IquiraI,Hidro,Surocciden,Water,2024,16.758472516859126,23294.27679843418,0.0,4.32,1198670.4392103036,189129.6,84.20184563892492,0.4428397312293654,,
H_IquiraII,H_IquiraII,Hidro,Surocciden,Water,2023,7.571213060771891,10523.986154472928,0.0,1.38,382908.6125255136,60416.399999999994,59.94402680747123,0.6262998031874041,,
H_IquiraII,H_IquiraII,Hidro,Surocciden,Water,2024,7.571213060771891,10523.986154472928,0.0,1.38,382908.6125255136,60416.399999999994,59.94402680747123,0.6262998031874041,,
H_JuanGarcia,H_JuanGarcia,Hidro,Antioquia,Water,2023,22.976076021994643,31936.74567057255,0.0,4.52,1254164.4410255952,197885.59999999998,64.58834769155405,0.5802742762252657,,
H_JuanGarcia,H_JuanGarcia,Hidro,Antioquia,Water,2024,22.97607602363282,31936.745672849618,0.0,4.52,1254164.4410255952,197885.59999999998,64.58834768704804,0.5802742762666389,,
H_LAGUNETA,H_LAGUNETA,Hidro,Oriental,Water,2023,125.28170353861341,174141.56791867263,0.0,18.0,4994460.163376265,788040.0,47.54598287737223,0.7945313517162188,,
H_LAGUNETA,H_LAGUNETA,Hidro,Oriental,Water,2024,125.2817035287639,174141.5679049818,0.0,18.0,4994460.163376265,788040.0,47.54598288100097,0.7945313516537537,,
H_LaPita,H_LaPita,Hidro,Surocciden,Water,2023,8.093075890024338,11249.375487133828,0.0,1.42,394007.41288857197,62167.6,57.75608615654537,0.6506106413615294,,
H_LaPita,H_LaPita,Hidro,Surocciden,Water,2024,8.093075889282032,11249.375486102022,0.0,1.42,394007.41288857197,62167.6,57.75608616171533,0.6506106413018546,,
H_LaRebusca,H_LaRebusca,Hidro,Antioquia,Water,2023,5.618062462745093,7809.106823215679,0.0,0.7,194229.0063535214,30645.999999999996,41.417145985778724,0.9161876162337071,,
H_LaRebusca,H_LaRebusca,Hidro,Antioquia,Water,2024,5.618062462371425,7809.10682269628,0.0,0.7,194229.0063535214,30645.999999999996,41.417145988441014,0.9161876161727698,,
H_La_Vuelta,H_La_Vuelta,Hidro,Antioquia,Water,2023,59.3382124437684,82480.11529683806,0.0,11.6,3218652.105286926,507848.0,64.19101728407016,0.5839455641214807,,
H_La_Vuelta,H_La_Vuelta,Hidro,Antioquia,Water,2024,59.338212444466194,82480.11529780799,0.0,11.6,3218652.105286926,507848.0,64.19101728333163,0.5839455641283477,,
H_LasPalmas,H_LasPalmas,Hidro,Antioquia,Water,2023,16.413207961059882,22814.359065873236,0.0,2.8,776916.0254140856,122583.99999999999,56.19342584753313,0.6691620988690427,,
H_LasPalmas,H_LasPalmas,Hidro,Antioquia,Water,2024,16.413207960268863,22814.35906477372,0.0,2.8,776916.0254140856,122583.99999999999,56.19342585017432,0.6691620988367931,,
H_Libertad,H_Libertad,Hidro,Nordeste,Water,2023,3.8359911871466252,5332.027750133809,0.0,1.2,332964.010891751,52536.0,101.88554133061042,0.3649154477879209,,
H_Libertad,H_Libertad,Hidro,Nordeste,Water,2024,3.8359911984409196,5332.027765832878,0.0,1.2,332964.010891751,52536.0,101.88554103472178,0.3649154488623401,,
H_LuzMaI,H_LuzMaI,Hidro,Antioquia,Water,2023,139.65120637971586,194115.17686780504,0.0,19.6,5438412.1778986,858088.0000000001,46.47733108096629,0.8133631906376142,,
H_LuzMaI,H_LuzMaI,Hidro,Antioquia,Water,2024,139.651206376775,194115.17686371724,0.0,19.6,5438412.1778986,858088.0000000001,46.47733108191576,0.8133631906204859,,
H_LuzMaII,H_LuzMaII,Hidro,Antioquia,Water,2023,135.5708980972001,188443.54835510813,0.0,19.6,5438412.1778986,858088.0000000001,47.83433478182173,0.7895984652944742,,
H_LuzMaII,H_LuzMaII,Hidro,Antioquia,Water,2024,135.57089809677262,188443.54835451394,0.0,19.6,5438412.1778986,858088.0000000001,47.83433478196818,0.7895984652919845,,
H_Magallo,H_Magallo,Hidro,Antioquia,Water,2023,31.46598725509069,43737.722284576055,0.0,5.7,1581579.0517358172,249546.0,59.583789913252154,0.6301767855301346,,
H_Magallo,H_Magallo,Hidro,Antioquia,Water,2024,31.46598725572939,43737.72228546385,0.0,5.7,1581579.0517358172,249546.0,59.58378991207092,0.6301767855429261,,
H_Mirolindo,H_Mirolindo,Hidro,Surocciden,Water,2023,21.123427547809538,29361.56429145525,0.0,3.75,1040512.5340367218,164175.0,58.420873957841465,0.6430267137841562,,
H_Mirolindo,H_Mirolindo,Hidro,Surocciden,Water,2024,21.123427549910133,29361.564294375086,0.0,3.75,1040512.5340367218,164175.0,58.42087395217009,0.6430267138481013,,
H_Mondomo,H_Mondomo,Hidro,Surocciden,Water,2023,3.3477194924096585,4653.330094449425,0.0,0.75,208102.50680734438,32835.0,73.36063772924408,0.5095463458766603,,
H_Mondomo,H_Mondomo,Hidro,Surocciden,Water,2024,3.3477194855594146,4653.330084927586,0.0,0.75,208102.50680734438,32835.0,73.36063787651341,0.5095463448340051,,
H_Montanitas,H_Montanitas,RunOfRiver,Antioquia,Water,2023,128.95306902244252,179244.76594119507,0.0,19.9,2412477.078915735,871221.9999999999,26.854295683759585,0.7397321597854714,,
H_Montanitas,H_Montanitas,RunOfRiver,Antioquia,Water,2024,128.95306902400878,179244.76594337221,0.0,19.9,2412477.078915735,871221.9999999999,26.854295683450292,0.7397321597944562,,
H_MorroAzul,H_MorroAzul,Hidro,Surocciden,Water,2023,110.89835398948298,154148.7120453813,0.0,19.9,2414268.078974321,871221.9999999999,31.016139259793697,0.6361622839625237,,
H_MorroAzul,H_MorroAzul,Hidro,Surocciden,Water,2024,110.89835398948296,154148.7120453813,0.0,19.9,2414268.078974321,871221.9999999999,31.016139259793707,0.6361622839625235,,
H_Municipal,H_Municipal,Hidro,Surocciden,Water,2023,7.83401192721896,10889.276578834353,0.0,1.4,388458.0127070428,61291.99999999999,58.79992187469162,0.6387811421411415,,
H_Municipal,H_Municipal,Hidro,Surocciden,Water,2024,7.8340119272189614,10889.276578834357,0.0,1.4,388458.0127070428,61291.99999999999,58.7999218746916,0.6387811421411416,,
H_Naveta,H_Naveta,Hidro,Oriental,Water,2023,27.85928262566101,38724.4028496688,0.0,4.8,1331856.043567004,210144.0,56.739596193359176,0.662559042657463,,
H_Naveta,H_Naveta,Hidro,Oriental,Water,2024,27.859282624634666,38724.402848242185,0.0,4.8,1331856.043567004,210144.0,56.73959619539826,0.6625590426330542,,
H_Nima,H_Nima,Hidro,Surocciden,Water,2023,29.870836493377926,41520.46272579531,0.0,6.7,1859049.0608122763,293326.0,73.44606917936285,0.5089422151805684,,
H_Nima,H_Nima,Hidro,Surocciden,Water,2024,29.870836493377926,41520.46272579531,0.0,6.7,1859049.0608122763,293326.0,73.44606917936285,0.5089422151805684,,
H_Niquia,H_Niquia,Hidro,Antioquia,Water,2023,110.8447620488979,154074.21924796805,0.0,19.0,5271930.172452724,831820.0,56.4557519546131,0.6659742973377667,,
H_Niquia,H_Niquia,Hidro,Antioquia,Water,2024,110.84476204873386,154074.21924774005,0.0,19.0,5271930.172452724,831820.0,56.4557519546946,0.6659742973367809,,
H_Nuevoliba,H_Nuevoliba,Hidro,Surocciden,Water,2023,23.558997886941924,32747.007062849272,0.0,5.1,1415097.0462899415,223277.99999999997,70.93349476800309,0.5273300628288549,,
H_Nuevoliba,H_Nuevoliba,Hidro,Surocciden,Water,2024,23.558997886941924,32747.007062849272,0.0,5.1,1415097.0462899415,223277.99999999997,70.93349476800309,0.5273300628288549,,
H_Oibita,H_Oibita,Hidro,Nordeste,Water,2023,97.51561631805484,135546.70668209624,0.0,19.9,5521653.180621536,871221.9999999999,66.94745040641155,0.5593929482920013,,
H_Oibita,H_Oibita,Hidro,Nordeste,Water,2024,97.51561631911233,135546.70668356615,0.0,19.9,5521653.180621536,871221.9999999999,66.94745040570062,0.5593929482980674,,
H_Ovejas,H_Ovejas,Hidro,Surocciden,Water,2023,6.345266110776952,8819.91989397996,0.0,0.8199999999999998,227525.40744269648,35899.59999999999,42.90520249013499,0.8833481054094209,,
H_Ovejas,H_Ovejas,Hidro,Surocciden,Water,2024,6.3452661107769535,8819.919893979964,0.0,0.8199999999999998,227525.40744269648,35899.59999999999,42.90520249013498,0.8833481054094211,,
H_PAGUA,H_PAGUA,Hidro,Surocciden,Water,2023,3458.1195383203494,4806786.158265285,0.0,600.0,71118002.32637627,26268000.0,29.551548855444665,0.6579375072907817,,
H_PAGUA,H_PAGUA,Hidro,Surocciden,Water,2024,3458.119538320643,4806786.158265694,0.0,600.0,71118002.32637627,26268000.0,29.55154885544227,0.6579375072908377,,
H_Pajarito,H_Pajarito,Hidro,Antioquia,Water,2023,68.36810218886495,95031.66204252228,0.0,13.2,3662604.1198092606,577896.0,63.41454045155441,0.5912558996546367,,
H_Pajarito,H_Pajarito,Hidro,Antioquia,Water,2024,68.36810218959259,95031.66204353368,0.0,13.2,3662604.1198092606,577896.0,63.414540450894286,0.5912558996609294,,
H_PalmasSanGil,H_PalmasSanGil,Hidro,Nordeste,Water,2023,58.74217046343122,81651.6169441694,0.0,15.0,4162050.136146887,656700.0,83.42221123990822,0.44704848145685855,,
H_PalmasSanGil,H_PalmasSanGil,Hidro,Nordeste,Water,2024,58.74217046301692,81651.6169435935,0.0,15.0,4162050.136146887,656700.0,83.42221124048677,0.44704848145370557,,
H_Pastales,H_Pastales,Hidro,Surocciden,Water,2023,4.90167340656826,6813.3260351298795,0.0,0.7,194229.0063535214,30645.999999999996,47.26719084918797,0.7993596553438126,,
H_Pastales,H_Pastales,Hidro,Surocciden,Water,2024,4.901673406568262,6813.326035129884,0.0,0.7,194229.0063535214,30645.999999999996,47.267190849187955,0.799359655343813,,
H_PaticoCab,H_PaticoCab,Hidro,Surocciden,Water,2023,7.7041462346465766,10708.763266158741,0.0,1.48,410655.61343315954,64794.4,63.10352398465611,0.5942356407076527,,
H_PaticoCab,H_PaticoCab,Hidro,Surocciden,Water,2024,7.704146234646576,10708.76326615874,0.0,1.48,410655.61343315954,64794.4,63.103523984656114,0.5942356407076526,,
H_Pocune,H_Pocune,Hidro,Antioquia,Water,2023,6.342456273819806,8816.01422060953,0.0,1.0,277470.00907645916,43780.0,52.04072508304155,0.7240246887922152,,
H_Pocune,H_Pocune,Hidro,Antioquia,Water,2024,6.342456271029766,8816.014216731375,0.0,1.0,277470.00907645916,43780.0,52.04072510532277,0.7240246884737174,,
H_Porce3Meno,H_Porce3Meno,Hidro,Antioquia,Water,2023,13.718041237570077,19068.077320222408,0.0,1.8,499446.0163376265,78804.0,43.54252063493971,0.869992468136103,,
H_Porce3Meno,H_Porce3Meno,Hidro,Antioquia,Water,2024,13.718041237961305,19068.077320766213,0.0,1.8,499446.0163376265,78804.0,43.542520633737546,0.8699924681609146,,
H_ProvidencI,H_ProvidencI,Hidro,Caribe,Water,2023,34.924885271649444,48545.59052759272,0.0,4.9,604611.0197777312,214522.00000000003,24.844136310153292,0.8136447039336836,,
H_ProvidencI,H_ProvidencI,Hidro,Caribe,Water,2024,34.924885277315255,48545.590535468196,0.0,4.9,604611.0197777312,214522.00000000003,24.844136306348364,0.8136447040656799,,
H_Puente_Gui,H_Puente_Gui,Hidro,Nordeste,Water,2023,21.874294433613546,30405.269262722824,0.0,4.2,1165374.0381211285,183876.0,63.071991262208584,0.5945394225270042,,
H_Puente_Gui,H_Puente_Gui,Hidro,Nordeste,Water,2024,21.87429443084021,30405.269258867884,0.0,4.2,1165374.0381211285,183876.0,63.071991270028946,0.5945394224516254,,
H_Remedios,H_Remedios,Hidro,Antioquia,Water,2023,4.6328679564519195,6439.6864594681665,0.0,0.75,208102.50680734438,32835.0,53.39612429970188,0.7051549400992266,,
H_Remedios,H_Remedios,Hidro,Antioquia,Water,2024,4.6328679550385194,6439.6864575035415,0.0,0.75,208102.50680734438,32835.0,53.39612431556796,0.7051549398840972,,
H_RioBobo,H_RioBobo,Hidro,Surocciden,Water,2023,24.328798934818668,33817.030519397944,0.0,4.0,1109880.0363058366,175120.0,54.208063059692684,0.6943150380941399,,
H_RioBobo,H_RioBobo,Hidro,Surocciden,Water,2024,24.328798940506395,33817.03052730388,0.0,4.0,1109880.0363058366,175120.0,54.208063047344574,0.6943150382564609,,
H_RioCali,H_RioCali,Hidro,Surocciden,Water,2023,9.408797828274697,13078.228981301829,0.0,1.8,499446.0163376265,78804.0,62.848437825064934,0.5967020439037731,,
H_RioCali,H_RioCali,Hidro,Surocciden,Water,2024,9.4087978282747,13078.228981301832,0.0,1.8,499446.0163376265,78804.0,62.84843782506492,0.5967020439037733,,
H_RioFrioI,H_RioFrioI,Hidro,Surocciden,Water,2023,7.751756346618755,10774.94132180007,0.0,1.67,463374.9151576868,73112.59999999999,70.5985110997713,0.5298824506205914,,
H_RioFrioI,H_RioFrioI,Hidro,Surocciden,Water,2024,7.751756346618756,10774.94132180007,0.0,1.67,463374.9151576868,73112.59999999999,70.5985110997713,0.5298824506205914,,
H_RioFrioII,H_RioFrioII,RunOfRiver,Surocciden,Water,2023,49.08409132980839,68226.88694843365,0.0,10.0,2774700.0907645915,437800.0,66.83890622867995,0.5603206772809176,,
H_RioFrioII,H_RioFrioII,RunOfRiver,Surocciden,Water,2024,49.08409133073367,68226.8869497198,0.0,10.0,2774700.0907645915,437800.0,66.83890622744616,0.5603206772914802,,
H_RioFrioTam,H_RioFrioTam,Hidro,Antioquia,Water,2023,5.6644265285982325,7873.552874751542,0.0,1.0,277470.00907645916,43780.0,58.10359800582645,0.6466240329450036,,
H_RioFrioTam,H_RioFrioTam,Hidro,Antioquia,Water,2024,5.6644265306542945,7873.552877609469,0.0,1.0,277470.00907645916,43780.0,58.103597985240654,0.6466240331797138,,
H_RioGrande,H_RioGrande,Hidro,Surocciden,Water,2023,2.7156000000000122,3774.684000000015,0.0,0.31,86015.70281370234,13571.8,38.06237546534906,1.0000000000000042,,
H_RioGrande,H_RioGrande,Hidro,Surocciden,Water,2024,2.7156000000000056,3774.6840000000066,0.0,0.31,86015.70281370234,13571.8,38.06237546534915,1.0000000000000018,,
H_RioMayo,H_RioMayo,RunOfRiver,Surocciden,Water,2023,117.96315300527331,163968.7826773299,0.0,19.8,5493906.179713892,866844.0,55.31150021142235,0.68010673519022,,
H_RioMayo,H_RioMayo,RunOfRiver,Surocciden,Water,2024,117.96315300527331,163968.78267732987,0.0,19.8,5493906.179713892,866844.0,55.31150021142235,0.68010673519022,,
H_RioMulato2,H_RioMulato2,Hidro,Antioquia,Water,2023,40.4499918713084,56225.488701118666,0.0,7.34,2036629.8666212102,321345.2,59.68358567297381,0.6290979537796958,,
H_RioMulato2,H_RioMulato2,Hidro,Antioquia,Water,2024,40.44999187143018,56225.48870128795,0.0,7.34,2036629.8666212102,321345.2,59.68358567279831,0.6290979537815898,,
H_RioNegro,H_RioNegro,Hidro,Surocciden,Water,2023,59.20623472677288,82296.6662702143,0.0,10.2,2830194.092579883,446555.99999999994,56.73467962202884,0.6626179014098494,,
H_RioNegro,H_RioNegro,Hidro,Surocciden,Water,2024,59.20623472677287,82296.6662702143,0.0,10.2,2830194.092579883,446555.99999999994,56.73467962202884,0.6626179014098494,,
H_RioPalo,H_RioPalo,Hidro,Surocciden,Water,2023,5.956067829894834,8278.93428355382,0.0,1.44,399556.8130701012,63043.2,79.05869456190685,0.4721641798178933,,
H_RioPalo,H_RioPalo,Hidro,Surocciden,Water,2024,5.956067829894836,8278.934283553823,0.0,1.44,399556.8130701012,63043.2,79.05869456190682,0.47216417981789344,,
H_RioPiedras,H_RioPiedras,RunOfRiver,Antioquia,Water,2023,142.70908347941835,198365.62603639148,0.0,19.9,5521653.180621536,871221.9999999999,46.18655411383483,0.8186427771243108,,
H_RioPiedras,H_RioPiedras,RunOfRiver,Antioquia,Water,2024,142.7090834797824,198365.62603689753,0.0,19.9,5521653.180621536,871221.9999999999,46.18655411372055,0.8186427771263992,,
H_RioSapuye,H_RioSapuye,Hidro,Surocciden,Water,2023,10.198051388435552,14175.291429925417,0.0,1.65,457825.5149761576,72237.0,53.366842907189216,0.7055521923644354,,
H_RioSapuye,H_RioSapuye,Hidro,Surocciden,Water,2024,10.198051388435552,14175.291429925415,0.0,1.65,457825.5149761576,72237.0,53.366842907189216,0.7055521923644354,,
H_Rio_Recio,H_Rio_Recio,Hidro,Surocciden,Water,2023,4.3591341913059285,6059.196525915239,0.0,0.9840000000000002,273030.48893123586,43079.52000000001,73.90669599015814,0.5057094089108297,,
H_Rio_Recio,H_Rio_Recio,Hidro,Surocciden,Water,2024,4.359134191305929,6059.19652591524,0.0,0.9840000000000002,273030.48893123586,43079.52000000001,73.90669599015813,0.5057094089108298,,
H_Rumor,H_Rumor,Hidro,Surocciden,Water,2023,12.631378257754655,17557.615778278967,0.0,2.5,693675.0226911479,109450.0,64.97174114515916,0.5767752629111713,,
H_Rumor,H_Rumor,Hidro,Surocciden,Water,2024,12.631378257754655,17557.615778278967,0.0,2.5,693675.0226911479,109450.0,64.97174114515916,0.5767752629111713,,
H_SBartolome,H_SBartolome,Hidro,Nordeste,Water,2023,97.6335447265014,135710.62716983692,0.0,19.9,5521653.180621536,871221.9999999999,66.86826567733202,0.5600694380951641,,
H_SBartolome,H_SBartolome,Hidro,Nordeste,Water,2024,97.63354472675185,135710.62717018503,0.0,19.9,5521653.180621536,871221.9999999999,66.86826567716405,0.5600694380966008,,
H_SFrancisPu,H_SFrancisPu,Hidro,Surocciden,Water,2023,2.422750729436293,3367.6235139164464,0.0,0.468,129855.96424778289,20489.04,63.44549849644004,0.5909609358379904,,
H_SFrancisPu,H_SFrancisPu,Hidro,Surocciden,Water,2024,2.422750729436294,3367.6235139164487,0.0,0.468,129855.96424778289,20489.04,63.44549849644002,0.5909609358379906,,
H_Sajandi,H_Sajandi,Hidro,Surocciden,Water,2023,20.754009897003677,28848.073756835103,0.0,3.2,887904.0290446694,140096.0,50.92259799654837,0.7403685037458502,,
H_Sajandi,H_Sajandi,Hidro,Surocciden,Water,2024,20.754009897003673,28848.073756835103,0.0,3.2,887904.0290446694,140096.0,50.92259799654839,0.74036850374585,,
H_SanAndres2,H_SanAndres2,Hidro,Antioquia,Water,2023,137.16337678212588,190657.09372715495,0.0,19.9,5521653.180621536,871221.9999999999,47.997741298000825,0.7868301368837674,,
H_SanAndres2,H_SanAndres2,Hidro,Antioquia,Water,2024,137.16337678176308,190657.0937266507,0.0,19.9,5521653.180621536,871221.9999999999,47.99774129812411,0.7868301368816861,,
H_SanCancio,H_SanCancio,Hidro,Surocciden,Water,2023,9.754271747649184,13558.437729232364,0.0,2.0,554940.0181529183,87560.0,67.25857889291049,0.5567506705279214,,
H_SanCancio,H_SanCancio,Hidro,Surocciden,Water,2024,9.754271747649183,13558.437729232362,0.0,2.0,554940.0181529183,87560.0,67.2585788929105,0.5567506705279213,,
H_SanJosMoII,H_SanJosMoII,Hidro,Antioquia,Water,2023,5.965889896505227,8292.586956142266,0.0,1.1,305217.0099841051,48158.00000000001,60.62257319769001,0.6191251449258225,,
H_SanJosMoII,H_SanJosMoII,Hidro,Antioquia,Water,2024,5.965889897349796,8292.586957316214,0.0,1.1,305217.0099841051,48158.00000000001,60.62257318930467,0.6191251450134697,,
H_SanJose,H_SanJose,Hidro,Surocciden,Water,2023,2.273113957934764,3159.6284015293218,0.0,0.38,105438.60344905448,16636.4,55.093864262030074,0.6828628808984508,,
H_SanJose,H_SanJose,Hidro,Surocciden,Water,2024,2.273113957934765,3159.6284015293227,0.0,0.38,105438.60344905448,16636.4,55.09386426203005,0.6828628808984512,,
H_SanMatias,H_SanMatias,Hidro,Antioquia,Water,2023,114.04194261505509,158518.30023492654,0.0,19.9,5521653.180621536,871221.9999999999,57.44722801654196,0.6541953065272428,,
H_SanMatias,H_SanMatias,Hidro,Antioquia,Water,2024,114.0419426177346,158518.30023865105,0.0,19.9,5521653.180621536,871221.9999999999,57.447228015224844,0.6541953065426137,,
H_SantaAna,H_SantaAna,Hidro,Oriental,Water,2023,38.101859507543736,52961.584715485784,0.0,8.0,2219760.0726116733,350240.0,68.84077814647976,0.5436909176304755,,
H_SantaAna,H_SantaAna,Hidro,Oriental,Water,2024,38.10185950152804,52961.58470712397,0.0,8.0,2219760.0726116733,350240.0,68.84077815712921,0.5436909175446352,,
H_SantaRita,H_SantaRita,Hidro,Antioquia,Water,2023,6.333898874922335,8804.119436142046,0.0,1.3,360711.01179939695,56914.0,67.32490361093234,0.55619062828612,,
H_SantaRita,H_SantaRita,Hidro,Antioquia,Water,2024,6.333898874454809,8804.119435492183,0.0,1.3,360711.01179939695,56914.0,67.32490361579922,0.5561906282450656,,
H_Santiago,H_Santiago,Hidro,Antioquia,Water,2023,10.873027352999362,15113.508020669113,0.0,2.8,776916.0254140856,122583.99999999999,84.11765221784856,0.4432904171966471,,
H_Santiago,H_Santiago,Hidro,Antioquia,Water,2024,10.873027352775043,15113.508020357309,0.0,2.8,776916.0254140856,122583.99999999999,84.11765221955528,0.44329041718750173,,
H_Silvia,H_Silvia,Hidro,Surocciden,Water,2023,2.7082513155160544,3764.4693285673147,0.0,0.38,105438.60344905448,16636.4,46.46521246261934,0.813581865992566,,
H_Silvia,H_Silvia,Hidro,Surocciden,Water,2024,2.708251315516053,3764.4693285673134,0.0,0.38,105438.60344905448,16636.4,46.46521246261936,0.8135818659925658,,
H_Suba,H_Suba,Hidro,Oriental,Water,2023,15.662002200578463,21770.183058804065,0.0,2.6,721422.0235987939,113828.0,54.719709248026064,0.6876537671486854,,
H_Suba,H_Suba,Hidro,Oriental,Water,2024,15.662002207723756,21770.18306873602,0.0,2.6,721422.0235987939,113828.0,54.71970922369608,0.6876537674624057,,
H_Sueva2,H_Sueva2,Hidro,Oriental,Water,2023,34.21161072727492,47554.13891091214,0.0,6.0,1664820.054458755,262680.0,57.73052339202117,0.65090583575485,,
H_Sueva2,H_Sueva2,Hidro,Oriental,Water,2024,34.21161073366565,47554.13891979525,0.0,6.0,1664820.054458755,262680.0,57.73052338149676,0.6509058358764391,,
H_TuluaAlto,H_TuluaAlto,Hidro,Surocciden,Water,2023,87.80691340809446,122051.6096372513,0.0,19.9,2534265.0828996026,871221.9999999999,40.1738149722009,0.5036995101540491,,
H_TuluaAlto,H_TuluaAlto,Hidro,Surocciden,Water,2024,87.80691340809446,122051.6096372513,0.0,19.9,2534265.0828996026,871221.9999999999,40.1738149722009,0.5036995101540491,,
H_TuluaBajo,H_TuluaBajo,Hidro,Surocciden,Water,2023,88.20995548933685,122611.83813017819,0.0,19.9,2536056.082958189,871221.9999999999,40.01691080679747,0.5060115387975083,,
H_TuluaBajo,H_TuluaBajo,Hidro,Surocciden,Water,2024,88.20995548933686,122611.8381301782,0.0,19.9,2536056.082958189,871221.9999999999,40.01691080679746,0.5060115387975084,,
H_Tunjita,H_Tunjita,Hidro,Oriental,Water,2023,108.76847366439083,151188.1783935032,0.0,19.7,2514114.0822404334,862466.0,32.43373876440518,0.6302788034234453,,
H_Tunjita,H_Tunjita,Hidro,Oriental,Water,2024,108.76847367904908,151188.1784138782,0.0,19.7,2514114.0822404334,862466.0,32.43373876022155,0.6302788035083853,,
H_Union,H_Union,Hidro,Surocciden,Water,2023,4.752561381551948,6606.060320357208,0.0,0.7,194229.0063535214,30645.999999999996,48.70659168599491,0.7750426258238662,,
H_Union,H_Union,Hidro,Surocciden,Water,2024,4.752561381551953,6606.060320357214,0.0,0.7,194229.0063535214,30645.999999999996,48.706591685994866,0.775042625823867,,
H_Urrao,H_Urrao,Hidro,Antioquia,Water,2023,6.243898333662942,8679.018683791488,0.0,1.03,285794.10934875294,45093.4,54.38373751248124,0.6920133809530236,,
H_Urrao,H_Urrao,Hidro,Antioquia,Water,2024,6.243898334618756,8679.01868512007,0.0,1.03,285794.10934875294,45093.4,54.38373750436898,0.6920133810589567,,
H_Usaquen,H_Usaquen,Hidro,Oriental,Water,2023,8.599822245592858,11953.75292137407,0.0,1.8,499446.0163376265,78804.0,68.62976377929924,0.5453971490102014,,
H_Usaquen,H_Usaquen,Hidro,Oriental,Water,2024,8.599822254407304,11953.75293362615,0.0,1.8,499446.0163376265,78804.0,68.6297637103814,0.5453971495692099,,
H_VentanaA,H_VentanaA,Hidro,Surocciden,Water,2023,16.484659700847402,22913.676984177884,0.0,2.5,693675.0226911479,109450.0,50.10953909062878,0.7527241872533058,,
H_VentanaA,H_VentanaA,Hidro,Surocciden,Water,2024,16.484659700847402,22913.676984177888,0.0,2.5,693675.0226911479,109450.0,50.10953909062878,0.7527241872533058,,
H_VentanaB,H_VentanaB,Hidro,Surocciden,Water,2023,11.323170576490078,15739.207101321206,0.0,2.5,693675.0226911479,109450.0,72.31757432786976,0.517039752351145,,
H_VentanaB,H_VentanaB,Hidro,Surocciden,Water,2024,11.323170576888515,15739.207101875034,0.0,2.5,693675.0226911479,109450.0,72.31757432537397,0.5170397523693385,,
H_Violetas,H_Violetas,Hidro,Antioquia,Water,2023,3.8892749830186113,5406.092226395869,0.0,0.95,263596.5086226362,41591.0,79.8589974237226,0.4673485920474178,,
H_Violetas,H_Violetas,Hidro,Antioquia,Water,2024,3.889274984148142,5406.092227965918,0.0,0.95,263596.5086226362,41591.0,79.8589974009335,0.467348592183146,,
H_Zeus,H_Zeus,Hidro,Antioquia,Water,2023,54.058713536348705,75141.6118155247,0.0,9.9,2746953.089856946,433422.0,60.22186783049293,0.6233420222354676,,
H_Zeus,H_Zeus,Hidro,Antioquia,Water,2024,54.0587135344481,75141.61181288285,0.0,9.9,2746953.089856946,433422.0,60.22186783256135,0.6233420222135521,,
INSULA,INSULA,Hidro,Surocciden,Water,2023,118.39590417335987,164570.30680097023,0.0,19.0,2255490.073780455,831820.0,27.46615605739111,0.7113428513179515,,
INSULA,INSULA,Hidro,Surocciden,Water,2024,118.39590417919067,164570.30680907503,0.0,19.0,2255490.073780455,831820.0,27.466156056106904,0.7113428513529838,,
ITUANGO,ITUANGO,Hidro,Antioquia,Water,2023,3199.4583273456756,4447247.075010489,0.0,1200.0,332964010.891751,52536000.0,121.87914892777124,0.3043624740625642,,
ITUANGO,ITUANGO,Hidro,Antioquia,Water,2024,3199.458327345864,4447247.0750107495,0.0,1200.0,332964010.891751,52536000.0,121.87914892776416,0.30436247406258216,,
JAGUAS,JAGUAS,Hidro,Antioquia,Water,2023,864.9820319438054,1202325.0244018896,0.0,170.0,20196000.6606414,7442600.0,33.342803225902124,0.5808367122910323,,
JAGUAS,JAGUAS,Hidro,Antioquia,Water,2024,864.9820319440732,1202325.0244022617,0.0,170.0,20196000.6606414,7442600.0,33.342803225892226,0.5808367122912121,,
LA TASAJERA,LA TASAJERA,Hidro,Antioquia,Water,2023,2012.894483049381,2797923.331438639,0.0,306.0,36435421.191857144,13396680.0,26.14643984893104,0.7509231216795672,,
LA TASAJERA,LA TASAJERA,Hidro,Antioquia,Water,2024,2012.894483049675,2797923.3314390485,0.0,306.0,36435421.191857144,13396680.0,26.146439848927425,0.7509231216796769,,
MERILECTRICA,MERILECTRICA,Thermal,Nordeste,GASNACIO,2023,995.9929296664149,7051629.942038216,528889.8747277213,164.0,19822680.648429547,23488080.0,50.56500813448093,0.6932794086663427,,
MERILECTRICA,MERILECTRICA,Thermal,Nordeste,GASNACIO,2024,1248.9330361242426,8842445.895759637,663205.5482967121,164.0,19822680.648429547,23488080.0,41.758208835626505,0.8693430755960032,,
MIEL I,MIEL I,Hidro,Surocciden,Water,2023,1140.5096096375805,1585308.3573962369,0.0,396.0,47900161.566885956,17336880.0,58.58990521396511,0.3287756588826566,,
MIEL I,MIEL I,Hidro,Surocciden,Water,2024,1140.5096096379104,1585308.3573966953,0.0,396.0,47900161.566885956,17336880.0,58.58990521394856,0.3287756588827517,,
PAIPA 1,PAIPA 1,Thermal,Nordeste,CARBON,2023,67.57714301442523,567047.1071900704,78140.49791329663,36.0,9966240.326010633,5155920.0,232.16736803820834,0.21428571478445338,,
PAIPA 1,PAIPA 1,Thermal,Nordeste,CARBON,2024,247.78285583854384,2079172.7105797892,286515.15684037376,36.0,9966240.326010633,5155920.0,69.42099758426737,0.7857142815783352,,
PAIPA 2,PAIPA 2,Thermal,Nordeste,CARBON,2023,601.7081474002869,5048998.065561846,590752.0649399783,72.0,19932480.652021267,10311840.0,58.65521161724307,0.9540020094499726,,
PAIPA 2,PAIPA 2,Thermal,Nordeste,CARBON,2024,630.7199995385281,5292439.650917181,619235.6605709308,72.0,19932480.652021267,10311840.0,56.34316389037803,0.9999999992683409,,
PAIPA 3,PAIPA 3,Thermal,Nordeste,CARBON,2023,262.8000025519456,2205183.2109092516,279522.4134743302,70.0,19378800.633909564,10025400.0,120.27923720651728,0.4285714327331141,,
PAIPA 3,PAIPA 3,Thermal,Nordeste,CARBON,2024,613.1999989327778,5145427.433201224,652218.9573048686,70.0,19378800.633909564,10025400.0,56.343163938749946,0.9999999982595853,,
PAIPA 4,PAIPA 4,Thermal,Nordeste,CARBON,2023,1445.3999991952578,12128507.535473123,1250005.479324046,165.0,45678601.4942154,23631300.0,56.34316388199131,0.999999999443239,,
PAIPA 4,PAIPA 4,Thermal,Nordeste,CARBON,2024,1445.39999972647,12128507.53993058,1250005.4797834465,165.0,45678601.4942154,23631300.0,56.34316386436801,0.999999999810758,,
PLAYAS,PLAYAS,Hidro,Antioquia,Water,2023,1790.8006085803218,2489212.845926647,0.0,207.0,25374060.830023497,9062460.0,20.61967898549211,0.9875811266518437,,
PLAYAS,PLAYAS,Hidro,Antioquia,Water,2024,1790.8006085806408,2489212.8459270904,0.0,207.0,25374060.830023497,9062460.0,20.619678985488687,0.9875811266520198,,
PORCE II,PORCE II,Hidro,Antioquia,Water,2023,2355.2870118019296,3273848.9464046815,0.0,405.0,49681351.62515135,17730900.0,30.011671705979104,0.6638725440560147,,
PORCE II,PORCE II,Hidro,Antioquia,Water,2024,2355.2870118021565,3273848.946404997,0.0,405.0,49681351.62515135,17730900.0,30.01167170597634,0.6638725440560787,,
PORCE III,PORCE III,Hidro,Antioquia,Water,2023,5349.66979961504,7436041.021464904,0.0,700.0,85932002.81096439,30646000.0,23.181625871816106,0.8724184278563336,,
PORCE III,PORCE III,Hidro,Antioquia,Water,2024,5349.669799615336,7436041.021465316,0.0,700.0,85932002.81096439,30646000.0,23.181625871814898,0.8724184278563822,,
PRADO,PRADO,Hidro,Surocciden,Water,2023,376.27950747488217,523028.51539008616,0.0,51.0,6265350.204948979,2232780.0,23.974621368242484,0.8422408171610755,,
PRADO,PRADO,Hidro,Surocciden,Water,2024,376.2795074753437,523028.51539072767,0.0,51.0,6265350.204948979,2232780.0,23.974621368214784,0.8422408171621084,,
PRADO4,PRADO4,Hidro,Surocciden,Water,2023,43.54469943517121,60527.132214887984,0.0,5.0,614700.0201077574,218900.0,20.533547456305456,0.9941712199810777,,
PRADO4,PRADO4,Hidro,Surocciden,Water,2024,43.54469943517122,60527.13221488797,0.0,5.0,614700.0201077574,218900.0,20.533547456305453,0.9941712199810778,,
PROELECTRIC1,PROELECTRIC1,Thermal,Caribe,GASNACIO,2023,4.618219662885198e-07,0.0032696995213227194,0.0002253885622535784,45.0,5536350.181102298,6444900.0,25943439374.83217,1.1715422787633682e-09,,
PROELECTRIC1,PROELECTRIC1,Thermal,Caribe,GASNACIO,2024,4.592436843812867e-07,0.0032514452854195096,0.0002241302521371804,45.0,5536350.181102298,6444900.0,26089090806.97628,1.1650017361270588e-09,,
PROELECTRIC2,PROELECTRIC2,Thermal,Caribe,GASNACIO,2023,5.326286279528671e-07,0.0037710106859062988,0.00025362246618953305,45.0,5544450.181367261,6444900.0,22509774270.336857,1.3511634397586683e-09,,
PROELECTRIC2,PROELECTRIC2,Thermal,Caribe,GASNACIO,2024,5.306453281613055e-07,0.003756968923382042,0.00025267807574949543,45.0,5544450.181367261,6444900.0,22593905097.906956,1.3461322378521193e-09,,
RIOGRANDE 1,RIOGRANDE 1,Hidro,Antioquia,Water,2023,127.38923894635894,177071.04213543894,0.0,19.0,5271930.172452724,831820.0,49.30417409301652,0.7653763455080445,,
RIOGRANDE 1,RIOGRANDE 1,Hidro,Antioquia,Water,2024,127.38923894647296,177071.04213559738,0.0,19.0,5271930.172452724,831820.0,49.30417409297364,0.7653763455087295,,
SALTO II,SALTO II,RunOfRiver,Oriental,Water,2023,266.58440880980265,370552.3282456256,0.0,35.0,4353300.142402961,1532300.0,23.467810809266425,0.8694860039458664,,
SALTO II,SALTO II,RunOfRiver,Oriental,Water,2024,266.5844088103628,370552.3282464042,0.0,35.0,4353300.142402961,1532300.0,23.467810809220037,0.8694860039476933,,
SALVAJINA,SALVAJINA,Hidro,Surocciden,Water,2023,1001.978632656886,1392750.2993930716,0.0,315.0,39208051.28255402,13790700.0,54.28409330218994,0.36311467444259105,,
SALVAJINA,SALVAJINA,Hidro,Surocciden,Water,2024,1001.9786326572727,1392750.299393609,0.0,315.0,39208051.28255402,13790700.0,54.284093302169524,0.36311467444273116,,
SAN CARLOS,SAN CARLOS,Hidro,Antioquia,Water,2023,7950.469893087182,11051153.151391182,0.0,1240.0,154454405.05243468,54287200.0,27.645253822661786,0.7319257155957414,,
SAN CARLOS,SAN CARLOS,Hidro,Antioquia,Water,2024,7950.469893087808,11051153.15139205,0.0,1240.0,154454405.05243468,54287200.0,27.64525382265972,0.7319257155957989,,
SANFRANCISCO,SANFRANCISCO,RunOfRiver,Surocciden,Water,2023,342.4938133231732,476066.4005192107,0.0,135.0,16827750.5504609,5910300.0,67.7796679762958,0.28961086869877656,,
SANFRANCISCO,SANFRANCISCO,RunOfRiver,Surocciden,Water,2024,342.4938133234941,476066.4005196568,0.0,135.0,16827750.5504609,5910300.0,67.7796679762336,0.2896108686990479,,
SNMIGUEL,SNMIGUEL,RunOfRiver,Antioquia,Water,2023,272.48560769058395,378754.99468991166,0.0,50.0,6241500.2041688105,2189000.0,32.32924950980131,0.6221132595675432,,
SNMIGUEL,SNMIGUEL,RunOfRiver,Antioquia,Water,2024,272.4856076909344,378754.99469039874,0.0,50.0,6241500.2041688105,2189000.0,32.329249509761524,0.6221132595683432,,
SOGAMOSO,SOGAMOSO,Hidro,Nordeste,Water,2023,4875.445516381145,6776869.267769791,0.0,819.0,102309483.34669629,35855820.0,29.72901084166992,0.6795576402313135,,
SOGAMOSO,SOGAMOSO,Hidro,Nordeste,Water,2024,4875.445516381528,6776869.267770323,0.0,819.0,102309483.34669629,35855820.0,29.729010841667694,0.6795576402313668,,
S_Aurora,S_Aurora,pv_solar,Caribe,Solar,2023,19.27098596371456,19270.985963714556,0.0,9.9,1182357.038676668,158103.0,70.55845649001184,0.2222105295387039,,
S_Aurora,S_Aurora,pv_solar,Caribe,Solar,2024,19.27098595697387,19270.98595697387,0.0,9.9,1182357.038676668,158103.0,70.5584565143423,0.2222105294609781,,
S_AutEncanto,S_AutEncanto,pv_solar,Caribe,Solar,2023,1.9270986027823904,1927.0986027823906,0.0,0.9900000000000002,118235.70386766682,15810.300000000003,70.55845625860972,0.222210530277938,,
S_AutEncanto,S_AutEncanto,pv_solar,Caribe,Solar,2024,1.9270985954296367,1927.0985954296366,0.0,0.9900000000000002,118235.70386766682,15810.300000000003,70.55845652400674,0.22221052943010422,,
S_AutGragas,S_AutGragas,pv_solar,Surocciden,Solar,2023,7.287066896374062,7287.066896374062,0.0,4.0,477720.0156269365,63880.0,75.32345871511468,0.20796423791021865,,
S_AutGragas,S_AutGragas,pv_solar,Surocciden,Solar,2024,7.287066896374062,7287.066896374063,0.0,4.0,477720.0156269365,63880.0,75.32345871511468,0.20796423791021865,,
S_AutJeans,S_AutJeans,pv_solar,Antioquia,Solar,2023,2.4113010406514093,2411.3010406514095,0.0,1.39,166007.70543036042,22198.3,79.05164193829438,0.19803070206722914,,
S_AutJeans,S_AutJeans,pv_solar,Antioquia,Solar,2024,2.411301037034532,2411.301037034532,0.0,1.39,166007.70543036042,22198.3,79.05164205536944,0.19803070177018917,,
S_AutLevapan,S_AutLevapan,pv_solar,Surocciden,Solar,2023,9.090615953226642,9090.615953226643,0.0,4.99,595955.7194946033,79690.3,75.3234587151147,0.20796423791021865,,
S_AutLevapan,S_AutLevapan,pv_solar,Surocciden,Solar,2024,9.090615955575423,9090.615955575424,0.0,4.99,595955.7194946033,79690.3,75.32345869591144,0.20796423796395117,,
S_AutPintuco,S_AutPintuco,pv_solar,Antioquia,Solar,2023,2.4459960162167027,2445.9960162167035,0.0,1.41,168396.3055084951,22517.699999999997,79.05164204796525,0.1980307017889749,,
S_AutPintuco,S_AutPintuco,pv_solar,Antioquia,Solar,2024,2.445996020305371,2445.9960203053715,0.0,1.41,168396.3055084951,22517.699999999997,79.051641917496,0.19803070211999826,,
S_AutSolla,S_AutSolla,pv_solar,Surocciden,Solar,2023,11.659307034198502,11659.3070341985,0.0,6.4,764352.0250030984,102208.0,75.32345871511467,0.20796423791021867,,
S_AutSolla,S_AutSolla,pv_solar,Surocciden,Solar,2024,11.659307033860303,11659.307033860303,0.0,6.4,764352.0250030984,102208.0,75.32345871727054,0.2079642379041863,,
S_BSLI,S_BSLI,pv_solar,Oriental,Solar,2023,37.048173382523416,37048.173382523404,0.0,19.9,2376657.077744009,317803.0,73.72855398088413,0.2125248008451126,,
S_BSLI,S_BSLI,pv_solar,Oriental,Solar,2024,37.0481733833945,37048.1733833945,0.0,19.9,2376657.077744009,317803.0,73.72855397917414,0.21252480085010952,,
S_BSLII,S_BSLII,pv_solar,Oriental,Solar,2023,37.048173382523416,37048.17338252341,0.0,19.9,2376657.077744009,317803.0,73.72855398088413,0.2125248008451126,,
S_BSLII,S_BSLII,pv_solar,Oriental,Solar,2024,37.0481733835491,37048.17338354909,0.0,19.9,2376657.077744009,317803.0,73.72855397887064,0.21252480085099637,,
S_BSLIII,S_BSLIII,pv_solar,Oriental,Solar,2023,37.048173382523416,37048.17338252341,0.0,19.9,2376657.077744009,317803.0,73.72855398088413,0.2125248008451126,,
S_BSLIII,S_BSLIII,pv_solar,Oriental,Solar,2024,37.04817338474356,37048.17338474356,0.0,19.9,2376657.077744009,317803.0,73.72855397652582,0.21252480085784833,,
S_BSLlanos4,S_BSLlanos4,pv_solar,Oriental,Solar,2023,37.396469261192024,37396.469261192025,0.0,19.9,2376657.077744009,317803.0,73.05118908217814,0.21452278092053886,,
S_BSLlanos4,S_BSLlanos4,pv_solar,Oriental,Solar,2024,37.39646926014221,37396.469260142214,0.0,19.9,2376657.077744009,317803.0,73.05118908420079,0.2145227809145167,,
S_BSLlanos5,S_BSLlanos5,pv_solar,Oriental,Solar,2023,33.63803013913648,33638.03013913648,0.0,17.9,2137797.069930541,285863.0,73.05118908288006,0.21452278091844904,,
S_BSLlanos5,S_BSLlanos5,pv_solar,Oriental,Solar,2024,33.63803014129705,33638.03014129706,0.0,17.9,2137797.069930541,285863.0,73.05118907825222,0.2145227809322278,,
S_BayuncaI,S_BayuncaI,pv_solar,Caribe,Solar,2023,5.839692716330051,5839.692716330052,0.0,3.0,358290.0117202024,47910.0,70.55845648938158,0.22221052954071727,,
S_BayuncaI,S_BayuncaI,pv_solar,Caribe,Solar,2024,5.839692714537188,5839.692714537188,0.0,3.0,358290.0117202024,47910.0,70.55845651073695,0.22221052947249573,,
S_Belmonte,S_Belmonte,pv_solar,Surocciden,Solar,2023,9.218139624868755,9218.139624868754,0.0,5.06,604315.8197680747,80808.2,75.3234587074102,0.2079642379317765,,
S_Belmonte,S_Belmonte,pv_solar,Surocciden,Solar,2024,9.218139623913185,9218.139623913183,0.0,5.06,604315.8197680747,80808.2,75.32345871511471,0.20796423791021856,,
S_Cabelleros,S_Cabelleros,pv_solar,Surocciden,Solar,2023,20.950317327075428,20950.317327075427,0.0,11.5,1373445.0449274424,183655.0,75.32345871511468,0.20796423791021862,,
S_Cabelleros,S_Cabelleros,pv_solar,Surocciden,Solar,2024,20.95031733409623,20950.31733409623,0.0,11.5,1373445.0449274424,183655.0,75.32345869020764,0.20796423797991093,,
S_CaracoliI,S_CaracoliI,pv_solar,Caribe,Solar,2024,97.32821191971624,97328.21191971624,0.0,50.0,5971500.195336706,798500.0,70.55845650304478,0.222210529497069,,
S_Carmelo,S_Carmelo,pv_solar,Surocciden,Solar,2023,18.035490567673023,18035.490567673023,0.0,9.9,1182357.038676668,158103.0,75.32345871862896,0.20796423790038535,,
S_Carmelo,S_Carmelo,pv_solar,Surocciden,Solar,2024,18.03549056844122,18035.49056844122,0.0,9.9,1182357.038676668,158103.0,75.32345871546326,0.20796423790924326,,
S_Cauca,S_Cauca,pv_solar,Surocciden,Solar,2023,0.5465300179233805,546.5300179233807,0.0,0.3,35829.00117202024,4791.0,75.32345862055625,0.2079642381748023,,
S_Cauca,S_Cauca,pv_solar,Surocciden,Solar,2024,0.5465300164736577,546.5300164736577,0.0,0.3,35829.00117202024,4791.0,75.32345881770628,0.2079642376231574,,
S_Cerrito,S_Cerrito,pv_solar,Surocciden,Solar,2023,20.950317329249767,20950.317329249767,0.0,11.5,1373445.0449274424,183655.0,75.32345870740099,0.20796423793180227,,
S_Cerrito,S_Cerrito,pv_solar,Surocciden,Solar,2024,20.95031732707543,20950.31732707543,0.0,11.5,1373445.0449274424,183655.0,75.32345871511468,0.20796423791021865,,
S_Cienaguero,S_Cienaguero,pv_solar,Caribe,Solar,2023,17.519078147304025,17519.078147304026,0.0,9.0,1074870.0351606072,143730.0,70.55845649607625,0.22221052951933057,,
S_Cienaguero,S_Cienaguero,pv_solar,Caribe,Solar,2024,17.519078144916286,17519.078144916286,0.0,9.0,1074870.0351606072,143730.0,70.55845650555663,0.22221052948904468,,
S_Dulima,S_Dulima,pv_solar,Surocciden,Solar,2023,39.89669125697494,39896.69125697493,0.0,21.9,2615517.085557477,349743.0,75.32345871636849,0.20796423790671031,,
S_Dulima,S_Dulima,pv_solar,Surocciden,Solar,2024,39.896691258745,39896.691258745,0.0,21.9,2615517.085557477,349743.0,75.32345871307106,0.20796423791593685,,
S_El_Paso,S_El_Paso,pv_solar,Caribe,Solar,2023,132.36636821501702,132366.36821501702,0.0,68.0,8121240.26565792,1085960.0,70.55845650083613,0.2222105295041247,,
S_El_Paso,S_El_Paso,pv_solar,Caribe,Solar,2024,132.36636821327576,132366.36821327577,0.0,68.0,8121240.26565792,1085960.0,70.55845650175117,0.22221052950120154,,
S_Espinal,S_Espinal,pv_solar,Antioquia,Solar,2023,18.035490573882036,18035.490573882034,0.0,9.9,1182357.038676668,158103.0,75.32345869304189,0.20796423797198046,,
S_Espinal,S_Espinal,pv_solar,Antioquia,Solar,2024,18.035490576276104,18035.490576276105,0.0,9.9,1182357.038676668,158103.0,75.32345868317604,0.20796423799958605,,
S_Ferch2,S_Ferch2,pv_solar,Nordeste,Solar,2023,0.019712664284691254,19.712664284691254,0.0,0.01,1194.3000390673412,159.70000000000002,69.6868106468414,0.2250304142088042,,
S_Ferch2,S_Ferch2,pv_solar,Nordeste,Solar,2024,0.019712655103309343,19.712655103309345,0.0,0.01,1194.3000390673412,159.70000000000002,69.68684263846492,0.2250303093985084,,
S_Flandes,S_Flandes,pv_solar,Surocciden,Solar,2023,39.89669126555934,39896.69126555935,0.0,21.9,2615517.085557477,349743.0,75.32345870037663,0.2079642379514571,,
S_Flandes,S_Flandes,pv_solar,Surocciden,Solar,2024,39.8966912577999,39896.6912577999,0.0,21.9,2615517.085557477,349743.0,75.32345871483169,0.20796423791101049,,
S_Fundacion,S_Fundacion,pv_solar,Caribe,Solar,2023,194.65642384299355,194656.42384299354,0.0,100.0,11943000.390673412,1597000.0,70.55845650177227,0.22221052950113415,,
S_Fundacion,S_Fundacion,pv_solar,Caribe,Solar,2024,194.65642384003422,194656.42384003423,0.0,100.0,11943000.390673412,1597000.0,70.55845650282974,0.22221052949775594,,
S_Girasoles,S_Girasoles,pv_solar,Nordeste,Solar,2023,18.727019846013647,18727.019846013645,0.0,9.5,1134585.037113974,151715.0,69.68685181576205,0.22503027933205527,,
S_Girasoles,S_Girasoles,pv_solar,Nordeste,Solar,2024,18.727019846151226,18727.019846151226,0.0,9.5,1134585.037113974,151715.0,69.68685181525741,0.2250302793337085,,
S_Guayepo,S_Guayepo,pv_solar,Caribe,Solar,2024,720.2287682109228,720228.7682109228,0.0,370.0,44189101.44549163,5908900.0,70.55845650255971,0.22221052949861864,,
S_Harinas,S_Harinas,pv_solar,Surocciden,Solar,2023,4.463328479825251,4463.328479825252,0.0,2.45,292603.5095714986,39126.5,75.32345861859723,0.20796423818028376,,
S_Harinas,S_Harinas,pv_solar,Surocciden,Solar,2024,4.463328482085359,4463.32848208536,0.0,2.45,292603.5095714986,39126.5,75.3234585809619,0.20796423828559113,,
S_HeliosI,S_HeliosI,pv_solar,Caribe,Solar,2023,31.145027817587632,31145.027817587634,0.0,16.0,1910880.062507746,255520.0,70.55845649572281,0.22221052952045967,,
S_HeliosI,S_HeliosI,pv_solar,Caribe,Solar,2024,31.145027815312215,31145.027815312213,0.0,16.0,1910880.062507746,255520.0,70.55845650080465,0.22221052950422523,,
S_LaLoma,S_LaLoma,pv_solar,Caribe,Solar,2024,291.9846357613601,291984.63576136006,0.0,150.0,17914500.58601012,2395500.0,70.55845650251797,0.22221052949875197,,
S_LaMata,S_LaMata,pv_solar,Nordeste,Solar,2024,157.70121969471563,157701.21969471563,0.0,80.0,9554400.31253873,1277600.0,69.68685184241284,0.2250302792447426,,
S_Lanceros,S_Lanceros,pv_solar,Oriental,Solar,2023,16.57807719928029,16578.07719928029,0.0,9.1,1086813.0355512805,145327.0,75.32345867015094,0.20796423803603153,,
S_Lanceros,S_Lanceros,pv_solar,Oriental,Solar,2024,16.57807719974128,16578.077199741278,0.0,9.1,1086813.0355512805,145327.0,75.32345866808421,0.2079642380418144,,
S_Medin,S_Medin,pv_solar,Surocciden,Solar,2023,20.950317327200377,20950.317327200377,0.0,11.5,1373445.0449274424,183655.0,75.32345871467142,0.20796423791145893,,
S_Medin,S_Medin,pv_solar,Surocciden,Solar,2024,20.950317330384895,20950.317330384896,0.0,11.5,1373445.0449274424,183655.0,75.323458703374,0.2079642379430702,,
S_Montelibano,S_Montelibano,pv_solar,Caribe,Solar,2023,19.270985961129057,19270.98596112906,0.0,9.9,1182357.038676668,158103.0,70.55845649934419,0.2222105295088909,,
S_Montelibano,S_Montelibano,pv_solar,Caribe,Solar,2024,19.270985958347335,19270.985958347337,0.0,9.9,1182357.038676668,158103.0,70.55845650938478,0.2222105294768153,,
S_Nabusimake,S_Nabusimake,pv_solar,Caribe,Solar,2024,194.65642383848098,194656.42383848096,0.0,100.0,11943000.390673412,1597000.0,70.55845650338478,0.2222105294959828,,
S_Paila,S_Paila,pv_solar,Surocciden,Solar,2023,18.035490571899054,18035.490571899056,0.0,9.9,1182357.038676668,158103.0,75.32345870121368,0.20796423794911498,,
S_Paila,S_Paila,pv_solar,Surocciden,Solar,2024,18.035490570451017,18035.490570451017,0.0,9.9,1182357.038676668,158103.0,75.32345870718096,0.20796423793241794,,
S_Palmira3,S_Palmira3,pv_solar,Surocciden,Solar,2023,13.481073762123591,13481.073762123591,0.0,7.4,883782.0289098326,118178.0,75.32345869399056,0.20796423796932598,,
S_Palmira3,S_Palmira3,pv_solar,Surocciden,Solar,2024,13.481073762741998,13481.073762741997,0.0,7.4,883782.0289098326,118178.0,75.32345869058116,0.20796423797886576,,
S_Palmira3_Franca,S_Palmira3_Franca,pv_solar,Surocciden,Solar,2023,5.283123499508344,5283.123499508344,0.0,2.9,346347.01132952893,46313.0,75.32345872021932,0.2079642378959354,,
S_Palmira3_Franca,S_Palmira3_Franca,pv_solar,Surocciden,Solar,2024,5.283123504352846,5283.123504352847,0.0,2.9,346347.01132952893,46313.0,75.3234586520664,0.20796423808663383,,
S_ParqueUrra,S_ParqueUrra,pv_solar,Caribe,Solar,2024,38.736628342811954,38736.62834281195,0.0,19.9,2376657.077744009,317803.0,70.55845650526263,0.2222105294899839,,
S_PetaCesaII,S_PetaCesaII,pv_solar,Nordeste,Solar,2023,19.51552593883908,19515.525938839077,0.0,9.9,1182357.038676668,158103.0,69.68685183671806,0.22503027926339972,,
S_PetaCesaII,S_PetaCesaII,pv_solar,Nordeste,Solar,2024,19.51552594787425,19515.525947874245,0.0,9.9,1182357.038676668,158103.0,69.68685180491788,0.22503027936758274,,
S_PortonSol,S_PortonSol,pv_solar,Antioquia,Solar,2023,168.06857797898783,168068.5779789878,0.0,102.0,12181860.39848688,1628940.0,83.17360177946841,0.18809716400191132,,
S_PortonSol,S_PortonSol,pv_solar,Antioquia,Solar,2024,168.0685779782464,168068.57797824644,0.0,102.0,12181860.39848688,1628940.0,83.17360177983093,0.1880971640010815,,
S_Salado,S_Salado,pv_solar,Surocciden,Solar,2023,0.18217667240935181,182.17667240935182,0.0,0.1,11943.000390673413,1597.0,75.32345871511458,0.2079642379102189,,
S_Salado,S_Salado,pv_solar,Surocciden,Solar,2024,0.18217667212061636,182.1766721206164,0.0,0.1,11943.000390673413,1597.0,75.32345883291131,0.20796423758061222,,
S_SalvadorI,S_SalvadorI,pv_solar,Antioquia,Solar,2023,0.01734749570618177,17.34749570618177,0.0,0.01,1194.3000390673412,159.70000000000002,79.05161401970221,0.19803077290161836,,
S_SalvadorI,S_SalvadorI,pv_solar,Antioquia,Solar,2024,0.017347498126168974,17.347498126168976,0.0,0.01,1194.3000390673412,159.70000000000002,79.05160313145161,0.19803080052704303,,
S_SalvadorII,S_SalvadorII,pv_solar,Antioquia,Solar,2023,0.0,0.0,0.0,0.0,0.0,0.0,0.0,0.0,,
S_SalvadorII,S_SalvadorII,pv_solar,Antioquia,Solar,2024,0.0,0.0,0.0,0.0,0.0,0.0,0.0,0.0,,
S_SanFelipe,S_SanFelipe,pv_solar,Oriental,Solar,2023,16.57807720311164,16578.07720311164,0.0,9.1,1086813.0355512805,145327.0,75.32345865297411,0.20796423808409398,,
S_SanFelipe,S_SanFelipe,pv_solar,Oriental,Solar,2024,16.578077201472706,16578.077201472704,0.0,9.1,1086813.0355512805,145327.0,75.32345866032183,0.2079642380635343,,
S_Sierpe,S_Sierpe,pv_solar,Caribe,Solar,2023,38.7366283464755,38736.62834647551,0.0,19.9,2376657.077744009,317803.0,70.5584564986841,0.2222105295109996,,
S_Sierpe,S_Sierpe,pv_solar,Caribe,Solar,2024,38.73662834231219,38736.62834231218,0.0,19.9,2376657.077744009,317803.0,70.55845650616006,0.22221052948711698,,
S_Since,S_Since,pv_solar,Oriental,Solar,2023,36.011438426006094,36011.43842600609,0.0,18.5,2209455.0722745815,295445.0,70.55845647269778,0.22221052959401513,,
S_Since,S_Since,pv_solar,Oriental,Solar,2024,36.01143842287278,36011.43842287277,0.0,18.5,2209455.0722745815,295445.0,70.55845647875,0.2222105295746808,,
S_SolBolivar,S_SolBolivar,pv_solar,Caribe,Solar,2023,15.689307767801116,15689.307767801114,0.0,8.06,962605.8314882772,128718.20000000001,70.55845647492377,0.22221052958690404,,
S_SolBolivar,S_SolBolivar,pv_solar,Caribe,Solar,2024,15.689307762641556,15689.307762641558,0.0,8.06,962605.8314882772,128718.20000000001,70.55845649779864,0.22221052951382825,,
S_Sunnorte,S_Sunnorte,pv_solar,Nordeste,Solar,2024,68.99428361933062,68994.28361933061,0.0,35.0,4180050.1367356945,558950.0,69.6868518395332,0.22503027925417676,,
S_Tepuy,S_Tepuy,pv_solar,Surocciden,Solar,2024,151.2066380997618,151206.6380997618,0.0,83.0,9912690.324258933,1325510.0,75.32345871511468,0.20796423791021862,,
S_Termotasajero,S_Termotasajero,pv_solar,Nordeste,Solar,2023,7.885061010226771,7885.061010226772,0.0,4.0,477720.0156269365,63880.0,69.68685162036054,0.22503027997222516,,
S_Termotasajero,S_Termotasajero,pv_solar,Nordeste,Solar,2024,7.885060993012678,7885.060993012679,0.0,4.0,477720.0156269365,63880.0,69.6868517703127,0.22503027948095536,,
S_TierraLind,S_TierraLind,pv_solar,Caribe,Solar,2023,19.270985960226263,19270.98596022626,0.0,9.9,1182357.038676668,158103.0,70.55845650260281,0.22221052949848089,,
S_TierraLind,S_TierraLind,pv_solar,Caribe,Solar,2024,19.270985958066163,19270.985958066165,0.0,9.9,1182357.038676668,158103.0,70.55845651039968,0.22221052947357314,,
S_Tolua,S_Tolua,pv_solar,Caribe,Solar,2023,38.73662834530452,38736.62834530452,0.0,19.9,2376657.077744009,317803.0,70.55845650078679,0.22221052950428233,,
S_Tolua,S_Tolua,pv_solar,Caribe,Solar,2024,38.736628344016296,38736.628344016295,0.0,19.9,2376657.077744009,317803.0,70.55845650310002,0.22221052949689252,,
S_Tucanes,S_Tucanes,pv_solar,Caribe,Solar,2023,19.270985964576084,19270.985964576088,0.0,9.9,1182357.038676668,158103.0,70.55845648690216,0.22221052954863799,,
S_Tucanes,S_Tucanes,pv_solar,Caribe,Solar,2024,19.270985962077525,19270.985962077524,0.0,9.9,1182357.038676668,158103.0,70.5584564959207,0.2222105295198275,,
S_Union,S_Union,pv_solar,Caribe,Solar,2024,194.6564238412097,194656.42384120967,0.0,100.0,11943000.390673412,1597000.0,70.55845650240971,0.22221052949909775,,
S_Uruaco,S_Uruaco,pv_solar,Caribe,Solar,2023,1.9465642371261893,1946.5642371261895,0.0,1.0,119430.00390673413,15970.0,70.55845654836027,0.22221052935230468,,
S_Uruaco,S_Uruaco,pv_solar,Caribe,Solar,2024,1.9465642396758507,1946.5642396758508,0.0,1.0,119430.00390673413,15970.0,70.55845645725077,0.2222105296433619,,
S_Victoria_I,S_Victoria_I,pv_solar,Surocciden,Solar,2023,39.89669125831984,39896.69125831984,0.0,21.9,2615517.085557477,349743.0,75.32345871386308,0.2079642379137207,,
S_Victoria_I,S_Victoria_I,pv_solar,Surocciden,Solar,2024,39.89669125975567,39896.691259755666,0.0,21.9,2615517.085557477,349743.0,75.3234587111883,0.20796423792120505,,
S_Victoria_II,S_Victoria_II,pv_solar,Surocciden,Solar,2023,39.89669126263781,39896.6912626378,0.0,21.9,2615517.085557477,349743.0,75.32345870581915,0.20796423793622842,,
S_Victoria_II,S_Victoria_II,pv_solar,Surocciden,Solar,2024,39.896691262154,39896.691262153996,0.0,21.9,2615517.085557477,349743.0,75.32345870672043,0.20796423793370655,,
S_Yuma,S_Yuma,pv_solar,Oriental,Solar,2023,16.578077197404625,16578.077197404622,0.0,9.1,1086813.0355512805,145327.0,75.32345867856,0.20796423801250216,,
S_Yuma,S_Yuma,pv_solar,Oriental,Solar,2024,16.578077200652544,16578.077200652544,0.0,9.1,1086813.0355512805,145327.0,75.3234586639988,0.2079642380532458,,
S_Yumbo,S_Yumbo,pv_solar,Surocciden,Solar,2023,17.85331390886979,17853.313908869794,0.0,9.8,1170414.0382859944,156506.0,75.32345866202246,0.20796423805877579,,
S_Yumbo,S_Yumbo,pv_solar,Surocciden,Solar,2024,17.853313896663973,17853.313896663974,0.0,9.8,1170414.0382859944,156506.0,75.32345871283535,0.2079642379165964,,
TASAJERO 1,TASAJERO 1,Thermal,Nordeste,CARBON,2023,1445.39999923603,12128507.535815246,1241711.6296236902,165.0,20626650.674728606,23631300.0,39.010971523693826,0.9999999994714471,,
TASAJERO 1,TASAJERO 1,Thermal,Nordeste,CARBON,2024,1445.3999997332721,12128507.539987657,1241711.6300508599,165.0,20626650.674728606,23631300.0,39.01097151316008,0.9999999998154641,,
TASAJERO 2,TASAJERO 2,Thermal,Nordeste,CARBON,2023,1469.4947495241843,12330689.188366737,1387156.901415695,170.0,21267000.695675414,24347400.0,39.43198157244489,0.9867678951948589,,
TASAJERO 2,TASAJERO 2,Thermal,Nordeste,CARBON,2024,1489.199999597064,12496038.07042732,1405758.038739641,170.0,21267000.695675414,24347400.0,39.0212454887361,0.9999999997294279,,
TC_GECELCA3,TC_GECELCA3,Thermal,Caribe,CARBON,2023,1436.639988890457,12055001.342687905,1355234.507887966,164.0,20531160.671604987,23488080.0,39.03151969032969,0.9999999922669957,,
TC_GECELCA3,TC_GECELCA3,Thermal,Caribe,CARBON,2024,1355.6602827002355,11375491.880051035,1278843.4195733657,164.0,20531160.671604987,23488080.0,40.861809745815904,0.943632561184594,,
TC_GECELCA32,TC_GECELCA32,Thermal,Caribe,CARBON,2023,2048.1813237940496,17186510.746839736,1952124.0775256972,270.0,33801301.105691135,38669400.0,43.774059850545804,0.8659653829672117,,
TC_GECELCA32,TC_GECELCA32,Thermal,Caribe,CARBON,2024,1269.2097245275547,10650075.907429624,1209685.3114988818,270.0,33801301.105691135,38669400.0,65.49018291209617,0.5366183513138654,,
TEBSAB,TEBSAB,Thermal,Caribe,GASNACIO,2023,4.598818624778816,32559.63586343402,1950.8105827576494,791.0,99167673.24392298,113287020.0,46204.74739640469,0.0006636906385158973,,
TEBSAB,TEBSAB,Thermal,Caribe,GASNACIO,2024,5.162063044421159,36547.406354501814,2189.7378517299762,791.0,99167673.24392298,113287020.0,41164.015011386764,0.0007449767424076162,,
TEQUEND1-4,TEQUEND1-4,Hidro,Oriental,Water,2023,99.66392512458702,138532.85592317596,0.0,56.8,15760296.51554288,2486704.0,184.47530887914382,0.20030211975968512,,
TEQUEND1-4,TEQUEND1-4,Hidro,Oriental,Water,2024,99.6639251249683,138532.85592370594,0.0,56.8,15760296.51554288,2486704.0,184.47530887844346,0.2003021197604514,,
TERMO YOPAL2,TERMO YOPAL2,Thermal,Nordeste,GASNACIO,2023,4.484436818822338e-07,0.003174981267726215,0.00031811724811982815,28.0,3520440.115158864,4010160.0,16792744379.240606,1.8282928974324597e-09,,
TERMO YOPAL2,TERMO YOPAL2,Thermal,Nordeste,GASNACIO,2024,8.199875048421595e-07,0.005805511534282489,0.000581683228177434,28.0,3520440.115158864,4010160.0,9183798626.802187,3.343067126721132e-09,,
TERMOCENTRO,TERMOCENTRO,Thermal,Antioquia,GASNACIO,2023,4.593393494520431e-07,0.0032107820526697814,0.00019978873136546722,272.0,34296481.12188921,38955840.0,159473211281.56,1.9277940733785042e-10,,
TERMOCENTRO,TERMOCENTRO,Thermal,Antioquia,GASNACIO,2024,5.15696303433784e-07,0.0036047171610021503,0.00022430107578591746,272.0,34296481.12188921,38955840.0,142045464816.6769,2.1643176849725687e-10,,
TERMODORADA1,TERMODORADA1,Thermal,Surocciden,ACPM,2023,1.6587933617617547e-07,0.0015426778264384321,0.0001250255779866899,50.0,6313500.206524039,7161000.0,81230733849.54863,3.787199456077065e-10,,
TERMODORADA1,TERMODORADA1,Thermal,Surocciden,ACPM,2024,2.2255033186799646e-07,0.0020697180863723675,0.00016773930083355512,50.0,6313500.206524039,7161000.0,60545855382.44006,5.081057805205397e-10,,
TERMOEMCALI,TERMOEMCALI,Thermal,Surocciden,ACPM,2023,4.6563631912263933e-07,0.004330417767840546,0.00025200740478141894,229.0,63396362.07378986,32797380.0,206585565016.4281,2.321171657208427e-10,,
TERMOEMCALI,TERMOEMCALI,Thermal,Surocciden,ACPM,2024,33.27945307964083,309498.9136406598,18011.199424794882,229.0,63396362.07378986,32797380.0,2899.784463299,0.016589625869693935,,
TERMONORTE,TERMONORTE,Thermal,Caribe,ACPM,2023,3.599391613891209e-07,0.0033474342009188244,0.00022712880961976307,88.0,11127600.364000458,12603360.0,65930476349.84337,4.66919833682442e-10,,
TERMONORTE,TERMONORTE,Thermal,Caribe,ACPM,2024,6.610612517055634e-07,0.006147869640861741,0.0004171428710512446,88.0,11127600.364000458,12603360.0,35898277669.31058,8.575410591863368e-10,,
TERMOSIERRA,TERMOSIERRA,Thermal,Antioquia,ACPM,2023,1.2265332009408719e-06,0.011406758768750108,0.0005997335237445348,433.0,54791821.79232248,62014260.0,95232710956.4808,3.2336075193269627e-10,,
TERMOSIERRA,TERMOSIERRA,Thermal,Antioquia,ACPM,2024,588.462751423947,5472703.588242708,287738.51309786225,433.0,54791821.79232248,62014260.0,207.79358605906344,0.1551411389751724,,
TERMOVALLE,TERMOVALLE,Thermal,Surocciden,ACPM,2023,6.476519151434896e-07,0.006023162810834454,0.0003312541364472916,241.0,66718442.18246007,34516020.0,156309986616.89185,3.0677538184859956e-10,,
TERMOVALLE,TERMOVALLE,Thermal,Surocciden,ACPM,2024,145.4260728203925,1352462.4772296504,74380.98620980246,241.0,66718442.18246007,34516020.0,705.4231931738199,0.06888443927527636,,
TERMOYOPALG3,TERMOYOPALG3,Thermal,Nordeste,GASNACIO,2023,422.3571457838087,2990288.5921493657,211642.6589236916,50.0,13842000.452792546,7161000.0,56.80805755142432,0.9642857209675995,,
TERMOYOPALG3,TERMOYOPALG3,Thermal,Nordeste,GASNACIO,2024,437.99999929797275,3101039.995029647,219481.27404821498,50.0,13842000.452792546,7161000.0,55.03205590515113,0.9999999983971979,,
TERMOYOPALG4,TERMOYOPALG4,Thermal,Nordeste,GASNACIO,2023,437.9999965838582,3101039.9758137157,216909.99370822991,50.0,13842000.452792546,7161000.0,55.03205620229125,0.9999999922005894,,
TERMOYOPALG4,TERMOYOPALG4,Thermal,Nordeste,GASNACIO,2024,437.9999993798283,3101039.995609184,216909.9950928734,50.0,13842000.452792546,7161000.0,55.032055896189625,0.9999999985840826,,
TERMOYOPALG5,TERMOYOPALG5,Thermal,Nordeste,GASNACIO,2023,437.99999890109444,3101039.992219749,208247.7564775237,50.0,13842000.452792546,7161000.0,55.03205594860121,0.9999999974910829,,
TERMOYOPALG5,TERMOYOPALG5,Thermal,Nordeste,GASNACIO,2024,437.9999995562985,3101039.9968585935,208247.75678904145,50.0,13842000.452792546,7161000.0,55.032055876869734,0.9999999989869828,,
T_AutArCairo,T_AutArCairo,Thermal,Antioquia,CARBON,2023,56.940000066605194,477789.6916162714,0.0,6.5,1799460.058863031,930930.0,56.34316379920188,1.0000000011697432,,
T_AutArCairo,T_AutArCairo,Thermal,Antioquia,CARBON,2024,56.940000078508376,477789.6917161523,0.0,6.5,1799460.058863031,930930.0,56.3431637891776,1.000000001378791,,
T_TermYopal1,T_TermYopal1,Thermal,Nordeste,CARBON,2023,6.90394010767462e-07,0.005793170725543573,0.0008700963226331193,8.0,1005120.0328789803,1145760.0,3115438438.234958,9.851512710722914e-09,,
T_TermYopal1,T_TermYopal1,Thermal,Nordeste,CARBON,2024,5.005838987754076,42004.53571201279,6308.806314957092,8.0,1005120.0328789803,1145760.0,438.06534208461517,0.07143035085265517,,
TermoCaribe3,TermoCaribe3,Thermal,Caribe,GASIMPOR,2024,1.1632275826170884e-07,0.0009771111693983544,5.900157841377874e-05,52.0,6116760.200088379,7447440.0,116608309532.58575,2.5536257082391295e-10,,
URRA,URRA,Hidro,Caribe,Water,2023,1244.4683273635505,1729810.975035335,0.0,338.0,93784863.0678432,14797640.0,88.6421225975104,0.4203035338695084,,
URRA,URRA,Hidro,Caribe,Water,2024,1244.4683273637525,1729810.9750356155,0.0,338.0,93784863.0678432,14797640.0,88.64212259749623,0.4203035338695767,,
ZIPAEMG2,ZIPAEMG2,Thermal,Oriental,CARBON,2023,170.7493376932072,1432776.1381224047,181665.22332739754,36.0,4600800.150499057,5155920.0,65.53171121943745,0.5414425979617172,,
ZIPAEMG2,ZIPAEMG2,Thermal,Oriental,CARBON,2024,315.3599991180031,2646219.8199937893,335520.7431096177,36.0,4600800.150499057,5155920.0,39.32946475514115,0.9999999972032059,,
ZIPAEMG3,ZIPAEMG3,Thermal,Oriental,CARBON,2023,118.26000608468311,992332.4863302534,128705.10825410181,63.0,8057070.263558825,9022860.0,152.81804346389063,0.21428572531108772,,
ZIPAEMG3,ZIPAEMG3,Thermal,Oriental,CARBON,2024,551.8799983755828,4630884.684310099,600623.805848109,63.0,8057070.263558825,9022860.0,39.33973873264672,0.999999997056575,,
ZIPAEMG4,ZIPAEMG4,Thermal,Oriental,CARBON,2023,1.2899381200216295e-06,0.010824010113246784,0.0015595231906816338,64.0,8190720.267930715,9166080.0,13455529384.97832,2.3008314070020502e-09,,
ZIPAEMG4,ZIPAEMG4,Thermal,Oriental,CARBON,2024,320.36571350271754,2688223.3101482354,387319.16822364996,64.0,8190720.267930715,9166080.0,62.56919118752362,0.571428570031959,,
ZIPAEMG5,ZIPAEMG5,Thermal,Oriental,CARBON,2023,129.77616624070612,1088965.8302556754,140820.8187790879,63.0,8068410.263929772,9022860.0,140.08917523781005,0.23515287062532814,,
ZIPAEMG5,ZIPAEMG5,Thermal,Oriental,CARBON,2024,551.8799985595992,4630884.6858542,598847.9665890132,63.0,8068410.263929772,9022860.0,39.3602866682586,0.9999999973900109,,
