,Values_Code,Values_Name,Values_Type,Values_Disp,Values_RecType,Values_EnerSource,Values_OperStartdate,Values_State,Value
0,2QBW,EL POPAL,HIDRAULICA,NO DESPACHADO CENTRALMENTE,FILO DE AGUA,AGUA,2014-03-31,OPERACION,19900.0
1,2QEK,SALTO II,HIDRAULICA,DESPACHADO CENTRALMENTE,FILO DE AGUA,AGUA,2014-06-25,OPERACION,35000.0
2,2QRL,LA REBUSCA,HIDRAULICA,NO DESPACHADO CENTRALMENTE,GEN. DISTRIBUIDA,AGUA,2014-07-24,OPERACION,700.0
3,2QV2,BAJO TULUA,HIDRAULICA,NO DESPACHADO CENTRALMENTE,NORMAL,AGUA,2015-01-30,OPERACION,19900.0
4,2R22,LAGUNETA,HIDRAULICA,NO DESPACHADO CENTRALMENTE,NORMAL,AGUA,2014-12-17,OPERACION,18000.0
5,2S6Q,AUTOG YAGUARITO,TERMICA,NO DESPACHADO CENTRALMENTE,AUTOGENERADOR,BIOGAS,2016-03-22,OPERACION,1600.0
6,2S6S,AUTOG ARGOS YUMBO,TERMICA,NO DESPACHADO CENTRALMENTE,AUTOGENERADOR,CARBON,2016-03-20,OPERACION,9900.0
7,2S6U,AUTOG ARGOS EL CAIRO,HIDRAULICA,NO DESPACHADO CENTRALMENTE,AUTOGENERADOR,AGUA,2017-09-29,OPERACION,6500.0
8,2S78,LA FRISOLERA,HIDRAULICA,NO DESPACHADO CENTRALMENTE,GEN. DISTRIBUIDA,AGUA,2016-04-29,OPERACION,470.0
9,2S8I,AUTOG REFICAR,TERMICA,NO DESPACHADO CENTRALMENTE,AUTOGENERADOR,GAS,2016-04-26,OPERACION,9900.0
10,2S8N,GUAVIO MENOR,HIDRAULICA,NO DESPACHADO CENTRALMENTE,NORMAL,AGUA,2016-04-27,OPERACION,9900.0
11,2S8S,DOÑA JUANA,TERMICA,NO DESPACHADO CENTRALMENTE,NORMAL,BIOGAS,2016-04-29,OPERACION,1700.0
12,2S8U,PORCE III MENOR,HIDRAULICA,NO DESPACHADO CENTRALMENTE,NORMAL,AGUA,2016-04-25,OPERACION,1800.0
13,2S9L,EL COCUYO,HIDRAULICA,NO DESPACHADO CENTRALMENTE,GEN. DISTRIBUIDA,AGUA,2016-05-20,OPERACION,700.0
14,2S9Q,TEQUENDAMA BIOGAS,TERMICA,NO DESPACHADO CENTRALMENTE,NORMAL,BIOGAS,2016-06-25,OPERACION,2250.0
15,2SDR,ALEJANDRIA,HIDRAULICA,NO DESPACHADO CENTRALMENTE,NORMAL,AGUA,2017-03-02,OPERACION,15000.0
16,2SI1,MORRO AZUL,HIDRAULICA,NO DESPACHADO CENTRALMENTE,NORMAL,AGUA,2016-09-10,OPERACION,19900.0
17,2SS2,MAGALLO,HIDRAULICA,NO DESPACHADO CENTRALMENTE,NORMAL,AGUA,2016-12-22,OPERACION,5700.0
18,2SW1,EL EDEN,HIDRAULICA,NO DESPACHADO CENTRALMENTE,NORMAL,AGUA,2017-03-02,OPERACION,19900.0
19,2SXQ,BIOENERGY,COGENERADOR,NO DESPACHADO CENTRALMENTE,COGENERADOR,BAGAZO,2017-04-22,OPERACION,19900.0
20,2T1L,EL MOLINO,HIDRAULICA,NO DESPACHADO CENTRALMENTE,NORMAL,AGUA,2017-04-19,OPERACION,19900.0
21,2T4P,SAN MATIAS,HIDRAULICA,NO DESPACHADO CENTRALMENTE,NORMAL,AGUA,2017-04-25,OPERACION,19900.0
22,2T7D,AUTOG CANTAYUS,HIDRAULICA,NO DESPACHADO CENTRALMENTE,AUTOGENERADOR,AGUA,2017-05-20,OPERACION,4320.0
23,2TUT,LUZMA I,HIDRAULICA,NO DESPACHADO CENTRALMENTE,NORMAL,AGUA,2017-10-07,OPERACION,19600.0
24,2TUV,LUZMA II,HIDRAULICA,NO DESPACHADO CENTRALMENTE,NORMAL,AGUA,2017-10-07,OPERACION,19600.0
25,2TYI,AUTOG CELSIA SOLAR YUMBO,SOLAR,NO DESPACHADO CENTRALMENTE,AUTOGENERADOR,RAD SOLAR,2017-09-03,OPERACION,9800.0
26,2U1G,LAS PALMAS,HIDRAULICA,NO DESPACHADO CENTRALMENTE,NORMAL,AGUA,2017-08-30,OPERACION,2800.0
27,2U5P,PROENCA II,TERMICA,NO DESPACHADO CENTRALMENTE,NORMAL,CARBON,2017-10-10,OPERACION,17000.0
28,2U8Y,TERMOMECHERO 5,TERMICA,NO DESPACHADO CENTRALMENTE,NORMAL,GAS,2017-12-16,OPERACION,19300.0
29,2U91,TERMOMECHERO 6,TERMICA,NO DESPACHADO CENTRALMENTE,NORMAL,GAS,2018-02-02,OPERACION,19300.0
30,2U93,TERMOMECHERO 4,TERMICA,NO DESPACHADO CENTRALMENTE,NORMAL,GAS,2018-02-02,OPERACION,19300.0
31,2UP2,COGENERADOR MANUELITA 2,COGENERADOR,NO DESPACHADO CENTRALMENTE,COGENERADOR,BAGAZO,2018-06-22,OPERACION,12000.0
32,2UPD,TEQUENDAMA 2,HIDRAULICA,NO DESPACHADO CENTRALMENTE,NORMAL,AGUA,2018-02-28,OPERACION,14200.0
33,2UPF,TEQUENDAMA 3,HIDRAULICA,NO DESPACHADO CENTRALMENTE,NORMAL,AGUA,2018-02-28,OPERACION,14200.0
34,2UPH,TEQUENDAMA 4,HIDRAULICA,NO DESPACHADO CENTRALMENTE,NORMAL,AGUA,2018-02-28,OPERACION,14200.0
35,2UPJ,TEQUENDAMA 1,HIDRAULICA,NO DESPACHADO CENTRALMENTE,NORMAL,AGUA,2018-02-28,OPERACION,14200.0
36,2UR5,SAN JOSE DE LA MONTAÑA II,HIDRAULICA,NO DESPACHADO CENTRALMENTE,NORMAL,AGUA,2018-10-06,OPERACION,1100.0
37,2UX3,AURES BAJO,HIDRAULICA,NO DESPACHADO CENTRALMENTE,NORMAL,AGUA,2018-12-12,OPERACION,19400.0
38,2V25,AUTOG ARGOS SOGAMOSO 1,TERMICA,NO DESPACHADO CENTRALMENTE,AUTOGENERADOR,CARBON,2018-10-02,OPERACION,15000.0
39,2V27,AUTOG COCA-COLA FEMSA,TERMICA,NO DESPACHADO CENTRALMENTE,AUTOGENERADOR,GAS,2018-07-25,OPERACION,2440.0
40,2V5G,JUAN GARCIA,HIDRAULICA,NO DESPACHADO CENTRALMENTE,NORMAL,AGUA,2018-09-12,OPERACION,4520.0
41,2VJS,CELSIA SOLAR BOLIVAR,SOLAR,NO DESPACHADO CENTRALMENTE,NORMAL,RAD SOLAR,2019-02-03,OPERACION,8060.0
42,2WC5,MULATOS II,HIDRAULICA,NO DESPACHADO CENTRALMENTE,NORMAL,AGUA,2019-08-26,OPERACION,7340.0
43,2WFN,TERMOCAPACHOS,TERMICA,NO DESPACHADO CENTRALMENTE,NORMAL,GAS,2019-08-04,OPERACION,9900.0
44,2XXR,AGPE - ECOPETROL LA HORMIGA,TERMICA,NO DESPACHADO CENTRALMENTE,AUTOG PEQ. ESCALA,GAS,2019-09-16,OPERACION,1000.0
45,2YIR,PCH LA LIBERTAD,HIDRAULICA,NO DESPACHADO CENTRALMENTE,NORMAL,AGUA,2020-03-14,OPERACION,1200.0
46,2YMA,AGPE NAFERTEX,SOLAR,NO DESPACHADO CENTRALMENTE,AUTOG PEQ. ESCALA,RAD SOLAR,2019-11-27,OPERACION,19.8
47,2YNA,HIDROBARRANCAS,HIDRAULICA,NO DESPACHADO CENTRALMENTE,NORMAL,AGUA,2020-11-26,OPERACION,4700.0
48,2YQM,AGPE TECNOEMPAQUES DE OCCIDENTE,SOLAR,NO DESPACHADO CENTRALMENTE,AUTOG PEQ. ESCALA,RAD SOLAR,2019-12-19,OPERACION,96.0
49,2YWY,AUTOG TURGAS,TERMICA,NO DESPACHADO CENTRALMENTE,AUTOGENERADOR,GAS,2020-02-08,OPERACION,3500.0
50,2Z66,AGPE SFV MCDONALDS SOLEDAD,SOLAR,NO DESPACHADO CENTRALMENTE,AUTOG PEQ. ESCALA,RAD SOLAR,2020-02-27,OPERACION,89.0
51,2ZCF,SAN ANDRES DE CUERQUIA,HIDRAULICA,NO DESPACHADO CENTRALMENTE,NORMAL,AGUA,2020-06-11,OPERACION,19900.0
52,2ZHY,CELSIA SOLAR ESPINAL,SOLAR,NO DESPACHADO CENTRALMENTE,NORMAL,RAD SOLAR,2020-05-31,OPERACION,9900.0
53,2ZJT,AGPE HOTEL HACIENDA CASONA DEL SALITRE,SOLAR,NO DESPACHADO CENTRALMENTE,AUTOG PEQ. ESCALA,RAD SOLAR,2020-05-21,OPERACION,14.5
54,2ZM3,AGPE DIEGO MONTESDEOCA ASSEFF,SOLAR,NO DESPACHADO CENTRALMENTE,AUTOG PEQ. ESCALA,RAD SOLAR,2020-06-11,OPERACION,2.5
55,2ZMH,AGPE DEVIMED MARINILLA,SOLAR,NO DESPACHADO CENTRALMENTE,AUTOG PEQ. ESCALA,RAD SOLAR,2020-06-18,OPERACION,30.0
56,2ZMJ,AGPE DEVIMED ENVIGADO,SOLAR,NO DESPACHADO CENTRALMENTE,AUTOG PEQ. ESCALA,RAD SOLAR,2020-06-18,OPERACION,20.0
57,2ZML,AGPE DEVIMED BELLO,SOLAR,NO DESPACHADO CENTRALMENTE,AUTOG PEQ. ESCALA,RAD SOLAR,2020-06-18,OPERACION,10.0
58,2ZP9,TRINA-VATIA BSLI,SOLAR,NO DESPACHADO CENTRALMENTE,NORMAL,RAD SOLAR,2020-09-10,OPERACION,19900.0
59,2ZS3,AGPE HERNAN DARIO EUSSE,SOLAR,NO DESPACHADO CENTRALMENTE,AUTOG PEQ. ESCALA,RAD SOLAR,2020-07-30,OPERACION,6.599999999999999
60,2ZXL,AGPE JUAN CARLOS CALDERON GARCIA,SOLAR,NO DESPACHADO CENTRALMENTE,AUTOG PEQ. ESCALA,RAD SOLAR,2020-08-20,OPERACION,7.0
61,2ZXN,AGPE DEVIMED COPACABANACASETA,SOLAR,NO DESPACHADO CENTRALMENTE,AUTOG PEQ. ESCALA,RAD SOLAR,2020-08-27,OPERACION,30.0
62,3A44,PLANTA SOLAR BAYUNCA I,SOLAR,NO DESPACHADO CENTRALMENTE,NORMAL,RAD SOLAR,2020-09-30,OPERACION,3000.0
63,3A45,AGPE  BOSQUES RIVERA II,SOLAR,NO DESPACHADO CENTRALMENTE,AUTOG PEQ. ESCALA,RAD SOLAR,2020-09-24,OPERACION,15.0
64,3A47,AGPE EDIFICIO CHICO 103-PH,SOLAR,NO DESPACHADO CENTRALMENTE,AUTOG PEQ. ESCALA,RAD SOLAR,2020-09-24,OPERACION,9.0
65,3A4R,AGPE CALZATODO ACOPI YUMBO,SOLAR,NO DESPACHADO CENTRALMENTE,AUTOG PEQ. ESCALA,RAD SOLAR,2020-10-01,OPERACION,50.0
66,3A7F,AGPE LICEO NUEVA GENERACIÓN,SOLAR,NO DESPACHADO CENTRALMENTE,AUTOG PEQ. ESCALA,RAD SOLAR,2020-10-15,OPERACION,18.2
67,3AB6,AGPE MADOCO SIGLO XXI,SOLAR,NO DESPACHADO CENTRALMENTE,AUTOG PEQ. ESCALA,RAD SOLAR,2020-10-29,OPERACION,17.0
68,3AB8,AGPE VENTANAR I,SOLAR,NO DESPACHADO CENTRALMENTE,AUTOG PEQ. ESCALA,RAD SOLAR,2020-10-29,OPERACION,190.0
69,3ACC,CELSIA SOLAR CARMELO,SOLAR,NO DESPACHADO CENTRALMENTE,AUTOGENERADOR,RAD SOLAR,2020-12-27,OPERACION,9900.0
70,3ADA,AUTOG PTAR BELLO,TERMICA,NO DESPACHADO CENTRALMENTE,AUTOGENERADOR,BIOGAS,2020-11-30,OPERACION,5000.0
71,3AFQ,POCUNE,HIDRAULICA,NO DESPACHADO CENTRALMENTE,NORMAL,AGUA,2020-12-01,OPERACION,1000.0
72,3AL4,AGPE PLASTICOS MINIPET,SOLAR,NO DESPACHADO CENTRALMENTE,AUTOG PEQ. ESCALA,RAD SOLAR,2020-12-31,OPERACION,235.0
73,3AL6,AGPE ENTREPALMAS,TERMICA,NO DESPACHADO CENTRALMENTE,AUTOG PEQ. ESCALA,BIOGAS,2020-12-31,OPERACION,500.0
74,3ANH,AGPE PAPEL CARD,SOLAR,NO DESPACHADO CENTRALMENTE,AUTOG PEQ. ESCALA,RAD SOLAR,2021-01-07,OPERACION,50.0
75,3AOY,AGPE FODUN,SOLAR,NO DESPACHADO CENTRALMENTE,AUTOG PEQ. ESCALA,RAD SOLAR,2021-01-14,OPERACION,7.0
76,3AQP,CAUYA,HIDRAULICA,NO DESPACHADO CENTRALMENTE,NORMAL,AGUA,2022-04-25,OPERACION,1510.0
77,3AR2,AGPE I.A. INGENIERIA EN ALIMENTOS,SOLAR,NO DESPACHADO CENTRALMENTE,AUTOG PEQ. ESCALA,RAD SOLAR,2021-02-04,OPERACION,14.9
78,3AWC,AGPE PROYECTO SOLAR EL ARRIERO,SOLAR,NO DESPACHADO CENTRALMENTE,AUTOG PEQ. ESCALA,RAD SOLAR,2021-02-25,OPERACION,45.0
79,3AXV,AGPE INGENIO DE OCCIDENTE,TERMICA,NO DESPACHADO CENTRALMENTE,AUTOG PEQ. ESCALA,BAGAZO,2021-03-03,OPERACION,1000.0
80,3B4G,AGPE CLODEL,SOLAR,NO DESPACHADO CENTRALMENTE,AUTOG PEQ. ESCALA,RAD SOLAR,2021-03-18,OPERACION,20.0
81,3B4L,GRANJA SOLAR BELMONTE,SOLAR,NO DESPACHADO CENTRALMENTE,NORMAL,RAD SOLAR,2021-04-30,OPERACION,5060.0
82,3BCM,AGPE MUNDO GUARIGUA,SOLAR,NO DESPACHADO CENTRALMENTE,AUTOG PEQ. ESCALA,RAD SOLAR,2021-04-08,OPERACION,22.0
83,3BCR,AGPE ALURACK,SOLAR,NO DESPACHADO CENTRALMENTE,AUTOG PEQ. ESCALA,RAD SOLAR,2021-04-08,OPERACION,5.2
84,3BFL,AGPE TOSTADITOS SUSANITA,SOLAR,NO DESPACHADO CENTRALMENTE,AUTOG PEQ. ESCALA,RAD SOLAR,2021-04-29,OPERACION,70.8
85,3BFN,AGPE FERBIENES,SOLAR,NO DESPACHADO CENTRALMENTE,AUTOG PEQ. ESCALA,RAD SOLAR,2021-04-29,OPERACION,147.0
86,3BJG,AGPE NATALIA RAMIREZ,SOLAR,NO DESPACHADO CENTRALMENTE,AUTOG PEQ. ESCALA,RAD SOLAR,2021-05-06,OPERACION,4.3
87,3BJN,AGPE EDUARDO BOTERO,SOLAR,NO DESPACHADO CENTRALMENTE,AUTOG PEQ. ESCALA,RAD SOLAR,2021-05-13,OPERACION,3.6
88,3BJP,AGPE AGROMONTE POSCOSECHA,SOLAR,NO DESPACHADO CENTRALMENTE,AUTOG PEQ. ESCALA,RAD SOLAR,2021-05-13,OPERACION,48.0
89,3BJR,AGPE AGRODEX,SOLAR,NO DESPACHADO CENTRALMENTE,AUTOG PEQ. ESCALA,RAD SOLAR,2021-05-13,OPERACION,25.0
90,3BM1,AGPE SOCODA,SOLAR,NO DESPACHADO CENTRALMENTE,AUTOG PEQ. ESCALA,RAD SOLAR,2021-05-20,OPERACION,270.0
91,3BNL,AGPE COLOMBOALEMANA,SOLAR,NO DESPACHADO CENTRALMENTE,AUTOG PEQ. ESCALA,RAD SOLAR,2021-05-27,OPERACION,70.0
92,3BPX,AGPE DATECSA,SOLAR,NO DESPACHADO CENTRALMENTE,AUTOG PEQ. ESCALA,RAD SOLAR,2021-06-03,OPERACION,80.0
93,3BXX,AGPE JUAN CARLOS VILLA,SOLAR,NO DESPACHADO CENTRALMENTE,AUTOG PEQ. ESCALA,RAD SOLAR,2021-07-15,OPERACION,10.0
94,3BYG,AGPE SUPERMERCADO EL PROVEEDOR,SOLAR,NO DESPACHADO CENTRALMENTE,AUTOG PEQ. ESCALA,RAD SOLAR,2021-07-22,OPERACION,130.0
95,3BZB,CELSIA SOLAR LA PAILA,SOLAR,NO DESPACHADO CENTRALMENTE,NORMAL,RAD SOLAR,2021-08-07,OPERACION,9900.0
96,3C3B,AGPE ANDRES GOMEZ,SOLAR,NO DESPACHADO CENTRALMENTE,AUTOG PEQ. ESCALA,RAD SOLAR,2021-08-12,OPERACION,4.6
97,3C3D,AGPE CARLOS ENRIQUE VELEZ,SOLAR,NO DESPACHADO CENTRALMENTE,AUTOG PEQ. ESCALA,RAD SOLAR,2021-08-12,OPERACION,4.2
98,3C3X,AUTOG INGENIO MARIA LUISA,TERMICA,NO DESPACHADO CENTRALMENTE,AUTOGENERADOR,BAGAZO,2021-08-31,OPERACION,1800.0
99,3C3Z,LA SIERPE,SOLAR,NO DESPACHADO CENTRALMENTE,NORMAL,RAD SOLAR,2021-09-25,OPERACION,19900.0
100,3C4J,AGPE CC PREMIUM PLAZA PH 70973,SOLAR,NO DESPACHADO CENTRALMENTE,AUTOG PEQ. ESCALA,RAD SOLAR,2020-10-22,OPERACION,100.0
101,3C4L,AGPE CC PREMIUM PLAZA PH 70970,SOLAR,NO DESPACHADO CENTRALMENTE,AUTOG PEQ. ESCALA,RAD SOLAR,2020-10-22,OPERACION,60.0
102,3C4N,AGPE CC PREMIUM PLAZA PH 64929,SOLAR,NO DESPACHADO CENTRALMENTE,AUTOG PEQ. ESCALA,RAD SOLAR,2020-10-22,OPERACION,60.0
103,3C4P,AGPE CC PREMIUM PLAZA PH 70972,SOLAR,NO DESPACHADO CENTRALMENTE,AUTOG PEQ. ESCALA,RAD SOLAR,2020-10-22,OPERACION,60.0
104,3C4R,AGPE CC PREMIUM PLAZA PH 70971,SOLAR,NO DESPACHADO CENTRALMENTE,AUTOG PEQ. ESCALA,RAD SOLAR,2020-10-29,OPERACION,100.0
105,3C4T,AGPE AGROMONTE CASA DE PEDRO,SOLAR,NO DESPACHADO CENTRALMENTE,AUTOG PEQ. ESCALA,RAD SOLAR,2021-08-19,OPERACION,15.0
106,3C4V,AUTOG TERMOTAME,TERMICA,NO DESPACHADO CENTRALMENTE,AUTOGENERADOR,GAS,2021-09-02,OPERACION,5000.0
107,3CC3,AGPE CASA RICHARD - MALIBU,SOLAR,NO DESPACHADO CENTRALMENTE,AUTOG PEQ. ESCALA,RAD SOLAR,2021-09-09,OPERACION,15.0
108,3CCW,AGPE FIRPLAK,SOLAR,NO DESPACHADO CENTRALMENTE,AUTOG PEQ. ESCALA,RAD SOLAR,2021-09-09,OPERACION,72.0
109,3CDX,AGPE AVICOLA EL MANATIAL,SOLAR,NO DESPACHADO CENTRALMENTE,AUTOG PEQ. ESCALA,RAD SOLAR,2021-08-31,OPERACION,30.0
110,3CG9,LA CHORRERA,HIDRAULICA,NO DESPACHADO CENTRALMENTE,NORMAL,AGUA,2022-05-31,OPERACION,15000.0
111,3CL1,AGPE 125 GT CARRERA,SOLAR,NO DESPACHADO CENTRALMENTE,AUTOG PEQ. ESCALA,RAD SOLAR,2021-09-30,OPERACION,96.0
112,3CSH,GY SOLAR AURORA,SOLAR,NO DESPACHADO CENTRALMENTE,NORMAL,RAD SOLAR,2022-08-11,OPERACION,9900.0
113,3CUW,AGPE PEDRO LEMUS,SOLAR,NO DESPACHADO CENTRALMENTE,AUTOG PEQ. ESCALA,RAD SOLAR,2021-11-11,OPERACION,25.0
114,3D3O,AGPE CLINICA SANTA ANA,SOLAR,NO DESPACHADO CENTRALMENTE,AUTOG PEQ. ESCALA,RAD SOLAR,2021-11-25,OPERACION,90.0
115,3D6C,AGPE LICORES DE CUNDINAMARCA,SOLAR,NO DESPACHADO CENTRALMENTE,AUTOG PEQ. ESCALA,RAD SOLAR,2021-12-02,OPERACION,140.0
116,3D8B,AGPE INVERSIONES GLP,SOLAR,NO DESPACHADO CENTRALMENTE,AUTOG PEQ. ESCALA,RAD SOLAR,2021-12-09,OPERACION,43.79999999999999
117,3D8D,AGPE BIOEMPACK,SOLAR,NO DESPACHADO CENTRALMENTE,AUTOG PEQ. ESCALA,RAD SOLAR,2021-12-09,OPERACION,94.40000000000002
118,3D8F,AGPE NOVATRONICA,SOLAR,NO DESPACHADO CENTRALMENTE,AUTOG PEQ. ESCALA,RAD SOLAR,2021-12-09,OPERACION,8.3
119,3DBG,AGPE MANUFACTURAS VICO,SOLAR,NO DESPACHADO CENTRALMENTE,AUTOG PEQ. ESCALA,RAD SOLAR,2021-12-16,OPERACION,36.0
120,3DBI,AGPE ALVARO HOYOS,SOLAR,NO DESPACHADO CENTRALMENTE,AUTOG PEQ. ESCALA,RAD SOLAR,2021-12-16,OPERACION,10.0
121,3DGL,AGPE ERIKA MEJIA,SOLAR,NO DESPACHADO CENTRALMENTE,AUTOG PEQ. ESCALA,RAD SOLAR,2021-12-30,OPERACION,7.0
122,3DIH,AGPE UNIDROGAS,SOLAR,NO DESPACHADO CENTRALMENTE,AUTOG PEQ. ESCALA,RAD SOLAR,2022-01-13,OPERACION,144.0
123,3DIJ,AGPE CASA VALENTINA,SOLAR,NO DESPACHADO CENTRALMENTE,AUTOG PEQ. ESCALA,RAD SOLAR,2022-01-13,OPERACION,72.0
124,3DKZ,AGPE CDL LEONISA,SOLAR,NO DESPACHADO CENTRALMENTE,AUTOG PEQ. ESCALA,RAD SOLAR,2022-01-20,OPERACION,266.0
125,3DL2,AGPE SOL BEATRIZ ARANGO,SOLAR,NO DESPACHADO CENTRALMENTE,AUTOG PEQ. ESCALA,RAD SOLAR,2022-01-20,OPERACION,5.3
126,3DM3,AGPE ELIANA GARZON,SOLAR,NO DESPACHADO CENTRALMENTE,AUTOG PEQ. ESCALA,RAD SOLAR,2022-01-27,OPERACION,5.8
127,3DP6,AGPE GT RED SONORA LOS ANDE,SOLAR,NO DESPACHADO CENTRALMENTE,AUTOG PEQ. ESCALA,RAD SOLAR,2022-02-03,OPERACION,100.0
128,3DP8,AGPE IE SALAZAR Y HERRERA,SOLAR,NO DESPACHADO CENTRALMENTE,AUTOG PEQ. ESCALA,RAD SOLAR,2022-02-03,OPERACION,80.0
129,3DPN,AGPE DORICOLOR,SOLAR,NO DESPACHADO CENTRALMENTE,AUTOG PEQ. ESCALA,RAD SOLAR,2022-02-06,OPERACION,240.0
130,3DQA,AGPE AVOFRUIT,SOLAR,NO DESPACHADO CENTRALMENTE,AUTOG PEQ. ESCALA,RAD SOLAR,2022-02-10,OPERACION,100.0
131,3DQC,AGPE CLUB CAMPESTRE,SOLAR,NO DESPACHADO CENTRALMENTE,AUTOG PEQ. ESCALA,RAD SOLAR,2022-02-10,OPERACION,75.0
132,3DSO,HELIOS I,SOLAR,NO DESPACHADO CENTRALMENTE,NORMAL,RAD SOLAR,2022-03-03,OPERACION,16000.0
133,3DST,AGPE PCP,SOLAR,NO DESPACHADO CENTRALMENTE,AUTOG PEQ. ESCALA,RAD SOLAR,2022-02-24,OPERACION,480.0
134,3DXJ,LAS VIOLETAS,HIDRAULICA,NO DESPACHADO CENTRALMENTE,NORMAL,AGUA,2022-03-30,OPERACION,945.0
135,3E1W,AGPE RELIANZ GALAPA,SOLAR,NO DESPACHADO CENTRALMENTE,AUTOG PEQ. ESCALA,RAD SOLAR,2022-03-24,OPERACION,840.0
136,3E2I,AGPE EL HUECO BELLEZA,SOLAR,NO DESPACHADO CENTRALMENTE,AUTOG PEQ. ESCALA,RAD SOLAR,2022-03-31,OPERACION,7.25
137,3E5O,AGPE EMPAQUETADURAS DARROW,SOLAR,NO DESPACHADO CENTRALMENTE,AUTOG PEQ. ESCALA,RAD SOLAR,2022-04-14,OPERACION,96.0
138,3E6A,AGPE COLOMBIANA DE PET,SOLAR,NO DESPACHADO CENTRALMENTE,AUTOG PEQ. ESCALA,RAD SOLAR,2022-04-21,OPERACION,100.0
139,3E6C,AGPE AURELIO LLANO,SOLAR,NO DESPACHADO CENTRALMENTE,AUTOG PEQ. ESCALA,RAD SOLAR,2022-04-21,OPERACION,3.0
140,3E7C,AUTOG CELSIA SOLAR LEVAPAN,SOLAR,NO DESPACHADO CENTRALMENTE,AUTOGENERADOR,RAD SOLAR,2022-06-11,OPERACION,4990.0
141,3E8U,AGPE CASA GERMAN ROMERO FRIERI,SOLAR,NO DESPACHADO CENTRALMENTE,AUTOG PEQ. ESCALA,RAD SOLAR,2022-05-05,OPERACION,20.0
142,3E8W,AGPE GRANJA SANTA ROSA,SOLAR,NO DESPACHADO CENTRALMENTE,AUTOG PEQ. ESCALA,RAD SOLAR,2022-05-05,OPERACION,72.0
143,3E9G,AGPE ARISOL,SOLAR,NO DESPACHADO CENTRALMENTE,AUTOG PEQ. ESCALA,RAD SOLAR,2022-05-12,OPERACION,144.0
144,3E9I,ZEUS,HIDRAULICA,NO DESPACHADO CENTRALMENTE,NORMAL,AGUA,2022-05-19,OPERACION,9900.0
145,3EAO,AGPE AGROINSUMOS,SOLAR,NO DESPACHADO CENTRALMENTE,AUTOG PEQ. ESCALA,RAD SOLAR,2022-05-19,OPERACION,100.0
146,3EBN,GR PARQUE SOLAR TUCANES,SOLAR,NO DESPACHADO CENTRALMENTE,NORMAL,RAD SOLAR,2022-05-31,OPERACION,9900.0
147,3ECW,AGPE PANADERIA ZAPATOCA LA 43,SOLAR,NO DESPACHADO CENTRALMENTE,AUTOG PEQ. ESCALA,RAD SOLAR,2022-05-26,OPERACION,20.0
148,3ED1,AUTOG GRAN COLOMBIA GOLD,HIDRAULICA,NO DESPACHADO CENTRALMENTE,AUTOGENERADOR,AGUA,2022-05-31,OPERACION,1000.0
149,3EDL,BOSQUES SOLARES DE LOS LLANOS 5,SOLAR,NO DESPACHADO CENTRALMENTE,NORMAL,RAD SOLAR,2022-09-12,OPERACION,17900.0
150,3EEE,AGPE MEDICINA NUCLEAR,SOLAR,NO DESPACHADO CENTRALMENTE,AUTOG PEQ. ESCALA,RAD SOLAR,2022-06-09,OPERACION,30.0
151,3EEI,AGPE SIMON GARCIA ORREGO,SOLAR,NO DESPACHADO CENTRALMENTE,AUTOG PEQ. ESCALA,RAD SOLAR,2022-06-09,OPERACION,1.12
152,3EFT,AGPE AUTOSERVICIO MANA,SOLAR,NO DESPACHADO CENTRALMENTE,AUTOG PEQ. ESCALA,RAD SOLAR,2022-06-09,OPERACION,35.0
153,3EFW,AGPE PLANTA BUGA,SOLAR,NO DESPACHADO CENTRALMENTE,AUTOG PEQ. ESCALA,RAD SOLAR,2022-06-09,OPERACION,100.0
154,3EFY,BOSQUES SOLARES DE LOS LLANOS 4,SOLAR,NO DESPACHADO CENTRALMENTE,NORMAL,RAD SOLAR,2022-09-12,OPERACION,19900.0
155,3EG2,AGPE MARTINPLAST,SOLAR,NO DESPACHADO CENTRALMENTE,AUTOG PEQ. ESCALA,RAD SOLAR,2022-06-09,OPERACION,100.0
156,3EGG,AGPE ALFREDO MARTINEZ,SOLAR,NO DESPACHADO CENTRALMENTE,AUTOG PEQ. ESCALA,RAD SOLAR,2022-06-16,OPERACION,96.0
157,3EGI,AGPE ADIELA PALMA DE CADAVID,SOLAR,NO DESPACHADO CENTRALMENTE,AUTOG PEQ. ESCALA,RAD SOLAR,2022-06-16,OPERACION,99.0
158,3EGK,AGPE CLINICA CLINALTEC,SOLAR,NO DESPACHADO CENTRALMENTE,AUTOG PEQ. ESCALA,RAD SOLAR,2022-06-16,OPERACION,100.0
159,3EGM,AGPE GRAN AMERICAS FONTIBON 1,SOLAR,NO DESPACHADO CENTRALMENTE,AUTOG PEQ. ESCALA,RAD SOLAR,2022-06-16,OPERACION,99.64
160,3EGO,AGPE INVESA,SOLAR,NO DESPACHADO CENTRALMENTE,AUTOG PEQ. ESCALA,RAD SOLAR,2022-06-16,OPERACION,672.0
161,3EGQ,AGPE NACIONAL AVICOLA,SOLAR,NO DESPACHADO CENTRALMENTE,AUTOG PEQ. ESCALA,RAD SOLAR,2022-06-16,OPERACION,60.0
162,3EGS,AGPE SURTIPLAZA,SOLAR,NO DESPACHADO CENTRALMENTE,AUTOG PEQ. ESCALA,RAD SOLAR,2022-06-16,OPERACION,200.0
163,3EGU,AGPE EL HUECO PAPELERIA,SOLAR,NO DESPACHADO CENTRALMENTE,AUTOG PEQ. ESCALA,RAD SOLAR,2022-06-16,OPERACION,41.76
164,3EGW,AGPE EL REFLEJO,SOLAR,NO DESPACHADO CENTRALMENTE,AUTOG PEQ. ESCALA,RAD SOLAR,2022-06-16,OPERACION,60.0
165,3EHZ,AGPE RESTAURANTE ORO NEGRO,SOLAR,NO DESPACHADO CENTRALMENTE,AUTOG PEQ. ESCALA,RAD SOLAR,2022-06-23,OPERACION,31.03
166,3EJI,AGPE CALARCA 2,SOLAR,NO DESPACHADO CENTRALMENTE,AUTOG PEQ. ESCALA,RAD SOLAR,2022-07-01,OPERACION,15.0
167,3EJK,AGPE CALARCA 1,SOLAR,NO DESPACHADO CENTRALMENTE,AUTOG PEQ. ESCALA,RAD SOLAR,2022-07-01,OPERACION,30.0
168,3EJM,AGPE RETYPACK SAS,SOLAR,NO DESPACHADO CENTRALMENTE,AUTOG PEQ. ESCALA,RAD SOLAR,2022-07-01,OPERACION,25.0
169,3EJO,AGPE SANTIAGO CASTAÑO,SOLAR,NO DESPACHADO CENTRALMENTE,AUTOG PEQ. ESCALA,RAD SOLAR,2022-06-30,OPERACION,5.0
170,3EL3,AGPE LABORATORIOS EDO,SOLAR,NO DESPACHADO CENTRALMENTE,AUTOG PEQ. ESCALA,RAD SOLAR,2022-07-07,OPERACION,100.0
171,3EL5,AGPE HUGO RESTREPO,SOLAR,NO DESPACHADO CENTRALMENTE,AUTOG PEQ. ESCALA,RAD SOLAR,2022-07-07,OPERACION,20.0
172,3EL7,AGPE RED WM IMPRESORES,SOLAR,NO DESPACHADO CENTRALMENTE,AUTOG PEQ. ESCALA,RAD SOLAR,2022-07-07,OPERACION,50.0
173,3EL9,AGPE HOYOSTOOLS,SOLAR,NO DESPACHADO CENTRALMENTE,AUTOG PEQ. ESCALA,RAD SOLAR,2022-07-07,OPERACION,100.0
174,3EM4,AGPE IMPORINOX,SOLAR,NO DESPACHADO CENTRALMENTE,AUTOG PEQ. ESCALA,RAD SOLAR,2022-07-14,OPERACION,100.0
175,3EM6,AGPE LAVANDERIA BURBUJAS,SOLAR,NO DESPACHADO CENTRALMENTE,AUTOG PEQ. ESCALA,RAD SOLAR,2022-07-14,OPERACION,35.0
176,3EM8,AGPE MOLDES Y MECANIZADOS,SOLAR,NO DESPACHADO CENTRALMENTE,AUTOG PEQ. ESCALA,RAD SOLAR,2022-07-14,OPERACION,40.0
177,3ENA,TESORITO,TERMICA,DESPACHADO CENTRALMENTE,NORMAL,GAS,2022-09-13,OPERACION,200000.0
178,3ENC,AGPE COLORPLASTIC,SOLAR,NO DESPACHADO CENTRALMENTE,AUTOG PEQ. ESCALA,RAD SOLAR,2022-07-21,OPERACION,89.09999999999998
179,3ENE,SINCE,SOLAR,NO DESPACHADO CENTRALMENTE,NORMAL,RAD SOLAR,2022-09-10,OPERACION,18500.0
180,3EO1,AGPE FRIOGAN 1,SOLAR,NO DESPACHADO CENTRALMENTE,AUTOG PEQ. ESCALA,RAD SOLAR,2022-07-24,OPERACION,86.3
181,3EO3,AGPE FRIOGAN 2,SOLAR,NO DESPACHADO CENTRALMENTE,AUTOG PEQ. ESCALA,RAD SOLAR,2022-07-24,OPERACION,86.3
182,3EO5,AGPE CASA GABRIEL ROSALES,SOLAR,NO DESPACHADO CENTRALMENTE,AUTOG PEQ. ESCALA,RAD SOLAR,2022-07-28,OPERACION,30.0
183,3EO7,AGPE AVICOLA LA ESPERANZA,SOLAR,NO DESPACHADO CENTRALMENTE,AUTOG PEQ. ESCALA,RAD SOLAR,2022-07-29,OPERACION,75.0
184,3EP6,AUTOG CELSIA SOLAR HARINAS,SOLAR,NO DESPACHADO CENTRALMENTE,AUTOGENERADOR,RAD SOLAR,2022-09-21,OPERACION,2450.0
185,3EPJ,AGPE DINISSAN,SOLAR,NO DESPACHADO CENTRALMENTE,AUTOG PEQ. ESCALA,RAD SOLAR,2022-08-04,OPERACION,100.0
186,3EPL,AGPE CAMPOALEGRE,SOLAR,NO DESPACHADO CENTRALMENTE,AUTOG PEQ. ESCALA,RAD SOLAR,2022-08-04,OPERACION,45.6
187,3EPN,AGPE JAIME QUINTERO,SOLAR,NO DESPACHADO CENTRALMENTE,AUTOG PEQ. ESCALA,RAD SOLAR,2022-08-04,OPERACION,6.0
188,3ESO,AGPE EXPOFUTURO,SOLAR,NO DESPACHADO CENTRALMENTE,AUTOG PEQ. ESCALA,RAD SOLAR,2022-08-18,OPERACION,90.0
189,3EV1,LOS CABALLEROS,SOLAR,NO DESPACHADO CENTRALMENTE,NORMAL,RAD SOLAR,2022-09-15,OPERACION,11500.0
190,3EV3,LA MEDINA,SOLAR,NO DESPACHADO CENTRALMENTE,NORMAL,RAD SOLAR,2022-09-15,OPERACION,11500.0
191,3EX9,AGPE FRIGORINUS,SOLAR,NO DESPACHADO CENTRALMENTE,AUTOG PEQ. ESCALA,RAD SOLAR,2022-09-01,OPERACION,100.0
192,3EXB,CERRITOS,SOLAR,NO DESPACHADO CENTRALMENTE,NORMAL,RAD SOLAR,2022-09-19,OPERACION,11500.0
193,3F2N,AGPE SENA DOSQUEBRADAS,SOLAR,NO DESPACHADO CENTRALMENTE,AUTOG PEQ. ESCALA,RAD SOLAR,2022-09-15,OPERACION,72.0
194,3F2P,AGPE PETROCASINOS,SOLAR,NO DESPACHADO CENTRALMENTE,AUTOG PEQ. ESCALA,RAD SOLAR,2022-09-15,OPERACION,72.0
195,3F3A,AGPE VITALBAQ,SOLAR,NO DESPACHADO CENTRALMENTE,AUTOG PEQ. ESCALA,RAD SOLAR,2022-09-22,OPERACION,60.0
196,3F3C,AGPE INDUNILO,SOLAR,NO DESPACHADO CENTRALMENTE,AUTOG PEQ. ESCALA,RAD SOLAR,2022-09-22,OPERACION,264.0
197,3F4K,AGPE SERVIPAN,SOLAR,NO DESPACHADO CENTRALMENTE,AUTOG PEQ. ESCALA,RAD SOLAR,2022-09-29,OPERACION,45.0
198,3F4M,AGPE GIMNASIO LA COLINA,SOLAR,NO DESPACHADO CENTRALMENTE,AUTOG PEQ. ESCALA,RAD SOLAR,2022-09-29,OPERACION,36.0
199,3F5L,AUTOG CI JEANS,SOLAR,NO DESPACHADO CENTRALMENTE,AUTOGENERADOR,RAD SOLAR,2023-08-25,OPERACION,1392.0
200,3F5N,AUTOG PINTUCO,SOLAR,NO DESPACHADO CENTRALMENTE,AUTOGENERADOR,RAD SOLAR,2023-08-25,OPERACION,1406.0
201,3F7M,AGPE CHAMORRO PORTILLA MISTER POLLO IPIALES,SOLAR,NO DESPACHADO CENTRALMENTE,AUTOG PEQ. ESCALA,RAD SOLAR,2022-10-06,OPERACION,72.0
202,3F81,AGPE COLOMBO BRITANICO,SOLAR,NO DESPACHADO CENTRALMENTE,AUTOG PEQ. ESCALA,RAD SOLAR,2022-10-13,OPERACION,45.0
203,3F83,AGPE SARY SAS JAIRO P,SOLAR,NO DESPACHADO CENTRALMENTE,AUTOG PEQ. ESCALA,RAD SOLAR,2022-10-13,OPERACION,100.0
204,3F8W,AGPE GUIRNALDAS INNOVAFLORA,SOLAR,NO DESPACHADO CENTRALMENTE,AUTOG PEQ. ESCALA,RAD SOLAR,2022-10-13,OPERACION,200.0
205,3F9S,AGPE ELECTROFACIL LORICA,SOLAR,NO DESPACHADO CENTRALMENTE,AUTOG PEQ. ESCALA,RAD SOLAR,2022-10-20,OPERACION,30.0
206,3F9U,AGPE HOSPICLEAN,SOLAR,NO DESPACHADO CENTRALMENTE,AUTOG PEQ. ESCALA,RAD SOLAR,2022-10-20,OPERACION,90.0
207,3FC7,AGPE GRANJA SARATANO,SOLAR,NO DESPACHADO CENTRALMENTE,AUTOG PEQ. ESCALA,RAD SOLAR,2022-10-27,OPERACION,20.0
208,3FC9,AGPE SOL Y CIELO SAS,SOLAR,NO DESPACHADO CENTRALMENTE,AUTOG PEQ. ESCALA,RAD SOLAR,2022-10-27,OPERACION,9.95
209,3FCB,AGPE PLASTICOS CALIBRADOS,SOLAR,NO DESPACHADO CENTRALMENTE,AUTOG PEQ. ESCALA,RAD SOLAR,2022-10-27,OPERACION,105.83999999999999
210,3FCD,AUTOG CELSIA SOLAR PALMIRA 3,SOLAR,NO DESPACHADO CENTRALMENTE,AUTOGENERADOR,RAD SOLAR,2023-03-30,OPERACION,7400.0
211,3FCF,GRANJA SOLAR LANCEROS,SOLAR,NO DESPACHADO CENTRALMENTE,NORMAL,RAD SOLAR,2023-01-30,OPERACION,9100.0
212,3FD6,AGPE DEPOSITO YONATAN GONZALES,SOLAR,NO DESPACHADO CENTRALMENTE,AUTOG PEQ. ESCALA,RAD SOLAR,2022-11-01,OPERACION,25.0
213,3FD8,AGPE COOMPRORIENTE,SOLAR,NO DESPACHADO CENTRALMENTE,AUTOG PEQ. ESCALA,RAD SOLAR,2022-11-01,OPERACION,96.0
214,3FEI,AGPE CASA 43 ALFEREZ REAL III,SOLAR,NO DESPACHADO CENTRALMENTE,AUTOG PEQ. ESCALA,RAD SOLAR,2022-11-03,OPERACION,3.6
215,3FEK,AGPE PALERMO,SOLAR,NO DESPACHADO CENTRALMENTE,AUTOG PEQ. ESCALA,RAD SOLAR,2022-11-03,OPERACION,99.0
216,3GFD,AGPE RAPIASEO,SOLAR,NO DESPACHADO CENTRALMENTE,AUTOG PEQ. ESCALA,RAD SOLAR,2022-11-17,OPERACION,18.0
217,3GFI,AGPE HERMECO,SOLAR,NO DESPACHADO CENTRALMENTE,AUTOG PEQ. ESCALA,RAD SOLAR,2022-11-17,OPERACION,30.0
218,3GFK,AGPE JAVIER HOYOS RESTREPO,SOLAR,NO DESPACHADO CENTRALMENTE,AUTOG PEQ. ESCALA,RAD SOLAR,2022-11-17,OPERACION,13.5
219,3GFM,AGPE JORGE EUSSE RESTREPO,SOLAR,NO DESPACHADO CENTRALMENTE,AUTOG PEQ. ESCALA,RAD SOLAR,2022-11-17,OPERACION,22.5
220,3GFO,AGPE DONA MANUELA,SOLAR,NO DESPACHADO CENTRALMENTE,AUTOG PEQ. ESCALA,RAD SOLAR,2022-11-17,OPERACION,99.0
221,3GFQ,AGPE FERCH2,SOLAR,NO DESPACHADO CENTRALMENTE,AUTOG PEQ. ESCALA,RAD SOLAR,2022-11-17,OPERACION,6.75
222,3GHQ,AGPE MUGDEN,SOLAR,NO DESPACHADO CENTRALMENTE,AUTOG PEQ. ESCALA,RAD SOLAR,2022-11-24,OPERACION,15.0
223,3GI4,AGPE HIDROMANA SEDE 1,SOLAR,NO DESPACHADO CENTRALMENTE,AUTOG PEQ. ESCALA,RAD SOLAR,2022-11-24,OPERACION,40.0
224,3GI6,GRANJA SOLAR EL SALADO,SOLAR,NO DESPACHADO CENTRALMENTE,NORMAL,RAD SOLAR,2023-06-17,OPERACION,100.0
225,3GI8,AGPE SECAR INGENIEROS SA,SOLAR,NO DESPACHADO CENTRALMENTE,AUTOG PEQ. ESCALA,RAD SOLAR,2022-11-24,OPERACION,3.6
226,3GJQ,TERMOTASAJERO DOS SOLAR,SOLAR,NO DESPACHADO CENTRALMENTE,NORMAL,RAD SOLAR,2022-12-26,OPERACION,4000.0
227,3GJS,AGPE SOLUCIONES ADHESIVAS LG,SOLAR,NO DESPACHADO CENTRALMENTE,AUTOG PEQ. ESCALA,RAD SOLAR,2022-12-01,OPERACION,100.0
228,3GJU,AUTOG INGENIO CARMELITA,TERMICA,NO DESPACHADO CENTRALMENTE,AUTOGENERADOR,BAGAZO,2022-12-30,OPERACION,4990.0
229,3GPX,AGPE VAQUITA MELOSA,SOLAR,NO DESPACHADO CENTRALMENTE,AUTOG PEQ. ESCALA,RAD SOLAR,2022-12-08,OPERACION,10.0
230,3GPZ,MONTELIBANO,SOLAR,NO DESPACHADO CENTRALMENTE,NORMAL,RAD SOLAR,2022-12-21,OPERACION,9900.0
231,3GRD,GRANJA SOLAR SAN FELIPE,SOLAR,NO DESPACHADO CENTRALMENTE,NORMAL,RAD SOLAR,2023-01-30,OPERACION,9100.0
232,3GSD,AGPE LABORATORIOS ERMA,SOLAR,NO DESPACHADO CENTRALMENTE,AUTOG PEQ. ESCALA,RAD SOLAR,2022-12-15,OPERACION,225.0
233,3GSF,AUTOG BUGA I GRASAS,SOLAR,NO DESPACHADO CENTRALMENTE,AUTOGENERADOR,RAD SOLAR,2023-04-15,OPERACION,4000.0
234,3GTQ,AGPE IMPOCALI BODEGAS,SOLAR,NO DESPACHADO CENTRALMENTE,AUTOG PEQ. ESCALA,RAD SOLAR,2022-12-22,OPERACION,40.5
235,3GTS,AGPE GASCOL SA PUNTO GAS CALLE 17,SOLAR,NO DESPACHADO CENTRALMENTE,AUTOG PEQ. ESCALA,RAD SOLAR,2022-12-22,OPERACION,48.0
236,3GTU,AGPE LA UNION ESTACION DE SERVICIO TERPEL,SOLAR,NO DESPACHADO CENTRALMENTE,AUTOG PEQ. ESCALA,RAD SOLAR,2022-12-22,OPERACION,48.0
237,3GUT,AGPE GRUPO ALIMENTICIO ALBA DEL FONCE,SOLAR,NO DESPACHADO CENTRALMENTE,AUTOG PEQ. ESCALA,RAD SOLAR,2022-12-22,OPERACION,90.8
238,3GVE,AGPE SERVIGRAFIC,SOLAR,NO DESPACHADO CENTRALMENTE,AUTOG PEQ. ESCALA,RAD SOLAR,2022-12-29,OPERACION,100.0
239,3GVG,AGPE IMPOCALI OFICINAS,SOLAR,NO DESPACHADO CENTRALMENTE,AUTOG PEQ. ESCALA,RAD SOLAR,2022-12-29,OPERACION,40.5
240,3GVI,GRANJA SOLAR FLANDES,SOLAR,NO DESPACHADO CENTRALMENTE,NORMAL,RAD SOLAR,2023-03-27,OPERACION,21900.0
241,3GVK,CELSIA SOLAR DULIMA,SOLAR,NO DESPACHADO CENTRALMENTE,NORMAL,RAD SOLAR,2023-03-27,OPERACION,21900.0
242,3GVM,CELSIA SOLAR YUMA,SOLAR,NO DESPACHADO CENTRALMENTE,NORMAL,RAD SOLAR,2023-03-27,OPERACION,9100.0
243,3GWG,AGPE SUAZAPAWA,SOLAR,NO DESPACHADO CENTRALMENTE,AUTOG PEQ. ESCALA,RAD SOLAR,2022-12-29,OPERACION,40.5
244,3GX5,AGPE ORGANIZACION LA MERCED,SOLAR,NO DESPACHADO CENTRALMENTE,AUTOG PEQ. ESCALA,RAD SOLAR,2023-01-05,OPERACION,65.4
245,3GX7,AGPE CASA JAVIER MERINO,SOLAR,NO DESPACHADO CENTRALMENTE,AUTOG PEQ. ESCALA,RAD SOLAR,2023-01-05,OPERACION,3.0
246,3GZQ,AGPE ORION,SOLAR,NO DESPACHADO CENTRALMENTE,AUTOG PEQ. ESCALA,RAD SOLAR,2023-01-19,OPERACION,90.0
247,3GZS,AGPE RINO MATERIALES,SOLAR,NO DESPACHADO CENTRALMENTE,AUTOG PEQ. ESCALA,RAD SOLAR,2023-01-19,OPERACION,15.0
248,3GZU,AGPE GRANJA EL RHIN,SOLAR,NO DESPACHADO CENTRALMENTE,AUTOG PEQ. ESCALA,RAD SOLAR,2023-01-19,OPERACION,40.0
249,3H2A,AGPE GRUPO DECOR,SOLAR,NO DESPACHADO CENTRALMENTE,AUTOG PEQ. ESCALA,RAD SOLAR,2023-01-26,OPERACION,100.0
250,3H2I,AGPE BURO,SOLAR,NO DESPACHADO CENTRALMENTE,AUTOG PEQ. ESCALA,RAD SOLAR,2023-01-26,OPERACION,30.0
251,3H2W,AGPE AUTO ROBLE LTDA,SOLAR,NO DESPACHADO CENTRALMENTE,AUTOG PEQ. ESCALA,RAD SOLAR,2023-02-01,OPERACION,96.12
252,3H31,AGPE HYR DISTRIBUCIONES,SOLAR,NO DESPACHADO CENTRALMENTE,AUTOG PEQ. ESCALA,RAD SOLAR,2023-02-02,OPERACION,100.0
253,3H5W,AGPE INVERSIONES SAN GABRIEL SAS,SOLAR,NO DESPACHADO CENTRALMENTE,AUTOG PEQ. ESCALA,RAD SOLAR,2023-02-16,OPERACION,22.5
254,3H5Y,AGPE SUMINTEGRALES SAS,SOLAR,NO DESPACHADO CENTRALMENTE,AUTOG PEQ. ESCALA,RAD SOLAR,2023-02-16,OPERACION,15.0
255,3H61,AGPE EDS EL EDEN,SOLAR,NO DESPACHADO CENTRALMENTE,AUTOG PEQ. ESCALA,RAD SOLAR,2023-02-16,OPERACION,15.0
256,3H7S,AGPE FARMACOS DE LA COSTA LTDA,SOLAR,NO DESPACHADO CENTRALMENTE,AUTOG PEQ. ESCALA,RAD SOLAR,2023-02-23,OPERACION,27.0
257,3H9C,AGPE JUAN CARLOS VILARINO,SOLAR,NO DESPACHADO CENTRALMENTE,AUTOG PEQ. ESCALA,RAD SOLAR,2023-02-23,OPERACION,30.0
258,3H9E,AGPE INVERSIONES MIL VARIEDADES SEDE 2,SOLAR,NO DESPACHADO CENTRALMENTE,AUTOG PEQ. ESCALA,RAD SOLAR,2023-02-23,OPERACION,24.0
259,3HBJ,AGPE COLEGIO BOLIVAR,SOLAR,NO DESPACHADO CENTRALMENTE,AUTOG PEQ. ESCALA,RAD SOLAR,2023-03-02,OPERACION,100.0
260,3HBL,AGPE INVERSIONES SANTA FE SEDE II,SOLAR,NO DESPACHADO CENTRALMENTE,AUTOG PEQ. ESCALA,RAD SOLAR,2023-03-02,OPERACION,15.0
261,3HBN,TIERRA LINDA,SOLAR,NO DESPACHADO CENTRALMENTE,NORMAL,RAD SOLAR,2023-04-04,OPERACION,9900.0
262,3HBP,LA TOLUA,SOLAR,NO DESPACHADO CENTRALMENTE,NORMAL,RAD SOLAR,2023-04-04,OPERACION,19900.0
263,3HBR,AGPE GATO DUMAS BOGOTA,SOLAR,NO DESPACHADO CENTRALMENTE,AUTOG PEQ. ESCALA,RAD SOLAR,2023-03-02,OPERACION,44.79999999999999
264,3HBT,AGPE HERMECO2,SOLAR,NO DESPACHADO CENTRALMENTE,AUTOG PEQ. ESCALA,RAD SOLAR,2023-03-02,OPERACION,30.0
265,3HDE,SAN BARTOLOME,HIDRAULICA,NO DESPACHADO CENTRALMENTE,NORMAL,AGUA,2023-05-14,OPERACION,19900.0
266,3HDG,OIBITA,HIDRAULICA,NO DESPACHADO CENTRALMENTE,NORMAL,AGUA,2023-05-14,OPERACION,19900.0
267,3HE4,AGPE INVERSIONES LJC SAS,SOLAR,NO DESPACHADO CENTRALMENTE,AUTOG PEQ. ESCALA,RAD SOLAR,2023-03-16,OPERACION,36.0
268,3HE8,AUTOG CELSIA SOLAR PALMIRA 3 ZONA FRANCA,SOLAR,NO DESPACHADO CENTRALMENTE,AUTOGENERADOR,RAD SOLAR,2023-04-30,OPERACION,2900.0
269,3HF7,CELSIA SOLAR LA VICTORIA II,SOLAR,NO DESPACHADO CENTRALMENTE,NORMAL,RAD SOLAR,2023-08-30,OPERACION,21900.0
270,3HF9,CELSIA SOLAR LA VICTORIA I,SOLAR,NO DESPACHADO CENTRALMENTE,NORMAL,RAD SOLAR,2023-08-30,OPERACION,21900.0
271,3HFV,AGPE COMERCIPOL SAS,SOLAR,NO DESPACHADO CENTRALMENTE,AUTOG PEQ. ESCALA,RAD SOLAR,2023-03-23,OPERACION,60.0
272,3HG5,AGPE OIKOS,SOLAR,NO DESPACHADO CENTRALMENTE,AUTOG PEQ. ESCALA,RAD SOLAR,2023-03-23,OPERACION,42.51
273,3HG7,COMUNIDAD EL SALVADOR I,SOLAR,NO DESPACHADO CENTRALMENTE,GEN. DISTRIBUIDA,RAD SOLAR,2023-03-24,OPERACION,12.699999999999998
274,3HG9,COMUNIDAD EL SALVADOR II,SOLAR,NO DESPACHADO CENTRALMENTE,GEN. DISTRIBUIDA,RAD SOLAR,2023-03-24,OPERACION,3.7000000000000006
275,3HGI,AGPE CENTRO ADMINISTRATIVO FASE I,SOLAR,NO DESPACHADO CENTRALMENTE,AUTOG PEQ. ESCALA,RAD SOLAR,2023-03-30,OPERACION,72.0
276,3HH7,AGPE NUTRIAVICOLA,SOLAR,NO DESPACHADO CENTRALMENTE,AUTOG PEQ. ESCALA,RAD SOLAR,2023-03-30,OPERACION,180.0
277,3HH9,AGPE TVAPAN 500 SA,SOLAR,NO DESPACHADO CENTRALMENTE,AUTOG PEQ. ESCALA,RAD SOLAR,2023-03-30,OPERACION,100.0
278,3HIA,AGPE SFV FLORES DE BRITANIA,SOLAR,NO DESPACHADO CENTRALMENTE,AUTOG PEQ. ESCALA,RAD SOLAR,2023-04-06,OPERACION,236.0
279,3HKK,AGPE LA FABRICA DE LA FELICIDAD,SOLAR,NO DESPACHADO CENTRALMENTE,AUTOG PEQ. ESCALA,RAD SOLAR,2023-04-20,OPERACION,90.0
280,3HL2,AGPE CC EL DIAMANTE CLL 52 107,SOLAR,NO DESPACHADO CENTRALMENTE,AUTOG PEQ. ESCALA,RAD SOLAR,2023-04-20,OPERACION,72.0
281,3HL9,AGPE ARA BARRANQUILLA CHIQUINQUIRA,SOLAR,NO DESPACHADO CENTRALMENTE,AUTOG PEQ. ESCALA,RAD SOLAR,2023-04-27,OPERACION,60.0
282,3HLB,AGPE ARA SOLEDAD MANUELA BELTRAN,SOLAR,NO DESPACHADO CENTRALMENTE,AUTOG PEQ. ESCALA,RAD SOLAR,2023-04-27,OPERACION,60.0
283,3HLD,LOS GIRASOLES,SOLAR,NO DESPACHADO CENTRALMENTE,NORMAL,RAD SOLAR,2023-08-05,OPERACION,9500.0
284,3HQW,AGPE SOCIEDAD DE ONCOLOGIA Y HEMATOLOGIA,SOLAR,NO DESPACHADO CENTRALMENTE,AUTOG PEQ. ESCALA,RAD SOLAR,2023-05-11,OPERACION,45.0
285,3HQY,AGPE GEORGES NOBLE SCHOOL SAS,SOLAR,NO DESPACHADO CENTRALMENTE,AUTOG PEQ. ESCALA,RAD SOLAR,2023-05-15,OPERACION,37.8
286,3HR1,AGPE RESTAURANTE GUACARI,SOLAR,NO DESPACHADO CENTRALMENTE,AUTOG PEQ. ESCALA,RAD SOLAR,2023-05-15,OPERACION,13.5
287,3HRC,AGPE CENTRO COMERCIAL PUNTO CLAVE,SOLAR,NO DESPACHADO CENTRALMENTE,AUTOG PEQ. ESCALA,RAD SOLAR,2023-05-18,OPERACION,216.0
288,3HRU,AGPE EDIFICIO CITY,SOLAR,NO DESPACHADO CENTRALMENTE,AUTOG PEQ. ESCALA,RAD SOLAR,2023-05-18,OPERACION,50.0
289,3HS5,AGPE TAPUSH,SOLAR,NO DESPACHADO CENTRALMENTE,AUTOG PEQ. ESCALA,RAD SOLAR,2023-05-25,OPERACION,100.0
290,3HS7,AGPE LAVANDERIA SUPER,SOLAR,NO DESPACHADO CENTRALMENTE,AUTOG PEQ. ESCALA,RAD SOLAR,2023-05-25,OPERACION,80.0
291,3HS9,AUTOG BUGA I SOLLA,SOLAR,NO DESPACHADO CENTRALMENTE,AUTOGENERADOR,RAD SOLAR,2023-06-16,OPERACION,6400.0
292,3HTH,AGPE MERCADEO Y MODA,SOLAR,NO DESPACHADO CENTRALMENTE,AUTOG PEQ. ESCALA,RAD SOLAR,2023-06-01,OPERACION,100.0
293,3HTJ,AGPE DIOCESIS JARDINES DEL ECCE HOMO,SOLAR,NO DESPACHADO CENTRALMENTE,AUTOG PEQ. ESCALA,RAD SOLAR,2023-06-01,OPERACION,15.0
294,3HTL,AGPE LACTEOS RIOGRANDE SEDE PLATO,SOLAR,NO DESPACHADO CENTRALMENTE,AUTOG PEQ. ESCALA,RAD SOLAR,2023-06-01,OPERACION,72.0
295,3HTN,AGPE FOTOLITO CENTRO,SOLAR,NO DESPACHADO CENTRALMENTE,AUTOG PEQ. ESCALA,RAD SOLAR,2023-06-01,OPERACION,55.080000000000005
296,3HWK,AGPE EL ENCANTO,SOLAR,NO DESPACHADO CENTRALMENTE,AUTOG PEQ. ESCALA,RAD SOLAR,2023-06-08,OPERACION,986.0
297,3HWM,PETALO DEL MAGDALENA,SOLAR,NO DESPACHADO CENTRALMENTE,NORMAL,RAD SOLAR,2023-08-05,OPERACION,9900.0
298,3HYG,URUACO,SOLAR,NO DESPACHADO CENTRALMENTE,NORMAL,RAD SOLAR,2023-06-18,OPERACION,996.0
299,3I3I,AGPE CORPORACION EMPRESARIAL CARRERA,SOLAR,NO DESPACHADO CENTRALMENTE,AUTOG PEQ. ESCALA,RAD SOLAR,2023-07-06,OPERACION,216.0
300,3I3K,AGPE DELIPAVO TENJO,SOLAR,NO DESPACHADO CENTRALMENTE,AUTOG PEQ. ESCALA,RAD SOLAR,2023-07-06,OPERACION,49.0
301,3I3M,AGPE COLEGIO LA MEDALLA MILAGROSA,SOLAR,NO DESPACHADO CENTRALMENTE,AUTOG PEQ. ESCALA,RAD SOLAR,2023-07-06,OPERACION,66.0
302,3I3O,AGPE EDIFICIO DUBO,SOLAR,NO DESPACHADO CENTRALMENTE,AUTOG PEQ. ESCALA,RAD SOLAR,2023-07-06,OPERACION,50.0
303,3I3Q,AGPE SURTITODO PALMIRA,SOLAR,NO DESPACHADO CENTRALMENTE,AUTOG PEQ. ESCALA,RAD SOLAR,2023-07-06,OPERACION,60.0
304,3I4A,AGPE ARMENIA HOTEL SA,SOLAR,NO DESPACHADO CENTRALMENTE,AUTOG PEQ. ESCALA,RAD SOLAR,2023-07-06,OPERACION,60.0
305,3I4C,AGPE ICOLTRANS,SOLAR,NO DESPACHADO CENTRALMENTE,AUTOG PEQ. ESCALA,RAD SOLAR,2023-07-06,OPERACION,180.0
306,3I6L,AGPE COMERCIALIZADORA BZUL SAS,SOLAR,NO DESPACHADO CENTRALMENTE,AUTOG PEQ. ESCALA,RAD SOLAR,2023-07-13,OPERACION,15.0
307,3I6N,AGPE MGL INVERSIONES SAS,SOLAR,NO DESPACHADO CENTRALMENTE,AUTOG PEQ. ESCALA,RAD SOLAR,2023-07-13,OPERACION,10.0
308,3I6P,AGPE CONSTRUCTORA LINDARAJA SAS,SOLAR,NO DESPACHADO CENTRALMENTE,AUTOG PEQ. ESCALA,RAD SOLAR,2023-07-13,OPERACION,10.0
309,3I6R,AGPE CFZ MEDICINA ESTETICA,SOLAR,NO DESPACHADO CENTRALMENTE,AUTOG PEQ. ESCALA,RAD SOLAR,2023-07-13,OPERACION,10.0
310,3I6V,AGPE EL CARRIEL FUNZA 2,SOLAR,NO DESPACHADO CENTRALMENTE,AUTOG PEQ. ESCALA,RAD SOLAR,2023-07-13,OPERACION,17.0
311,3I6X,AGPE NELSON SEGUNDO GNECCO CERCHIARO,SOLAR,NO DESPACHADO CENTRALMENTE,AUTOG PEQ. ESCALA,RAD SOLAR,2023-07-13,OPERACION,10.0
312,3I71,AGPE COOTRASUR FLORIDABLANCA,SOLAR,NO DESPACHADO CENTRALMENTE,AUTOG PEQ. ESCALA,RAD SOLAR,2023-07-13,OPERACION,40.0
313,3I73,AGPE BOLTEN BARRANQUILLA,SOLAR,NO DESPACHADO CENTRALMENTE,AUTOG PEQ. ESCALA,RAD SOLAR,2023-07-13,OPERACION,192.0
314,3ICX,AGPE MGL INVERSIONES SAS II,SOLAR,NO DESPACHADO CENTRALMENTE,AUTOG PEQ. ESCALA,RAD SOLAR,2023-07-27,OPERACION,10.0
315,3ICZ,AGPE EVERARDO ARMENTA ALONSO,SOLAR,NO DESPACHADO CENTRALMENTE,AUTOG PEQ. ESCALA,RAD SOLAR,2023-07-27,OPERACION,10.0
316,3ID2,AGPE EDS TAYRONA,SOLAR,NO DESPACHADO CENTRALMENTE,AUTOG PEQ. ESCALA,RAD SOLAR,2023-07-27,OPERACION,100.0
317,3ID4,AGPE ROSANA CARRILLO MONSALVO,SOLAR,NO DESPACHADO CENTRALMENTE,AUTOG PEQ. ESCALA,RAD SOLAR,2023-07-27,OPERACION,6.0
318,3ID6,AGPE SOFITEL CASA LOMA,SOLAR,NO DESPACHADO CENTRALMENTE,AUTOG PEQ. ESCALA,RAD SOLAR,2023-07-27,OPERACION,60.0
319,3II2,AGPE JESUALDO MORELLI SOCARRAS,SOLAR,NO DESPACHADO CENTRALMENTE,AUTOG PEQ. ESCALA,RAD SOLAR,2023-08-10,OPERACION,10.0
320,3II4,AGPE VASQUEZ LLINAS DESING SAS,SOLAR,NO DESPACHADO CENTRALMENTE,AUTOG PEQ. ESCALA,RAD SOLAR,2023-08-10,OPERACION,10.0
321,3II6,AGPE MI FUTURO DON CAMPO,SOLAR,NO DESPACHADO CENTRALMENTE,AUTOG PEQ. ESCALA,RAD SOLAR,2023-08-10,OPERACION,99.0
322,3II8,AGPE CELMIRA GALVIS FAJARDO,SOLAR,NO DESPACHADO CENTRALMENTE,AUTOG PEQ. ESCALA,RAD SOLAR,2023-08-10,OPERACION,10.0
323,3IIA,AGPE DISTRIBUIDORA Y COMERCIALIZADORA SALEM,SOLAR,NO DESPACHADO CENTRALMENTE,AUTOG PEQ. ESCALA,RAD SOLAR,2023-08-10,OPERACION,75.0
324,3IIC,AGPE YOLANDA BAUTE CASTRO,SOLAR,NO DESPACHADO CENTRALMENTE,AUTOG PEQ. ESCALA,RAD SOLAR,2023-08-10,OPERACION,10.0
325,3IIE,AGPE INVERSIONES LAS MARIAS SAS,SOLAR,NO DESPACHADO CENTRALMENTE,AUTOG PEQ. ESCALA,RAD SOLAR,2023-08-10,OPERACION,10.0
326,3IIG,AGPE INVERSIONES LUJO SAS,SOLAR,NO DESPACHADO CENTRALMENTE,AUTOG PEQ. ESCALA,RAD SOLAR,2023-08-10,OPERACION,10.0
327,3III,AGPE JAVIER DARIO MONSALVO BOLIVAR,SOLAR,NO DESPACHADO CENTRALMENTE,AUTOG PEQ. ESCALA,RAD SOLAR,2023-08-10,OPERACION,10.0
328,3IIK,AGPE CLAUDIA MARCELA OTALORA MAHECHA,SOLAR,NO DESPACHADO CENTRALMENTE,AUTOG PEQ. ESCALA,RAD SOLAR,2023-08-10,OPERACION,10.0
329,3IIM,AGPE JESUS ANTONIO BALLESTEROS GALVIS,SOLAR,NO DESPACHADO CENTRALMENTE,AUTOG PEQ. ESCALA,RAD SOLAR,2023-08-10,OPERACION,10.0
330,3IIO,AGPE VIVA MAYALES SAS,SOLAR,NO DESPACHADO CENTRALMENTE,AUTOG PEQ. ESCALA,RAD SOLAR,2023-08-10,OPERACION,10.0
331,3IIQ,AGPE PLANTA LUBRICANTES,SOLAR,NO DESPACHADO CENTRALMENTE,AUTOG PEQ. ESCALA,RAD SOLAR,2023-08-10,OPERACION,440.0
332,3IIT,AGPE MIL VARIEDADES I,SOLAR,NO DESPACHADO CENTRALMENTE,AUTOG PEQ. ESCALA,RAD SOLAR,2023-08-10,OPERACION,40.0
333,3IIV,AGPE COLEGIO BERCHMANS,SOLAR,NO DESPACHADO CENTRALMENTE,AUTOG PEQ. ESCALA,RAD SOLAR,2023-08-10,OPERACION,75.0
334,3IJF,AUTOG COSTAYACO,TERMICA,NO DESPACHADO CENTRALMENTE,AUTOGENERADOR,GAS,2023-09-04,OPERACION,2000.0
335,3IML,AGPE BODYTECH COLINA,SOLAR,NO DESPACHADO CENTRALMENTE,AUTOG PEQ. ESCALA,RAD SOLAR,2023-08-31,OPERACION,20.0
336,3IMN,AGPE BODYTECH CHAPINERO,SOLAR,NO DESPACHADO CENTRALMENTE,AUTOG PEQ. ESCALA,RAD SOLAR,2023-08-31,OPERACION,40.0
337,3INT,AGPE JOSE ALFREDO GNECCO ZULETA,SOLAR,NO DESPACHADO CENTRALMENTE,AUTOG PEQ. ESCALA,RAD SOLAR,2023-09-07,OPERACION,10.0
338,3IOY,AGPE NORMANDY,SOLAR,NO DESPACHADO CENTRALMENTE,AUTOG PEQ. ESCALA,RAD SOLAR,2023-09-14,OPERACION,200.0
339,3IP1,AGPE FLORES DEL ZORRO,SOLAR,NO DESPACHADO CENTRALMENTE,AUTOG PEQ. ESCALA,RAD SOLAR,2023-09-14,OPERACION,12.0
340,3IP3,AGPE LUZ MILA MORELLI SOCARRAS,SOLAR,NO DESPACHADO CENTRALMENTE,AUTOG PEQ. ESCALA,RAD SOLAR,2023-09-14,OPERACION,15.0
341,3IP5,AGPE INVERSIONES VILLA ROSA DEL CESAR,SOLAR,NO DESPACHADO CENTRALMENTE,AUTOG PEQ. ESCALA,RAD SOLAR,2023-09-14,OPERACION,30.0
342,3IP7,AGPE ALCIELO CONSTRUCTORA,SOLAR,NO DESPACHADO CENTRALMENTE,AUTOG PEQ. ESCALA,RAD SOLAR,2023-09-14,OPERACION,15.0
343,3IQ2,AGPE LA CALI PRINCIPAL,SOLAR,NO DESPACHADO CENTRALMENTE,AUTOG PEQ. ESCALA,RAD SOLAR,2023-09-14,OPERACION,40.0
344,3IRX,PORTON DEL SOL,SOLAR,DESPACHADO CENTRALMENTE,NORMAL,RAD SOLAR,2024-03-08,OPERACION,102000.0
345,3IRZ,LA CASCADA DE GRANADA,HIDRAULICA,NO DESPACHADO CENTRALMENTE,NORMAL,AGUA,2023-09-30,OPERACION,2090.0
346,3IS2,PARQUE SOLAR ARENAL,SOLAR,NO DESPACHADO CENTRALMENTE,NORMAL,RAD SOLAR,2023-12-30,OPERACION,2000.0
347,3ISD,AGPE ORF SA,SOLAR,NO DESPACHADO CENTRALMENTE,AUTOG PEQ. ESCALA,RAD SOLAR,2023-10-01,OPERACION,860.0
348,3ITE,AGPE UNICOR JUANITA ISAZA,SOLAR,NO DESPACHADO CENTRALMENTE,AUTOG PEQ. ESCALA,RAD SOLAR,2023-10-05,OPERACION,27.600000000000005
349,3ITG,AGPE INVERSIONES MONGNE,SOLAR,NO DESPACHADO CENTRALMENTE,AUTOG PEQ. ESCALA,RAD SOLAR,2023-10-05,OPERACION,15.0
350,3ITI,AGPE GERMAN FRANCISCO MORON,SOLAR,NO DESPACHADO CENTRALMENTE,AUTOG PEQ. ESCALA,RAD SOLAR,2023-10-05,OPERACION,15.0
351,3ITK,AGPE INDUSTRIAS MACAR PALMIRA,SOLAR,NO DESPACHADO CENTRALMENTE,AUTOG PEQ. ESCALA,RAD SOLAR,2023-10-05,OPERACION,70.0
352,3ITM,AGPE HACIENDA SAN FELIPE,SOLAR,NO DESPACHADO CENTRALMENTE,AUTOG PEQ. ESCALA,RAD SOLAR,2023-10-05,OPERACION,99.90000000000002
353,3ITO,AGPE NUTRILACTEOS DEL SUR,SOLAR,NO DESPACHADO CENTRALMENTE,AUTOG PEQ. ESCALA,RAD SOLAR,2023-10-05,OPERACION,32.0
354,3ITQ,AGPE HOTEL ASTOR BYHOURS,SOLAR,NO DESPACHADO CENTRALMENTE,AUTOG PEQ. ESCALA,RAD SOLAR,2023-10-05,OPERACION,36.0
355,3IUT,AGPE RESIDENCIA SIGLO XXI,SOLAR,NO DESPACHADO CENTRALMENTE,AUTOG PEQ. ESCALA,RAD SOLAR,2023-10-10,OPERACION,40.0
356,3IUZ,AGPE LADRILLERA SANTANDER,SOLAR,NO DESPACHADO CENTRALMENTE,AUTOG PEQ. ESCALA,RAD SOLAR,2023-10-12,OPERACION,500.0
357,3IZQ,AGPE FARMATODO MANGA,SOLAR,NO DESPACHADO CENTRALMENTE,AUTOG PEQ. ESCALA,RAD SOLAR,2023-10-26,OPERACION,40.0
358,3IZS,AGPE IML ETIQUETAS,SOLAR,NO DESPACHADO CENTRALMENTE,AUTOG PEQ. ESCALA,RAD SOLAR,2023-10-26,OPERACION,240.0
359,3IZU,AGPE RAMIREZ ZULUAGA E HIJOS,SOLAR,NO DESPACHADO CENTRALMENTE,AUTOG PEQ. ESCALA,RAD SOLAR,2023-10-26,OPERACION,72.0
360,3IZW,AGPE COMFENALCO QUINDIO,SOLAR,NO DESPACHADO CENTRALMENTE,AUTOG PEQ. ESCALA,RAD SOLAR,2023-10-26,OPERACION,96.0
361,3J1J,PARQUE SOLAR HONDA I,SOLAR,NO DESPACHADO CENTRALMENTE,NORMAL,RAD SOLAR,2023-12-28,OPERACION,9900.0
362,3J2B,SOLAR PLANETA RICA,SOLAR,NO DESPACHADO CENTRALMENTE,NORMAL,RAD SOLAR,2024-04-17,OPERACION,19900.0
363,3J2H,PETALO DE CORDOBA II,SOLAR,NO DESPACHADO CENTRALMENTE,NORMAL,RAD SOLAR,2023-12-16,OPERACION,9900.0
364,3J2K,AGPE DISPROLACTEOS,SOLAR,NO DESPACHADO CENTRALMENTE,AUTOG PEQ. ESCALA,RAD SOLAR,2023-11-16,OPERACION,72.0
365,3J2O,AGPE BODYTECH CHICO,SOLAR,NO DESPACHADO CENTRALMENTE,AUTOG PEQ. ESCALA,RAD SOLAR,2023-11-16,OPERACION,40.0
366,3J2Q,AGPE LA CORSARIA,SOLAR,NO DESPACHADO CENTRALMENTE,AUTOG PEQ. ESCALA,RAD SOLAR,2023-11-16,OPERACION,60.0
367,3J2Y,AGPE HUMAX,SOLAR,NO DESPACHADO CENTRALMENTE,AUTOG PEQ. ESCALA,RAD SOLAR,2023-11-23,OPERACION,96.0
368,3J31,AGPE EDS SAN RAFAEL,SOLAR,NO DESPACHADO CENTRALMENTE,AUTOG PEQ. ESCALA,RAD SOLAR,2023-11-23,OPERACION,36.0
369,3J33,AGPE GRAFICAS DIAMANTE,SOLAR,NO DESPACHADO CENTRALMENTE,AUTOG PEQ. ESCALA,RAD SOLAR,2023-11-23,OPERACION,36.0
370,3J35,AGPE EDIFICIO V1501,SOLAR,NO DESPACHADO CENTRALMENTE,AUTOG PEQ. ESCALA,RAD SOLAR,2023-11-23,OPERACION,30.0
371,3J37,AGPE INVERSIONES PASTO,SOLAR,NO DESPACHADO CENTRALMENTE,AUTOG PEQ. ESCALA,RAD SOLAR,2023-11-23,OPERACION,20.0
372,3J39,AGPE MAXXILLANTAS NO2,SOLAR,NO DESPACHADO CENTRALMENTE,AUTOG PEQ. ESCALA,RAD SOLAR,2023-11-23,OPERACION,10.0
373,3J3B,AGPE BELLAVISTA COAL,SOLAR,NO DESPACHADO CENTRALMENTE,AUTOG PEQ. ESCALA,RAD SOLAR,2023-11-23,OPERACION,160.0
374,3J3D,AGPE LA TURBINA,SOLAR,NO DESPACHADO CENTRALMENTE,AUTOG PEQ. ESCALA,RAD SOLAR,2023-11-23,OPERACION,10.0
375,3J4D,CAIMAN CIENAGUERO,SOLAR,NO DESPACHADO CENTRALMENTE,NORMAL,RAD SOLAR,2023-12-15,OPERACION,9000.0
376,3J4R,PARQUE SOLAR DINAMARCA,SOLAR,NO DESPACHADO CENTRALMENTE,NORMAL,RAD SOLAR,2024-03-11,OPERACION,9000.0
377,3J4T,PARQUE SOLAR VERSALLES,SOLAR,NO DESPACHADO CENTRALMENTE,NORMAL,RAD SOLAR,2024-03-11,OPERACION,9000.0
378,3J4V,PARQUE SOLAR LA MENA,SOLAR,NO DESPACHADO CENTRALMENTE,NORMAL,RAD SOLAR,2024-02-16,OPERACION,9000.0
379,3J5V,AGPE LUCAS JARAMILLO MONTOYA,SOLAR,NO DESPACHADO CENTRALMENTE,AUTOG PEQ. ESCALA,RAD SOLAR,2023-12-04,OPERACION,10.0
380,3J5X,AGPE NATACHA JARAMILLO MONTOYA,SOLAR,NO DESPACHADO CENTRALMENTE,AUTOG PEQ. ESCALA,RAD SOLAR,2023-12-04,OPERACION,10.0
381,3J8B,AGPE TIENDA Y EXPEDIDO DE CARNES JC,SOLAR,NO DESPACHADO CENTRALMENTE,AUTOG PEQ. ESCALA,RAD SOLAR,2023-12-14,OPERACION,15.0
382,3J8T,AGPE TREKKER HOSTELS,SOLAR,NO DESPACHADO CENTRALMENTE,AUTOG PEQ. ESCALA,RAD SOLAR,2023-12-21,OPERACION,20.0
383,3J8V,AGPE ARA CARTAGENA SANTA MONICA,SOLAR,NO DESPACHADO CENTRALMENTE,AUTOG PEQ. ESCALA,RAD SOLAR,2023-12-21,OPERACION,75.0
384,3J8X,AGPE ARA CARTAGENA LOS CORALES,SOLAR,NO DESPACHADO CENTRALMENTE,AUTOG PEQ. ESCALA,RAD SOLAR,2023-12-21,OPERACION,66.0
385,3J8Z,AGPE ARA CARTAGENA PROVIDENCIA,SOLAR,NO DESPACHADO CENTRALMENTE,AUTOG PEQ. ESCALA,RAD SOLAR,2023-12-21,OPERACION,56.0
386,3JA3,AGPE PORTAL DEL CARIBE,SOLAR,NO DESPACHADO CENTRALMENTE,AUTOG PEQ. ESCALA,RAD SOLAR,2023-12-21,OPERACION,36.0
387,3JBP,LA NENERA,SOLAR,NO DESPACHADO CENTRALMENTE,GEN. DISTRIBUIDA,RAD SOLAR,2024-01-13,OPERACION,975.0
388,3JG3,AGPE MULTIIDEAS SAS,SOLAR,NO DESPACHADO CENTRALMENTE,AUTOG PEQ. ESCALA,RAD SOLAR,2024-01-18,OPERACION,75.0
389,3JG5,AGPE FARMATODO RODADERO,SOLAR,NO DESPACHADO CENTRALMENTE,AUTOG PEQ. ESCALA,RAD SOLAR,2024-01-18,OPERACION,60.0
390,3JHX,AGPE LA MASIA,SOLAR,NO DESPACHADO CENTRALMENTE,AUTOG PEQ. ESCALA,RAD SOLAR,2024-01-18,OPERACION,96.0
391,3JHZ,AGPE PLATINUM INVESTMENTS,SOLAR,NO DESPACHADO CENTRALMENTE,AUTOG PEQ. ESCALA,RAD SOLAR,2024-01-18,OPERACION,30.0
392,3JI2,AGPE SAMUEL DAVID JULIO AMIGO,SOLAR,NO DESPACHADO CENTRALMENTE,AUTOG PEQ. ESCALA,RAD SOLAR,2024-01-18,OPERACION,9.0
393,3JI4,AGPE INVERSIONES COSIE,SOLAR,NO DESPACHADO CENTRALMENTE,AUTOG PEQ. ESCALA,RAD SOLAR,2024-01-18,OPERACION,192.0
394,3JNN,AGPE CENTROABASTOS SA,SOLAR,NO DESPACHADO CENTRALMENTE,AUTOG PEQ. ESCALA,RAD SOLAR,2024-02-08,OPERACION,840.0
395,3JNP,AGPE LENA BEATRIZ REZA GARCIA,SOLAR,NO DESPACHADO CENTRALMENTE,AUTOG PEQ. ESCALA,RAD SOLAR,2024-02-08,OPERACION,4.5
396,3JNR,AUTOG UNIBOL 1,TERMICA,NO DESPACHADO CENTRALMENTE,AUTOGENERADOR,GAS,2024-02-11,OPERACION,4900.0
397,3JP6,GD BASILICA,SOLAR,NO DESPACHADO CENTRALMENTE,GEN. DISTRIBUIDA,RAD SOLAR,2024-02-16,OPERACION,975.0
398,3JP8,GD LA URIBE,SOLAR,NO DESPACHADO CENTRALMENTE,GEN. DISTRIBUIDA,RAD SOLAR,2024-03-14,OPERACION,600.0
399,3JPA,GD ALFEREZ,SOLAR,NO DESPACHADO CENTRALMENTE,GEN. DISTRIBUIDA,RAD SOLAR,2024-02-22,OPERACION,600.0
400,3JPE,GD LOS CHORROS,SOLAR,NO DESPACHADO CENTRALMENTE,GEN. DISTRIBUIDA,RAD SOLAR,2024-02-16,OPERACION,600.0
401,3JPK,MINIGRANJA SAN PEDRO,SOLAR,NO DESPACHADO CENTRALMENTE,GEN. DISTRIBUIDA,RAD SOLAR,2024-02-27,OPERACION,995.9
402,3JPM,BARAYA,SOLAR,NO DESPACHADO CENTRALMENTE,GEN. DISTRIBUIDA,RAD SOLAR,2024-02-18,OPERACION,996.0
403,3JQA,GD EL BANCO,SOLAR,NO DESPACHADO CENTRALMENTE,GEN. DISTRIBUIDA,RAD SOLAR,2024-02-22,OPERACION,975.0
404,3JQC,GANDALF,SOLAR,NO DESPACHADO CENTRALMENTE,GEN. DISTRIBUIDA,RAD SOLAR,2024-02-22,OPERACION,996.0
405,3JQE,CANAHUATE,SOLAR,NO DESPACHADO CENTRALMENTE,GEN. DISTRIBUIDA,RAD SOLAR,2024-02-22,OPERACION,996.0
406,3JQL,AGPE CORPORACION CLUB COLOMBIA,SOLAR,NO DESPACHADO CENTRALMENTE,AUTOG PEQ. ESCALA,RAD SOLAR,2024-02-22,OPERACION,56.0
407,3JQT,AGPE TELESENTINEL,SOLAR,NO DESPACHADO CENTRALMENTE,AUTOG PEQ. ESCALA,RAD SOLAR,2024-02-22,OPERACION,36.0
408,3JQV,AGPE ARA SAN VICENTE,SOLAR,NO DESPACHADO CENTRALMENTE,AUTOG PEQ. ESCALA,RAD SOLAR,2024-02-22,OPERACION,60.0
409,3JQX,AGPE MODULTEC II,SOLAR,NO DESPACHADO CENTRALMENTE,AUTOG PEQ. ESCALA,RAD SOLAR,2024-02-22,OPERACION,20.0
410,3JQZ,AGPE MODULTEC I,SOLAR,NO DESPACHADO CENTRALMENTE,AUTOG PEQ. ESCALA,RAD SOLAR,2024-02-22,OPERACION,40.0
411,3JR2,AGPE MODULTEC III,SOLAR,NO DESPACHADO CENTRALMENTE,AUTOG PEQ. ESCALA,RAD SOLAR,2024-02-22,OPERACION,20.0
412,3K52,AGPE SINCRON OFICINAS,SOLAR,NO DESPACHADO CENTRALMENTE,AUTOG PEQ. ESCALA,RAD SOLAR,2024-02-29,OPERACION,10.5
413,3K54,AGPE SINCRON PANCE,SOLAR,NO DESPACHADO CENTRALMENTE,AUTOG PEQ. ESCALA,RAD SOLAR,2024-02-29,OPERACION,3.0
414,3K56,AGPE AMISALUD SAS,SOLAR,NO DESPACHADO CENTRALMENTE,AUTOG PEQ. ESCALA,RAD SOLAR,2024-02-29,OPERACION,43.20000000000001
415,3K5A,AGPE CLINICA SALUD ORAL,SOLAR,NO DESPACHADO CENTRALMENTE,AUTOG PEQ. ESCALA,RAD SOLAR,2024-02-29,OPERACION,20.0
416,3K5C,AGPE GRASAS Y LACTEOS DE OCCIDENTE,SOLAR,NO DESPACHADO CENTRALMENTE,AUTOG PEQ. ESCALA,RAD SOLAR,2024-02-29,OPERACION,36.0
417,3K5E,AGPE CONGNAR,SOLAR,NO DESPACHADO CENTRALMENTE,AUTOG PEQ. ESCALA,RAD SOLAR,2024-02-29,OPERACION,20.0
418,3K5G,AGPE EDGAVDA,SOLAR,NO DESPACHADO CENTRALMENTE,AUTOG PEQ. ESCALA,RAD SOLAR,2024-02-29,OPERACION,20.0
419,3K5I,AGPE ARIS TEXTIL SAS,SOLAR,NO DESPACHADO CENTRALMENTE,AUTOG PEQ. ESCALA,RAD SOLAR,2024-02-29,OPERACION,100.0
420,3K5Y,AGPE SALUD FORMA MEDICAL ESTHETIC,SOLAR,NO DESPACHADO CENTRALMENTE,AUTOG PEQ. ESCALA,RAD SOLAR,2024-03-01,OPERACION,13.5
421,3K6R,AGPE PANADERIA GALAN,SOLAR,NO DESPACHADO CENTRALMENTE,AUTOG PEQ. ESCALA,RAD SOLAR,2024-03-07,OPERACION,15.0
422,3K6T,SOLAR ALEJANDRIA,SOLAR,NO DESPACHADO CENTRALMENTE,NORMAL,RAD SOLAR,2024-04-27,OPERACION,9400.0
423,3K6V,AGPE BANCO DE BOGOTA JAMUNDI,SOLAR,NO DESPACHADO CENTRALMENTE,AUTOG PEQ. ESCALA,RAD SOLAR,2024-03-07,OPERACION,20.0
424,3K6X,GD LA HONDA,SOLAR,NO DESPACHADO CENTRALMENTE,GEN. DISTRIBUIDA,RAD SOLAR,2024-03-14,OPERACION,975.0
425,3K7L,AGPE RTS TULUA,SOLAR,NO DESPACHADO CENTRALMENTE,AUTOG PEQ. ESCALA,RAD SOLAR,2024-03-14,OPERACION,60.0
426,3K7N,AGPE FUNGICOL Y CIA,SOLAR,NO DESPACHADO CENTRALMENTE,AUTOG PEQ. ESCALA,RAD SOLAR,2024-03-14,OPERACION,80.0
427,3K7P,AGPE ANDALUCIA TALLER,SOLAR,NO DESPACHADO CENTRALMENTE,AUTOG PEQ. ESCALA,RAD SOLAR,2024-03-14,OPERACION,20.0
428,3K7R,AGPE ANDALUCIA POSCOSECHA,SOLAR,NO DESPACHADO CENTRALMENTE,AUTOG PEQ. ESCALA,RAD SOLAR,2024-03-14,OPERACION,96.0
429,3K7T,AGPE ANDALUCIA PORTERIA,SOLAR,NO DESPACHADO CENTRALMENTE,AUTOG PEQ. ESCALA,RAD SOLAR,2024-03-14,OPERACION,40.0
430,3K88,AGPE FABRICA CALZADO ROMULO,SOLAR,NO DESPACHADO CENTRALMENTE,AUTOG PEQ. ESCALA,RAD SOLAR,2024-03-21,OPERACION,75.0
431,3K8A,CELSIA SOLAR ALUMINA,SOLAR,NO DESPACHADO CENTRALMENTE,AUTOGENERADOR,RAD SOLAR,2024-03-24,OPERACION,1971.0
432,3K91,AGPE CALZACOSTA OFICINAS,SOLAR,NO DESPACHADO CENTRALMENTE,AUTOG PEQ. ESCALA,RAD SOLAR,2024-03-28,OPERACION,40.0
433,3K93,AGPE CI FARMAPLAST,SOLAR,NO DESPACHADO CENTRALMENTE,AUTOG PEQ. ESCALA,RAD SOLAR,2024-03-28,OPERACION,200.0
434,3KA2,AGPE PEDRO ANTONIO TOSCANO TOSCANO,SOLAR,NO DESPACHADO CENTRALMENTE,AUTOG PEQ. ESCALA,RAD SOLAR,2024-04-01,OPERACION,9.0
435,3KA6,AGPE CC LA FLORIDA I,SOLAR,NO DESPACHADO CENTRALMENTE,AUTOG PEQ. ESCALA,RAD SOLAR,2024-04-04,OPERACION,36.0
436,3KA8,AGPE SOLUCIONES ADUANERAS,SOLAR,NO DESPACHADO CENTRALMENTE,AUTOG PEQ. ESCALA,RAD SOLAR,2024-04-04,OPERACION,20.0
437,3KE2,AGPE BICITIENDA JR,SOLAR,NO DESPACHADO CENTRALMENTE,AUTOG PEQ. ESCALA,RAD SOLAR,2024-04-11,OPERACION,9.0
438,3KE4,AGPE CARLOS MANUEL BOOM BURGOS,SOLAR,NO DESPACHADO CENTRALMENTE,AUTOG PEQ. ESCALA,RAD SOLAR,2024-04-11,OPERACION,4.5
439,3KE6,AGPE KALA,SOLAR,NO DESPACHADO CENTRALMENTE,AUTOG PEQ. ESCALA,RAD SOLAR,2024-04-11,OPERACION,30.0
440,3KK1,AGPE MEAT MARKET,SOLAR,NO DESPACHADO CENTRALMENTE,AUTOG PEQ. ESCALA,RAD SOLAR,2024-04-18,OPERACION,35.0
441,3KK3,AGPE VITELSA,SOLAR,NO DESPACHADO CENTRALMENTE,AUTOG PEQ. ESCALA,RAD SOLAR,2024-04-18,OPERACION,480.0
442,3KK5,AGPE DINISSAN CALI,SOLAR,NO DESPACHADO CENTRALMENTE,AUTOG PEQ. ESCALA,RAD SOLAR,2024-04-18,OPERACION,50.0
443,3KK7,AGPE ABISAI,SOLAR,NO DESPACHADO CENTRALMENTE,AUTOG PEQ. ESCALA,RAD SOLAR,2024-04-18,OPERACION,45.0
444,3KK9,AGPE SUPERCANAVERAL,SOLAR,NO DESPACHADO CENTRALMENTE,AUTOG PEQ. ESCALA,RAD SOLAR,2024-04-18,OPERACION,100.0
445,3KKB,AGPE JORGE EMILIO MONTES,SOLAR,NO DESPACHADO CENTRALMENTE,AUTOG PEQ. ESCALA,RAD SOLAR,2024-04-18,OPERACION,13.5
446,3KKD,AGPE VITE,SOLAR,NO DESPACHADO CENTRALMENTE,AUTOG PEQ. ESCALA,RAD SOLAR,2024-04-18,OPERACION,240.0
447,3KL4,POWER PLANT DRUMMOND 1,TERMICA,NO DESPACHADO CENTRALMENTE,AUTOGENERADOR,GAS,2024-04-22,OPERACION,19900.0
448,3KL6,AGPE GASTROCESAR,SOLAR,NO DESPACHADO CENTRALMENTE,AUTOG PEQ. ESCALA,RAD SOLAR,2024-04-20,OPERACION,30.0
449,3KL8,AGPE MANUEL GONZALEZ CASA 1,SOLAR,NO DESPACHADO CENTRALMENTE,AUTOG PEQ. ESCALA,RAD SOLAR,2024-04-20,OPERACION,27.0
450,3KLA,AGPE JAIME HUMBERTO VELEZ,SOLAR,NO DESPACHADO CENTRALMENTE,AUTOG PEQ. ESCALA,RAD SOLAR,2024-04-20,OPERACION,4.0
451,3KLC,AGPE ALFONSO PAYAN,SOLAR,NO DESPACHADO CENTRALMENTE,AUTOG PEQ. ESCALA,RAD SOLAR,2024-04-20,OPERACION,4.0
452,3KLE,AGPE ALFREDO PACHECO,SOLAR,NO DESPACHADO CENTRALMENTE,AUTOG PEQ. ESCALA,RAD SOLAR,2024-04-20,OPERACION,6.0
453,3KLG,AGPE CHM MINERIA SAS,SOLAR,NO DESPACHADO CENTRALMENTE,AUTOG PEQ. ESCALA,RAD SOLAR,2024-04-20,OPERACION,60.0
454,3KLI,AGPE JUAN ERAZO,SOLAR,NO DESPACHADO CENTRALMENTE,AUTOG PEQ. ESCALA,RAD SOLAR,2024-04-20,OPERACION,4.0
455,3KLK,AGPE SEMINARIO DIOCESANO CRISTO SACERDOTE,SOLAR,NO DESPACHADO CENTRALMENTE,AUTOG PEQ. ESCALA,RAD SOLAR,2024-04-21,OPERACION,60.0
456,3KLM,AGPE BERNARDO LENIS,SOLAR,NO DESPACHADO CENTRALMENTE,AUTOG PEQ. ESCALA,RAD SOLAR,2024-04-22,OPERACION,2.0
457,3KLO,AGPE HENRI GALVIS NIETO,SOLAR,NO DESPACHADO CENTRALMENTE,AUTOG PEQ. ESCALA,RAD SOLAR,2024-04-22,OPERACION,10.12
458,3KLS,AGPE PARDO CORENA LTDA,SOLAR,NO DESPACHADO CENTRALMENTE,AUTOG PEQ. ESCALA,RAD SOLAR,2024-04-23,OPERACION,9.0
459,3KLU,AGPE SUMILAN,SOLAR,NO DESPACHADO CENTRALMENTE,AUTOG PEQ. ESCALA,RAD SOLAR,2024-04-25,OPERACION,35.0
460,3KO9,AGPE CACHARRERIA JUNIOR L,SOLAR,NO DESPACHADO CENTRALMENTE,AUTOG PEQ. ESCALA,RAD SOLAR,2024-04-25,OPERACION,9.0
461,3KOD,ECOPARQUE SOLAR BRISAS,SOLAR,NO DESPACHADO CENTRALMENTE,AUTOGENERADOR,RAD SOLAR,2024-04-27,OPERACION,4000.0
462,3KOJ,AGPE MADEPAL,SOLAR,NO DESPACHADO CENTRALMENTE,AUTOG PEQ. ESCALA,RAD SOLAR,2024-04-27,OPERACION,27.600000000000005
463,3KOP,AGPE CASITA DEL CUY,SOLAR,NO DESPACHADO CENTRALMENTE,AUTOG PEQ. ESCALA,RAD SOLAR,2024-04-28,OPERACION,25.0
464,3KOR,AGPE SUBASTAR SAHAGUN,SOLAR,NO DESPACHADO CENTRALMENTE,AUTOG PEQ. ESCALA,RAD SOLAR,2024-04-28,OPERACION,13.5
465,3KOT,AGPE CESAR JULIO HERNANDEZ,SOLAR,NO DESPACHADO CENTRALMENTE,AUTOG PEQ. ESCALA,RAD SOLAR,2024-04-28,OPERACION,5.400000000000001
466,3KOV,AGPE INDUSTRIAS NEGLE II,SOLAR,NO DESPACHADO CENTRALMENTE,AUTOG PEQ. ESCALA,RAD SOLAR,2024-04-28,OPERACION,30.0
467,ABJ1,LA CASCADA ( ABEJORRAL),HIDRAULICA,NO DESPACHADO CENTRALMENTE,NORMAL,AGUA,2007-09-17,OPERACION,3000.0
468,AFR1,AGUA FRESCA,HIDRAULICA,NO DESPACHADO CENTRALMENTE,NORMAL,AGUA,2008-04-10,OPERACION,7290.0
469,ALBG,ALBAN,HIDRAULICA,DESPACHADO CENTRALMENTE,NORMAL,AGUA,2000-12-15,OPERACION,427000.0
470,ALTG,ALTO TULUA,HIDRAULICA,NO DESPACHADO CENTRALMENTE,NORMAL,AGUA,2012-05-28,OPERACION,19900.0
471,AMA1,AMAIME,HIDRAULICA,NO DESPACHADO CENTRALMENTE,NORMAL,AGUA,2011-01-06,OPERACION,19170.0
472,AMF1,AMALFI,HIDRAULICA,NO DESPACHADO CENTRALMENTE,GEN. DISTRIBUIDA,AGUA,2007-08-05,OPERACION,810.0
473,AMR1,AMERICA,HIDRAULICA,NO DESPACHADO CENTRALMENTE,GEN. DISTRIBUIDA,AGUA,1997-01-01,OPERACION,410.0
474,ARG1,AUTOG ARGOS CARTAGENA,TERMICA,NO DESPACHADO CENTRALMENTE,AUTOGENERADOR,GAS,2016-03-15,OPERACION,16000.0
475,ASN1,ASNAZU,HIDRAULICA,NO DESPACHADO CENTRALMENTE,GEN. DISTRIBUIDA,AGUA,1934-01-01,OPERACION,450.0
476,AYR1,AUTOG AYURA,HIDRAULICA,NO DESPACHADO CENTRALMENTE,AUTOGENERADOR,AGUA,1983-10-26,OPERACION,16700.0
477,BAR1,BARROSO,HIDRAULICA,NO DESPACHADO CENTRALMENTE,NORMAL,AGUA,2012-11-30,OPERACION,19900.0
478,BLL3,BELLO,HIDRAULICA,NO DESPACHADO CENTRALMENTE,NORMAL,AGUA,1997-01-01,OPERACION,350.0
479,BLM1,BELMONTE,HIDRAULICA,NO DESPACHADO CENTRALMENTE,NORMAL,AGUA,1939-01-01,OPERACION,3400.0
480,BSQ1,EL BOSQUE,HIDRAULICA,NO DESPACHADO CENTRALMENTE,NORMAL,AGUA,1935-01-01,OPERACION,2280.0
481,BYN1,BAYONA,HIDRAULICA,NO DESPACHADO CENTRALMENTE,GEN. DISTRIBUIDA,AGUA,1943-01-01,OPERACION,600.0
482,CAS1,CENTRAL CASTILLA 1,COGENERADOR,NO DESPACHADO CENTRALMENTE,COGENERADOR,BAGAZO,2004-08-15,OPERACION,3000.0
483,CCN1,COCONUCO,HIDRAULICA,NO DESPACHADO CENTRALMENTE,NORMAL,AGUA,2000-09-27,OPERACION,4500.0
484,CGM1,MAYAGUEZ 1,COGENERADOR,NO DESPACHADO CENTRALMENTE,COGENERADOR,BAGAZO,2010-08-17,OPERACION,19900.0
485,CHBG,BETANIA,HIDRAULICA,DESPACHADO CENTRALMENTE,NORMAL,AGUA,1987-11-01,OPERACION,540000.0
486,CHVR,CHIVOR,HIDRAULICA,DESPACHADO CENTRALMENTE,NORMAL,AGUA,1977-05-23,OPERACION,1000000.0
487,CIP1,INGENIO PROVIDENCIA 2,COGENERADOR,NO DESPACHADO CENTRALMENTE,COGENERADOR,BAGAZO,2009-05-18,OPERACION,19900.0
488,CIS1,INGENIO SAN CARLOS 1,COGENERADOR,NO DESPACHADO CENTRALMENTE,COGENERADOR,BAGAZO,2011-07-23,OPERACION,2000.0
489,CLDR,CALDERAS,HIDRAULICA,NO DESPACHADO CENTRALMENTE,NORMAL,AGUA,2006-06-30,OPERACION,19900.0
490,CLL1,CARLOS LLERAS,HIDRAULICA,DESPACHADO CENTRALMENTE,FILO AGUA ESPECIAL,AGUA,2015-11-22,OPERACION,78000.0
491,CLMG,CALIMA,HIDRAULICA,DESPACHADO CENTRALMENTE,NORMAL,AGUA,1967-01-01,OPERACION,132000.0
492,CMN1,AUTOG CEMENTOS DEL NARE,HIDRAULICA,NO DESPACHADO CENTRALMENTE,AUTOGENERADOR,AGUA,2004-09-01,OPERACION,9000.0
493,CMP2,CAMPESTRE (EPM),HIDRAULICA,NO DESPACHADO CENTRALMENTE,NORMAL,AGUA,1997-01-01,OPERACION,870.0
494,COE1,COELLO,HIDRAULICA,NO DESPACHADO CENTRALMENTE,NORMAL,AGUA,2016-12-10,OPERACION,1200.0
495,CPT1,CAMPESTRE (CALARCA),HIDRAULICA,NO DESPACHADO CENTRALMENTE,NORMAL,AGUA,1956-01-01,OPERACION,700.0
496,CQT1,CHARQUITO,HIDRAULICA,NO DESPACHADO CENTRALMENTE,NORMAL,AGUA,2003-08-22,OPERACION,19400.0
497,CRC1,CARACOLI,HIDRAULICA,NO DESPACHADO CENTRALMENTE,FILO DE AGUA,AGUA,1935-01-01,OPERACION,3750.0
498,CSC1,CASCADA,HIDRAULICA,NO DESPACHADO CENTRALMENTE,NORMAL,AGUA,1954-01-01,OPERACION,3000.0
499,CTG1,CARTAGENA 1,TERMICA,DESPACHADO CENTRALMENTE,NORMAL,COMBUSTOLEO,1995-07-20,OPERACION,52000.0
500,CTG2,CARTAGENA 2,TERMICA,DESPACHADO CENTRALMENTE,NORMAL,COMBUSTOLEO,1980-01-01,OPERACION,60000.0
501,CTG3,CARTAGENA 3,TERMICA,DESPACHADO CENTRALMENTE,NORMAL,COMBUSTOLEO,1980-01-01,OPERACION,66000.0
502,CUC1,CUCUANA,HIDRAULICA,DESPACHADO CENTRALMENTE,FILO DE AGUA,AGUA,2015-07-29,OPERACION,56000.0
503,CUR1,CURRUCUCUES,HIDRAULICA,NO DESPACHADO CENTRALMENTE,NORMAL,AGUA,2010-08-18,OPERACION,1250.0
504,DVS1,DARIO VALENCIA SAMPER,HIDRAULICA,DESPACHADO CENTRALMENTE,FILO DE AGUA,AGUA,2013-11-10,OPERACION,150000.0
505,EPFV,EL PASO,SOLAR,DESPACHADO CENTRALMENTE,NORMAL,RAD SOLAR,2024-03-23,OPERACION,68000.0
506,ESMR,ESMERALDA,HIDRAULICA,DESPACHADO CENTRALMENTE,FILO DE AGUA,AGUA,1963-01-01,OPERACION,30000.0
507,FLRD,FLORIDA,HIDRAULICA,NO DESPACHADO CENTRALMENTE,FILO DE AGUA,AGUA,1975-01-01,OPERACION,19900.0
508,GCA1,CARUQUIA,HIDRAULICA,NO DESPACHADO CENTRALMENTE,NORMAL,AGUA,2010-01-28,OPERACION,9500.0
509,GCC1,GUACAICA,HIDRAULICA,NO DESPACHADO CENTRALMENTE,GEN. DISTRIBUIDA,AGUA,1992-01-01,OPERACION,860.0
510,GE32,GECELCA 32,TERMICA,DESPACHADO CENTRALMENTE,NORMAL,CARBON,2018-09-28,OPERACION,270000.0
511,GEC3,GECELCA 3,TERMICA,DESPACHADO CENTRALMENTE,NORMAL,CARBON,2015-09-17,OPERACION,164000.0
512,GQA1,GUANAQUITAS,HIDRAULICA,NO DESPACHADO CENTRALMENTE,NORMAL,AGUA,2010-06-30,OPERACION,9500.0
513,GTPE,GUATAPE,HIDRAULICA,DESPACHADO CENTRALMENTE,NORMAL,AGUA,1972-01-01,OPERACION,560000.0
514,GTRG,GUATRON,HIDRAULICA,DESPACHADO CENTRALMENTE,NORMAL,AGUA,1966-01-01,OPERACION,512000.0
515,GVIO,GUAVIO,HIDRAULICA,DESPACHADO CENTRALMENTE,NORMAL,AGUA,1993-03-19,OPERACION,1250000.0
516,HMIN,ESCUELA DE MINAS,HIDRAULICA,DESPACHADO CENTRALMENTE,FILO DE AGUA,AGUA,2019-09-30,OPERACION,55000.0
517,HMLG,MIEL I,HIDRAULICA,DESPACHADO CENTRALMENTE,NORMAL,AGUA,2002-12-01,OPERACION,396000.0
518,HMO1,HIDROMONTAÑITAS,HIDRAULICA,NO DESPACHADO CENTRALMENTE,FILO DE AGUA,AGUA,2012-06-14,OPERACION,19900.0
519,HRD1,LA HERRADURA,HIDRAULICA,NO DESPACHADO CENTRALMENTE,FILO DE AGUA,AGUA,2004-09-03,OPERACION,19800.0
520,INC1,INCAUCA 1,COGENERADOR,NO DESPACHADO CENTRALMENTE,COGENERADOR,BAGAZO,1998-10-21,OPERACION,60000.0
521,INS1,INSULA,HIDRAULICA,NO DESPACHADO CENTRALMENTE,NORMAL,AGUA,1995-07-20,OPERACION,19000.0
522,INT1,INTERMEDIA,HIDRAULICA,NO DESPACHADO CENTRALMENTE,GEN. DISTRIBUIDA,AGUA,1974-01-01,OPERACION,960.0
523,INZ1,INZA,HIDRAULICA,NO DESPACHADO CENTRALMENTE,GEN. DISTRIBUIDA,AGUA,2009-02-05,OPERACION,750.0
524,IQU1,IQUIRA I,HIDRAULICA,NO DESPACHADO CENTRALMENTE,NORMAL,AGUA,1955-01-01,OPERACION,4320.0
525,IQU2,IQUIRA II,HIDRAULICA,NO DESPACHADO CENTRALMENTE,NORMAL,AGUA,1965-01-01,OPERACION,1380.0
526,IRG1,INGENIO RISARALDA 1,COGENERADOR,NO DESPACHADO CENTRALMENTE,COGENERADOR,BAGAZO,2003-08-15,OPERACION,19900.0
527,JAGS,JAGUAS,HIDRAULICA,DESPACHADO CENTRALMENTE,NORMAL,AGUA,1988-07-01,OPERACION,170000.0
528,JPR1,JEPIRACHI 1 - 15,EOLICA,NO DESPACHADO CENTRALMENTE,NORMAL,VIENTO,2004-04-27,OPERACION,18420.0
529,LBR1,NUEVO LIBARE,HIDRAULICA,NO DESPACHADO CENTRALMENTE,NORMAL,AGUA,1994-01-01,OPERACION,5100.0
530,LCS1,LA CASCADA (ANTIOQUIA),HIDRAULICA,NO DESPACHADO CENTRALMENTE,NORMAL,AGUA,2007-07-17,OPERACION,2300.0
531,LMR1,EL LIMONAR,HIDRAULICA,NO DESPACHADO CENTRALMENTE,NORMAL,AGUA,2003-12-06,OPERACION,18000.0
532,LPLO,RIO PALO,HIDRAULICA,NO DESPACHADO CENTRALMENTE,NORMAL,AGUA,1960-01-01,OPERACION,1440.0
533,LTSJ,LA TASAJERA,HIDRAULICA,DESPACHADO CENTRALMENTE,NORMAL,AGUA,1994-05-20,OPERACION,306000.0
534,MIR1,MIROLINDO,HIDRAULICA,NO DESPACHADO CENTRALMENTE,NORMAL,AGUA,2004-11-03,OPERACION,3750.0
535,MNC1,MUNICIPAL,HIDRAULICA,NO DESPACHADO CENTRALMENTE,NORMAL,AGUA,1935-01-01,OPERACION,1400.0
536,MND1,MONDOMO,HIDRAULICA,NO DESPACHADO CENTRALMENTE,GEN. DISTRIBUIDA,AGUA,1958-01-01,OPERACION,750.0
537,MNT1,MANANTIALES,HIDRAULICA,NO DESPACHADO CENTRALMENTE,NORMAL,AGUA,1992-01-01,OPERACION,3150.0
538,MOY1,AMOYA LA ESPERANZA,HIDRAULICA,DESPACHADO CENTRALMENTE,FILO DE AGUA,AGUA,2013-05-24,OPERACION,80000.0
539,MRL1,MERILECTRICA 1,TERMICA,DESPACHADO CENTRALMENTE,NORMAL,GAS,1998-02-05,OPERACION,164000.0
540,NAV1,LA NAVETA,HIDRAULICA,NO DESPACHADO CENTRALMENTE,NORMAL,AGUA,2014-11-27,OPERACION,4800.0
541,NIM1,NIMA,HIDRAULICA,NO DESPACHADO CENTRALMENTE,NORMAL,AGUA,1942-01-01,OPERACION,6700.0
542,NQU1,NIQUIA,HIDRAULICA,NO DESPACHADO CENTRALMENTE,NORMAL,AGUA,1993-06-28,OPERACION,19000.0
543,NTB1,NUTIBARA,HIDRAULICA,NO DESPACHADO CENTRALMENTE,GEN. DISTRIBUIDA,AGUA,1997-01-01,OPERACION,750.0
544,OVJ1,OVEJAS,HIDRAULICA,NO DESPACHADO CENTRALMENTE,GEN. DISTRIBUIDA,AGUA,1939-01-01,OPERACION,820.0
545,PES1,ITUANGO,HIDRAULICA,DESPACHADO CENTRALMENTE,NORMAL,AGUA,2022-12-01,OPERACION,1200000.0
546,PGUG,PAGUA,HIDRAULICA,DESPACHADO CENTRALMENTE,NORMAL,AGUA,1986-12-01,OPERACION,600000.0
547,PJR1,PAJARITO,HIDRAULICA,NO DESPACHADO CENTRALMENTE,NORMAL,AGUA,1999-11-25,OPERACION,13200.0
548,PLM1,PALMAS SAN GIL,HIDRAULICA,NO DESPACHADO CENTRALMENTE,NORMAL,AGUA,1954-01-01,OPERACION,15000.0
549,PLU1,URRAO,HIDRAULICA,NO DESPACHADO CENTRALMENTE,NORMAL,AGUA,2007-07-30,OPERACION,1030.0
550,PLYS,PLAYAS,HIDRAULICA,DESPACHADO CENTRALMENTE,NORMAL,AGUA,1988-08-01,OPERACION,207000.0
551,PMR1,REMEDIOS,HIDRAULICA,NO DESPACHADO CENTRALMENTE,GEN. DISTRIBUIDA,AGUA,2007-09-19,OPERACION,750.0
552,PNC1,COGENERADOR PROENCA,COGENERADOR,NO DESPACHADO CENTRALMENTE,COGENERADOR,BAGAZO,2014-04-29,OPERACION,19900.0
553,PPA1,PAIPA 1,TERMICA,DESPACHADO CENTRALMENTE,NORMAL,CARBON,1963-01-01,OPERACION,36000.0
554,PPA2,PAIPA 2,TERMICA,DESPACHADO CENTRALMENTE,NORMAL,CARBON,1975-01-01,OPERACION,72000.0
555,PPA3,PAIPA 3,TERMICA,DESPACHADO CENTRALMENTE,NORMAL,CARBON,1982-05-06,OPERACION,70000.0
556,PPA4,PAIPA 4,TERMICA,DESPACHADO CENTRALMENTE,NORMAL,CARBON,1999-01-08,OPERACION,165000.0
557,PRC2,PORCE II,HIDRAULICA,DESPACHADO CENTRALMENTE,NORMAL,AGUA,2001-04-08,OPERACION,405000.0
558,PRC3,PORCE III,HIDRAULICA,DESPACHADO CENTRALMENTE,NORMAL,AGUA,2011-02-09,OPERACION,700000.0
559,PRD4,PRADO IV,HIDRAULICA,NO DESPACHADO CENTRALMENTE,NORMAL,AGUA,1973-03-01,OPERACION,5000.0
560,PRDO,PRADO,HIDRAULICA,DESPACHADO CENTRALMENTE,NORMAL,AGUA,1973-03-01,OPERACION,51000.0
561,PRG1,PROELECTRICA 1,TERMICA,DESPACHADO CENTRALMENTE,NORMAL,GAS,1993-07-01,OPERACION,45000.0
562,PRG2,PROELECTRICA 2,TERMICA,DESPACHADO CENTRALMENTE,NORMAL,GAS,1993-07-01,OPERACION,45000.0
563,PRV1,PROVIDENCIA,HIDRAULICA,NO DESPACHADO CENTRALMENTE,NORMAL,AGUA,2015-09-30,OPERACION,4900.0
564,PST1,PASTALES,HIDRAULICA,NO DESPACHADO CENTRALMENTE,GEN. DISTRIBUIDA,AGUA,2004-02-18,OPERACION,700.0
565,PTA1,LA PITA,HIDRAULICA,NO DESPACHADO CENTRALMENTE,NORMAL,AGUA,1965-01-01,OPERACION,1420.0
566,PTC1,PATICO - LA CABRERA,HIDRAULICA,NO DESPACHADO CENTRALMENTE,NORMAL,AGUA,1930-01-01,OPERACION,1480.0
567,PTG1,PUENTE GUILLERMO,HIDRAULICA,NO DESPACHADO CENTRALMENTE,NORMAL,AGUA,2001-09-01,OPERACION,4200.0
568,QUI1,EL QUIMBO,HIDRAULICA,DESPACHADO CENTRALMENTE,NORMAL,AGUA,2015-11-16,OPERACION,400000.0
569,RBB1,RIO BOBO,HIDRAULICA,NO DESPACHADO CENTRALMENTE,NORMAL,AGUA,1960-01-01,OPERACION,4000.0
570,RCIO,RIO RECIO,HIDRAULICA,NO DESPACHADO CENTRALMENTE,GEN. DISTRIBUIDA,AGUA,1958-11-01,OPERACION,984.0
571,RCL1,RIO CALI,HIDRAULICA,NO DESPACHADO CENTRALMENTE,NORMAL,AGUA,1925-01-01,OPERACION,1800.0
572,RFR1,RIO FRIO I,HIDRAULICA,NO DESPACHADO CENTRALMENTE,NORMAL,AGUA,1954-01-01,OPERACION,1670.0
573,RFR2,RIO FRIO II,HIDRAULICA,NO DESPACHADO CENTRALMENTE,FILO DE AGUA,AGUA,1996-01-01,OPERACION,10000.0
574,RGR1,RIO GRANDE,HIDRAULICA,NO DESPACHADO CENTRALMENTE,GEN. DISTRIBUIDA,AGUA,2007-12-01,OPERACION,300.0
575,RGRN,RIOGRANDE I,HIDRAULICA,NO DESPACHADO CENTRALMENTE,NORMAL,AGUA,1956-01-01,OPERACION,19000.0
576,RMR1,RUMOR,HIDRAULICA,NO DESPACHADO CENTRALMENTE,NORMAL,AGUA,1999-01-01,OPERACION,2500.0
577,RMYO,RIO MAYO,HIDRAULICA,NO DESPACHADO CENTRALMENTE,FILO DE AGUA,AGUA,1995-07-20,OPERACION,19800.0
578,RNG1,RIONEGRO,HIDRAULICA,NO DESPACHADO CENTRALMENTE,NORMAL,AGUA,1975-01-01,OPERACION,10200.0
579,RPD1,RIO PIEDRAS,HIDRAULICA,NO DESPACHADO CENTRALMENTE,FILO DE AGUA,AGUA,2000-03-31,OPERACION,19900.0
580,RPL1,INGENIO RIOPAILA 1,COGENERADOR,NO DESPACHADO CENTRALMENTE,COGENERADOR,BAGAZO,2018-05-21,OPERACION,16000.0
581,SBA1,SUBA,HIDRAULICA,NO DESPACHADO CENTRALMENTE,NORMAL,AGUA,2013-04-15,OPERACION,2600.0
582,SFC1,SAN FRANCISCO (PUTUMAYO),HIDRAULICA,NO DESPACHADO CENTRALMENTE,GEN. DISTRIBUIDA,AGUA,2012-12-15,OPERACION,468.0
583,SJM1,SAN JOSE DE LA MONTAÑA,HIDRAULICA,NO DESPACHADO CENTRALMENTE,GEN. DISTRIBUIDA,AGUA,2007-07-30,OPERACION,400.0
584,SJN1,SAJANDI,HIDRAULICA,NO DESPACHADO CENTRALMENTE,NORMAL,AGUA,1995-01-01,OPERACION,3200.0
585,SJOG,SAN JOSE,HIDRAULICA,NO DESPACHADO CENTRALMENTE,GEN. DISTRIBUIDA,AGUA,2003-11-16,OPERACION,380.0
586,SLV1,SILVIA,HIDRAULICA,NO DESPACHADO CENTRALMENTE,GEN. DISTRIBUIDA,AGUA,1994-01-01,OPERACION,380.0
587,SLVJ,SALVAJINA,HIDRAULICA,DESPACHADO CENTRALMENTE,NORMAL,AGUA,1995-07-20,OPERACION,315000.0
588,SMI1,SAN MIGUEL,HIDRAULICA,DESPACHADO CENTRALMENTE,FILO DE AGUA,AGUA,2015-12-23,OPERACION,50000.0
589,SNC1,SAN CANCIO,HIDRAULICA,NO DESPACHADO CENTRALMENTE,NORMAL,AGUA,1929-01-01,OPERACION,2000.0
590,SNCR,SAN CARLOS,HIDRAULICA,DESPACHADO CENTRALMENTE,NORMAL,AGUA,1984-01-20,OPERACION,1240000.0
591,SNFR,SAN FRANCISCO,HIDRAULICA,DESPACHADO CENTRALMENTE,FILO DE AGUA,AGUA,1969-01-01,OPERACION,135000.0
592,SNS1,SONSON,HIDRAULICA,NO DESPACHADO CENTRALMENTE,NORMAL,AGUA,2002-06-01,OPERACION,18500.0
593,SNT1,SANTA ANA,HIDRAULICA,NO DESPACHADO CENTRALMENTE,NORMAL,AGUA,2005-06-09,OPERACION,8000.0
594,SOG1,SOGAMOSO,HIDRAULICA,DESPACHADO CENTRALMENTE,NORMAL,AGUA,2014-12-20,OPERACION,819000.0
595,SPY1,RIO SAPUYES,HIDRAULICA,NO DESPACHADO CENTRALMENTE,NORMAL,AGUA,1954-01-01,OPERACION,1650.0
596,SRA1,SANTA RITA,HIDRAULICA,NO DESPACHADO CENTRALMENTE,NORMAL,AGUA,2010-08-18,OPERACION,1300.0
597,STG1,SANTIAGO,HIDRAULICA,NO DESPACHADO CENTRALMENTE,NORMAL,AGUA,2011-01-08,OPERACION,2800.0
598,SUV1,SUEVA 2,HIDRAULICA,NO DESPACHADO CENTRALMENTE,NORMAL,AGUA,2002-05-24,OPERACION,6000.0
599,TBQ3,BARRANQUILLA 3,TERMICA,DESPACHADO CENTRALMENTE,NORMAL,GAS,1980-01-01,OPERACION,60000.0
600,TBQ4,BARRANQUILLA 4,TERMICA,DESPACHADO CENTRALMENTE,NORMAL,GAS,1980-01-01,OPERACION,60000.0
601,TBST,TEBSAB CC,TERMICA,DESPACHADO CENTRALMENTE,CICLO COMBINADO,GAS,1989-10-21,OPERACION,791000.0
602,TCBE,TERMOCARIBE III 1,TERMICA,DESPACHADO CENTRALMENTE,NORMAL,GLP,2024-03-21,OPERACION,52000.0
603,TCDT,TERMOCANDELARIA CC,TERMICA,DESPACHADO CENTRALMENTE,CICLO COMBINADO,GAS,2023-10-27,OPERACION,555000.0
604,TDR1,TERMODORADA 1,TERMICA,DESPACHADO CENTRALMENTE,NORMAL,JET-A1,1997-08-11,OPERACION,50000.0
605,TEC1,TERMOEMCALI CC,TERMICA,DESPACHADO CENTRALMENTE,CICLO COMBINADO,ACPM,1999-07-16,OPERACION,229000.0
606,TFL1,FLORES I CC,TERMICA,DESPACHADO CENTRALMENTE,CICLO COMBINADO,GAS,1993-11-01,OPERACION,160000.0
607,TFL4,FLORES 4 CC,TERMICA,DESPACHADO CENTRALMENTE,CICLO COMBINADO,GAS,2010-12-01,OPERACION,445000.0
608,TGJ1,GUAJIRA 1,TERMICA,DESPACHADO CENTRALMENTE,NORMAL,CARBON,1983-08-08,OPERACION,145000.0
609,TGJ2,GUAJIRA 2,TERMICA,DESPACHADO CENTRALMENTE,NORMAL,CARBON,1987-11-23,OPERACION,130000.0
610,TMB1,TERMOBOLIVAR 1,TERMICA,NO DESPACHADO CENTRALMENTE,NORMAL,GAS,2016-03-04,OPERACION,9700.0
611,TMS1,RIOFRIO (TAMESIS),HIDRAULICA,NO DESPACHADO CENTRALMENTE,GEN. DISTRIBUIDA,AGUA,1951-01-01,OPERACION,1000.0
612,TPD1,TERMOPIEDRAS,TERMICA,NO DESPACHADO CENTRALMENTE,NORMAL,GAS,1999-12-30,OPERACION,3750.0
613,TR2G,TRINA-VATIA BSLII,SOLAR,NO DESPACHADO CENTRALMENTE,NORMAL,RAD SOLAR,2021-01-22,OPERACION,19900.0
614,TR3G,TRINA-VATIA BSLIII,SOLAR,NO DESPACHADO CENTRALMENTE,NORMAL,RAD SOLAR,2020-11-30,OPERACION,19900.0
615,TRM1,TERMOCENTRO CC,TERMICA,DESPACHADO CENTRALMENTE,CICLO COMBINADO,GAS,2000-11-30,OPERACION,272000.0
616,TRN1,TERMONORTE,TERMICA,DESPACHADO CENTRALMENTE,NORMAL,COMBUSTOLEO,2018-12-01,OPERACION,88000.0
617,TSJ1,TASAJERO 1,TERMICA,DESPACHADO CENTRALMENTE,NORMAL,CARBON,1985-02-20,OPERACION,165000.0
618,TSJ2,TASAJERO 2,TERMICA,DESPACHADO CENTRALMENTE,NORMAL,CARBON,2015-11-30,OPERACION,170000.0
619,TSR1,TERMOSIERRA CC,TERMICA,DESPACHADO CENTRALMENTE,CICLO COMBINADO,ACPM,1998-02-07,OPERACION,433000.0
620,TUJ1,TUNJITA,HIDRAULICA,NO DESPACHADO CENTRALMENTE,NORMAL,AGUA,2016-06-30,OPERACION,19700.0
621,TVL1,TERMOVALLE CC,TERMICA,DESPACHADO CENTRALMENTE,CICLO COMBINADO,ACPM,2011-12-17,OPERACION,241000.0
622,TYP1,TERMOYOPAL 1,TERMICA,DESPACHADO CENTRALMENTE,NORMAL,GAS,2005-03-11,OPERACION,8000.0
623,TYP2,TERMOYOPAL 2,TERMICA,DESPACHADO CENTRALMENTE,NORMAL,GAS,2004-07-29,OPERACION,28000.0
624,TYP3,TERMOYOPAL G3,TERMICA,DESPACHADO CENTRALMENTE,NORMAL,GAS,2020-08-31,OPERACION,50000.0
625,TYP4,TERMOYOPAL G4,TERMICA,DESPACHADO CENTRALMENTE,NORMAL,GAS,2020-08-31,OPERACION,50000.0
626,TYP5,TERMOYOPAL G5,TERMICA,DESPACHADO CENTRALMENTE,NORMAL,GAS,2021-02-11,OPERACION,50000.0
627,UNN1,UNION,HIDRAULICA,NO DESPACHADO CENTRALMENTE,GEN. DISTRIBUIDA,AGUA,1935-01-01,OPERACION,700.0
628,URA1,URRA,HIDRAULICA,DESPACHADO CENTRALMENTE,NORMAL,AGUA,2000-02-14,OPERACION,338000.0
629,USQ1,USAQUEN,HIDRAULICA,NO DESPACHADO CENTRALMENTE,NORMAL,AGUA,2013-04-15,OPERACION,1800.0
630,VLT1,LA VUELTA,HIDRAULICA,NO DESPACHADO CENTRALMENTE,NORMAL,AGUA,2004-11-22,OPERACION,11600.0
631,VNTA,VENTANA A,HIDRAULICA,NO DESPACHADO CENTRALMENTE,NORMAL,AGUA,1957-11-01,OPERACION,2500.0
632,VNTB,VENTANA B,HIDRAULICA,NO DESPACHADO CENTRALMENTE,NORMAL,AGUA,1957-11-01,OPERACION,2500.0
633,ZPA2,ZIPAEMG 2,TERMICA,DESPACHADO CENTRALMENTE,NORMAL,CARBON,1964-01-01,OPERACION,36000.0
634,ZPA3,ZIPAEMG 3,TERMICA,DESPACHADO CENTRALMENTE,NORMAL,CARBON,1976-01-01,OPERACION,63000.0
635,ZPA4,ZIPAEMG 4,TERMICA,DESPACHADO CENTRALMENTE,NORMAL,CARBON,1981-04-01,OPERACION,64000.0
636,ZPA5,ZIPAEMG 5,TERMICA,DESPACHADO CENTRALMENTE,NORMAL,CARBON,1985-12-14,OPERACION,63000.0
