GEN_BLD_YRS_1,GEN_BLD_YRS_2,BuildGen
PAIPA 1,1963,36.0
ZIPAEMG2,1964,36.0
PAIPA 2,1975,72.0
ZIPAEMG3,1976,63.0
BARRANQUILL3,1980,60.0
BARRANQUILL4,1980,60.0
CARTAGENA2,1980,60.0
CARTAGENA3,1980,66.0
H_SanJosMoII,1980,1.1
RIOGRANDE 1,1980,19.0
T_AutArCairo,1980,6.5
T_TermYopal1,1980,8.0
ZIPAEMG4,1981,64.0
PAIPA 3,1982,70.0
GUAJIRA1,1983,145.0
H_Ayura,1983,16.7
TASAJERO 1,1985,165.0
ZIPAEMG5,1985,63.0
GUAJIRA2,1987,130.0
SAN CARLOS,1987,1240.0
FLORES 1,1993,160.0
PROELECTRIC1,1993,45.0
PROELECTRIC2,1993,45.0
LA TASAJERA,1994,306.0
CARTAGENA1,1995,52.0
TERMODORADA1,1997,50.0
MERILECTRICA,1998,164.0
TEBSAB,1998,791.0
TERMOSIERRA,1998,433.0
PAIPA 4,1999,165.0
TERMOEMCALI,1999,229.0
CANDELARIA,2000,555.0
TERMOCENTRO,2000,272.0
PORCE II,2001,405.0
MIEL I,2002,396.0
PORCE III,2002,700.0
H_ElLimonar,2003,18.0
H_LAGUNETA,2014,18.0
TERMO YOPAL2,2004,28.0
FLORES4,2010,445.0
TERMOVALLE,2011,241.0
DARIO VALENC,2014,150.0
SALTO II,2014,35.0
EL QUIMBO,2015,400.0
TASAJERO 2,2015,170.0
TC_GECELCA3,2015,164.0
TC_GECELCA32,2018,270.0
TERMONORTE,2018,88.0
TERMOYOPALG3,2020,50.0
TERMOYOPALG4,2020,50.0
TERMOYOPALG5,2021,50.0
ELTESORITO,2022,200.0
H_RioCali,1925,1.8
H_SanCancio,1929,2.0
H_PaticoCab,1930,1.48
H_Asnazu,1934,0.45
H_Caracoli,2023,3.75
H_ElBosque,1935,2.28
H_Municipal,1935,1.4
H_Union,1935,0.7
H_Belmonte,1939,3.4
H_Ovejas,1939,0.82
H_Nima,1942,6.7
H_Bayona,1943,0.6
H_Cascada,1954,3.0
H_CascadaAbe,2007,3.0
H_LasPalmas,1954,2.8
H_RioFrioI,1954,1.67
H_RioSapuye,1954,1.65
H_IquiraI,1955,4.32
H_CampestreC,1956,0.7
H_VentanaA,1957,2.5
H_VentanaB,1957,2.5
H_Mondomo,1958,0.75
H_Rio_Recio,1958,0.984
H_RioBobo,1960,4.0
H_RioPalo,1960,1.44
ESMERALDA,1963,30.0
H_IquiraII,1965,1.38
H_LaPita,1965,1.42
CALIMA,1967,132.0
SANFRANCISCO,1969,135.0
PRADO,1973,51.0
H_Florida,1975,19.9
CHIVOR,1977,1000.0
GUATAPE,1980,560.0
H_AuresBajo,1980,19.4
H_Barrancas,1980,4.7
H_Cantayus,1980,4.32
H_Cauya,1980,1.51
H_Chorrera,1980,15.0
H_PalmasSanGil,1954,15.0
H_Cocuyo,1980,0.7
H_Coello,1980,1.2
H_ElEden,1980,19.9
H_ElMolino,1980,19.9
H_Frisolera,1980,0.47
H_Guaviomeno,1980,9.9
H_JuanGarcia,1980,4.52
H_LaRebusca,1980,0.7
H_Libertad,1980,1.2
H_LuzMaI,1980,19.6
H_LuzMaII,1980,19.6
H_Magallo,1980,5.7
H_MorroAzul,1980,19.9
H_Naveta,1980,4.8
H_Oibita,2023,19.9
H_Pocune,1980,1.0
H_Porce3Meno,1980,1.8
H_ProvidencI,1980,4.9
H_RioFrioTam,1980,1.0
H_RioMulato2,1980,7.34
H_RioNegro,1980,10.2
H_SanAndres2,1980,19.9
H_SanMatias,1980,19.9
H_SBartolome,2023,19.9
H_TuluaBajo,1980,19.9
H_Tunjita,1980,19.7
H_Violetas,1980,0.95
H_Zeus,1980,9.9
INSULA,1980,19.0
PRADO4,1980,5.0
TEQUEND1-4,1980,56.8
BETANIA,1987,540.0
JAGUAS,1988,170.0
PLAYAS,1988,207.0
H_Guacaica,1992,0.86
GUAVIO,1993,1250.0
H_Niquia,1993,19.0
H_Nuevoliba,1994,5.1
H_Silvia,1994,0.38
H_RioMayo,1995,19.8
H_Sajandi,1995,3.2
SALVAJINA,1995,315.0
CALDERAS,1996,19.9
H_RioFrioII,1996,10.0
H_America,1997,0.41
H_Pajarito,1999,13.2
H_Rumor,1999,2.5
H_Coconuco,2000,4.5
H_RioPiedras,2000,19.9
URRA,2000,338.0
H_Puente_Gui,2001,4.2
H_Sueva2,2002,6.0
CHARQUITO,2003,19.4
H_SanJose,2003,0.38
H_AutCemNare,2004,9.0
H_Herradura,2004,19.8
H_La_Vuelta,2004,11.6
H_Mirolindo,2004,3.75
H_Pastales,2004,0.7
H_SantaAna,2005,8.0
H_AguaFresca,2007,7.29
H_Amalfi,2007,0.81
H_CascadaAnt,2007,2.3
H_CascadaGra,2023,2.09
H_Bello,1997,0.35
H_Remedios,2007,0.75
H_RioGrande,2007,0.31
H_Urrao,2007,1.03
H_Inza,2009,0.75
H_Amaime,2010,19.17
H_Caruquia,2010,9.5
H_Currucucue,2010,1.25
H_Guanaquita,2010,9.5
H_SantaRita,2010,1.3
H_Santiago,2010,2.8
H_Barroso,2012,19.9
H_Montanitas,2012,19.9
H_SFrancisPu,2012,0.468
H_TuluaAlto,2012,19.9
AMOYA,2013,80.0
H_Suba,2013,2.6
H_Usaquen,2013,1.8
H_AutGold,2022,1.0
H_ElPopal,2014,19.9
SOGAMOSO,2014,819.0
C_LLERAS_R,2015,78.0
CUCUANA,2015,56.0
SNMIGUEL,2015,50.0
H_Alejandria,2016,15.0
S_SolBolivar,2018,8.06
S_Yumbo,2017,9.8
ESCUELAMINAS,2019,55.0
S_Cabelleros,2021,11.5
S_Montelibano,2022,9.9
S_Lanceros,2023,9.1
S_SanFelipe,2023,9.1
S_Cienaguero,2023,9.0
S_Yuma,2023,9.1
S_Tucanes,2022,9.9
S_Paila,2021,9.9
S_Aurora,2022,9.9
S_Cerrito,2021,11.5
S_Medin,2021,11.5
S_Sierpe,2021,19.9
S_Victoria_I,2023,21.9
S_Victoria_II,2023,21.9
S_Flandes,2023,21.9
S_BSLI,2020,19.9
S_BSLII,2021,19.9
S_BSLIII,2020,19.9
S_TierraLind,2023,9.9
S_Tolua,2023,19.9
ITUANGO,2022,1200.0
H_PAGUA,1986,600.0
H_GUATRON,1966,512.0
H_ALBAN,2000,427.0
S_Dulima,2023,21.9
S_Cauca,2022,0.3
S_Ferch2,2022,0.01
S_Salado,2023,0.1
S_AutJeans,2023,1.39
S_AutPintuco,2023,1.41
S_Palmira3,2023,7.4
S_Belmonte,2021,5.06
S_Termotasajero,2022,4.0
S_Espinal,2020,9.9
S_Girasoles,2023,9.5
S_PortonSol,2023,102.0
S_Since,2022,18.5
S_HeliosI,2022,16.0
E_Jepirachi,2004,18.42
E_Wesp01,2022,12.0
E_GuajiraI,2023,20.0
S_Fundacion,2023,100.0
S_PetaCesaII,2023,9.9
S_BayuncaI,2020,3.0
S_Palmira3_Franca,2023,2.9
S_SalvadorI,2023,0.01
S_SalvadorII,2023,0.0
S_AutSolla,2023,6.4
S_AutEncanto,2023,0.99
S_Uruaco,2023,1.0
S_Harinas,2022,2.45
S_AutLevapan,2022,4.99
S_AutGragas,2023,4.0
S_Carmelo,2020,9.9
E_ParqueAlph,2029,212.0
E_ParqueBeta,2029,280.0
E_Camelia,2028,250.0
E_Windpeshi,2028,200.0
S_BSLlanos4,2021,19.9
S_BSLlanos5,2021,17.9
S_CaracoliI,2024,50.0
S_LaLoma,2024,150.0
S_ParqueUrra,2024,19.9
S_Tepuy,2024,83.0
S_El_Paso,2023,68.0
S_LaMata,2024,80.0
S_Escobal6,2026,99.0
S_Union,2024,100.0
S_Nabusimake,2024,100.0
S_Guayepo,2024,370.0
S_Sunnorte,2024,35.0
E_CasaElec,2027,180.0
E_Apoto,2027,75.0
TermoCaribe3,2024,52.0
DST_Surocciden,2024,27.8566230966177
DST_Surocciden,2025,33.3068319633473
DST_Surocciden,2026,36.031936396712
DST_Surocciden,2027,38.7570408300768
DST_Surocciden,2028,38.7570408300768
DST_Surocciden,2029,37.2430939226519
DST_Surocciden,2030,33.0040425818623
DST_Surocciden,2031,33.0040425818623
DST_Surocciden,2032,27.5538337151327
DST_Surocciden,2033,23.920361137313
DST_Surocciden,2034,24.223150518798
DST_Surocciden,2035,20.5896779409783
DST_Surocciden,2036,15.4422584557337
DST_Surocciden,2037,20.8924673224633
DST_Caribe,2024,25.8854601805687
DST_Caribe,2025,30.9500067376364
DST_Caribe,2026,33.4822800161703
DST_Caribe,2027,36.0145532947042
DST_Caribe,2028,36.0145532947042
DST_Caribe,2029,34.6077348066298
DST_Caribe,2030,30.6686430400216
DST_Caribe,2031,30.6686430400216
DST_Caribe,2032,25.6040964829538
DST_Caribe,2033,22.2277321115753
DST_Caribe,2034,22.5090958091901
DST_Caribe,2035,19.1327314378116
DST_Caribe,2036,14.3495485783587
DST_Caribe,2037,19.4140951354265
DST_Oriental,2024,15.2858105376634
DST_Oriental,2025,18.2765125993801
DST_Oriental,2026,19.7718636302385
DST_Oriental,2027,21.2672146610969
DST_Oriental,2028,21.2672146610969
DST_Oriental,2029,20.4364640883978
DST_Oriental,2030,18.1103624848403
DST_Oriental,2031,18.1103624848403
DST_Oriental,2032,15.1196604231236
DST_Oriental,2033,13.1258590486457
DST_Oriental,2034,13.2920091631856
DST_Oriental,2035,11.2982077887077
DST_Oriental,2036,8.47365584153079
DST_Oriental,2037,11.4643579032475
DST_Antioquia,2024,13.3890311278803
DST_Antioquia,2025,16.0086241746395
DST_Antioquia,2026,17.3184206980191
DST_Antioquia,2027,18.6282172213987
DST_Antioquia,2028,18.6282172213987
DST_Antioquia,2029,17.9005524861878
DST_Antioquia,2030,15.8630912275974
DST_Antioquia,2031,15.8630912275974
DST_Antioquia,2032,13.2434981808382
DST_Antioquia,2033,11.497102816332
DST_Antioquia,2034,11.6426357633742
DST_Antioquia,2035,9.89624039886808
DST_Antioquia,2036,7.42218029915106
DST_Antioquia,2037,10.0417733459103
DST_Nordeste,2024,9.58307505726991
DST_Nordeste,2025,11.4580245249966
DST_Nordeste,2026,12.39549925886
DST_Nordeste,2027,13.3329739927234
DST_Nordeste,2028,13.3329739927234
DST_Nordeste,2029,12.8121546961326
DST_Nordeste,2030,11.3538606656785
DST_Nordeste,2031,11.3538606656785
DST_Nordeste,2032,9.47891119795176
DST_Nordeste,2033,8.22894488613395
DST_Nordeste,2034,8.3331087454521
DST_Nordeste,2035,7.08314243363428
DST_Nordeste,2036,5.31235682522571
DST_Nordeste,2037,7.18730629295243
ITUANGO2,2026,1200.0
H_Antioquia,2024,1.1016545563563913e-06
H_Antioquia,2025,1.1853166437580885e-08
H_Antioquia,2026,7.348509726565228e-09
H_Antioquia,2027,3.479635581415084e-08
H_Antioquia,2028,2.908894957075451e-07
H_Antioquia,2029,4.3719749749099556e-07
H_Antioquia,2030,4.672973363170138e-07
H_Antioquia,2031,4.168283706206378e-07
H_Antioquia,2032,4.1984530840926326e-07
H_Antioquia,2033,4.196411201167859e-07
H_Antioquia,2034,4.2750323761251957e-07
H_Antioquia,2035,4.170310973830264e-07
T_Surocciden,2024,153.20000059025253
T_Surocciden,2025,3.812613856831703e-09
T_Surocciden,2026,2.1197411211177886e-09
T_Surocciden,2027,2.4689442785711414e-09
T_Surocciden,2028,2.8106572688877175e-09
T_Surocciden,2029,3.3355621335945015e-09
T_Surocciden,2030,4.577937499331435e-09
T_Surocciden,2031,5.352245502476706e-09
T_Surocciden,2032,4.3014332634799155e-09
T_Surocciden,2033,3.226650264251658e-09
T_Surocciden,2034,3.5488455520793584e-09
T_Surocciden,2035,5.1633511248861e-09
T_Caribe,2024,153.2000005924692
T_Caribe,2025,4.219774962250403e-07
T_Caribe,2026,4.352538089025684e-09
T_Caribe,2027,2.355635140854062e-09
T_Caribe,2028,2.077228723592754e-09
T_Caribe,2029,2.013509486075999e-09
T_Caribe,2030,2.1920969233839415e-09
T_Caribe,2031,2.2443596030095637e-09
T_Caribe,2032,2.3185669406211152e-09
T_Caribe,2033,2.422169334203297e-09
T_Caribe,2034,2.7127322838816197e-09
T_Caribe,2035,3.5283577772150082e-09
T_Oriental,2024,153.2000005924164
T_Oriental,2025,3.7879646960980875e-07
T_Oriental,2026,3.9133528725658445e-09
T_Oriental,2027,5.1886928226722785e-09
T_Oriental,2028,6.797168084604017e-09
T_Oriental,2029,1.1523832473471217e-08
T_Oriental,2030,4.6793044784556977e-08
T_Oriental,2031,2.50209637157006e-06
T_Oriental,2032,4.2119031390812716e-07
T_Oriental,2033,9.390175415019586e-09
T_Oriental,2034,1.0854499372751841e-08
T_Oriental,2035,3.048630358199191e-08
T_Antioquia,2024,3.880159936803539e-06
T_Antioquia,2025,3.22101446119274e-09
T_Antioquia,2026,2.1688638968183167e-09
T_Antioquia,2027,2.7332969010820113e-09
T_Antioquia,2028,3.4947892364983133e-09
T_Antioquia,2029,4.747494916056256e-09
T_Antioquia,2030,7.838835389860842e-09
T_Antioquia,2031,1.1585787599282024e-08
T_Antioquia,2032,2.0021102495233645e-08
T_Antioquia,2033,4.0911177661177866e-08
T_Antioquia,2034,1.5624160271397343e-07
T_Antioquia,2035,4.4293165127551204e-07
T_Nordeste,2024,5.6019509414394e-06
T_Nordeste,2025,2.7037831140790827e-09
T_Nordeste,2026,1.809042433016335e-09
T_Nordeste,2027,2.00229870229551e-09
T_Nordeste,2028,2.1817877043597107e-09
T_Nordeste,2029,2.3915708363041747e-09
T_Nordeste,2030,2.8345426981357368e-09
T_Nordeste,2031,3.043660325960239e-09
T_Nordeste,2032,3.328483831572313e-09
T_Nordeste,2033,3.6858405388941734e-09
T_Nordeste,2034,4.369402279926961e-09
T_Nordeste,2035,7.142114942249109e-09
PV_Surocciden,2024,1.1195667839881318e-09
PV_Surocciden,2025,2.883439662645328e-09
PV_Surocciden,2026,1.1148630579198681e-07
PV_Surocciden,2027,4.267823271303564e-07
PV_Surocciden,2028,4.2741533103312466e-07
PV_Surocciden,2029,4.2961518614414755e-07
PV_Surocciden,2030,4.401807272892359e-07
PV_Surocciden,2031,4.809957036051589e-07
PV_Surocciden,2032,5.932910930227699e-07
PV_Surocciden,2033,3.472117929471867e-07
PV_Surocciden,2034,6.098580658899981e-07
PV_Surocciden,2035,1.356855222901055e-06
PV_Caribe,2024,1.0577736900385645e-09
PV_Caribe,2025,2.6543187654935367e-09
PV_Caribe,2026,3.423103352958217e-07
PV_Caribe,2027,4.228120498534071e-07
PV_Caribe,2028,4.2322106988769033e-07
PV_Caribe,2029,4.2376575302427283e-07
PV_Caribe,2030,4.2579705665707694e-07
PV_Caribe,2031,4.2798589080802293e-07
PV_Caribe,2032,4.3892970745213737e-07
PV_Caribe,2033,4.641825513397424e-07
PV_Caribe,2034,5.458930780020172e-07
PV_Caribe,2035,6.073076080926051e-07
PV_Oriental,2024,9.862191483963748e-10
PV_Oriental,2025,2.5190994330770472e-09
PV_Oriental,2026,1.7344144781497556e-07
PV_Oriental,2027,4.232249147905589e-07
PV_Oriental,2028,4.233268631000482e-07
PV_Oriental,2029,4.2387201179723454e-07
PV_Oriental,2030,4.2141068992812494e-07
PV_Oriental,2031,4.78625644729576e-07
PV_Oriental,2032,1.1404587516051715e-06
PV_Oriental,2033,2.6294194973800523e-08
PV_Oriental,2034,4.673546635101562e-07
PV_Oriental,2035,588.5311238599118
PV_Antioquia,2024,1.222972881752944e-09
PV_Antioquia,2025,3.266289060430779e-09
PV_Antioquia,2026,1.2340980457146382e-07
PV_Antioquia,2027,4.230429887102664e-07
PV_Antioquia,2028,4.2316569167507714e-07
PV_Antioquia,2029,4.2340868643540755e-07
PV_Antioquia,2030,4.2462752668325906e-07
PV_Antioquia,2031,4.288940034673076e-07
PV_Antioquia,2032,4.411381484680824e-07
PV_Antioquia,2033,4.600808811810849e-07
PV_Antioquia,2034,5.068121459577657e-07
PV_Antioquia,2035,5.440798959922465e-07
PV_Nordeste,2024,1.11914914303148e-09
PV_Nordeste,2025,2.914609291386323e-09
PV_Nordeste,2026,2.9003030324484705e-07
PV_Nordeste,2027,4.2302303985339025e-07
PV_Nordeste,2028,4.2339839481102636e-07
PV_Nordeste,2029,4.2387747446155874e-07
PV_Nordeste,2030,4.231162626284084e-07
PV_Nordeste,2031,4.3432654772798196e-07
PV_Nordeste,2032,4.6157111831168653e-07
PV_Nordeste,2033,5.268813856057745e-07
PV_Nordeste,2034,6.450232882151527e-07
PV_Nordeste,2035,2.196842085472835e-06
E_Caribe,2027,391.37754777721744
E_Caribe,2028,6.179060661515951e-09
E_Caribe,2029,7.116976393989682e-09
E_Caribe,2030,134.49939074632766
E_Caribe,2031,547.4955900890785
E_Caribe,2032,413.1585662860013
E_Caribe,2033,465.3097471842417
E_Caribe,2034,45.38838157049025
E_Caribe,2035,353.2606750036916
GEO_Surocciden,2024,1.6457774763141583e-09
GEO_Surocciden,2025,1.4496818059411457e-07
GEO_Surocciden,2026,3.591380565738223e-07
GEO_Surocciden,2027,4.4308876499335386e-07
GEO_Surocciden,2028,4.45200219158856e-07
GEO_Surocciden,2029,4.5238172549629655e-07
GEO_Surocciden,2030,4.951544971911194e-07
GEO_Surocciden,2031,9.324792606139623e-07
GEO_Surocciden,2032,31.911476877252458
GEO_Surocciden,2033,2.7090441557009056e-08
GEO_Surocciden,2034,23.938284956975004
GEO_Surocciden,2035,94.15024010606247
Bio_Surocciden,2024,1.6544811601763943e-09
Bio_Surocciden,2025,1.4502815388095963e-07
Bio_Surocciden,2026,3.5906429145882683e-07
Bio_Surocciden,2027,4.4308651131857547e-07
Bio_Surocciden,2028,4.451764011757756e-07
Bio_Surocciden,2029,4.5231873218983096e-07
Bio_Surocciden,2030,4.950465712731614e-07
Bio_Surocciden,2031,9.322455054784441e-07
Bio_Surocciden,2032,31.857928076778958
Bio_Surocciden,2033,1.8916929334129875e-08
Bio_Surocciden,2034,66.95311327620986
Bio_Surocciden,2035,1.1889606783080324
