GENERATION_PROJECT,PERIOD,gen_tech,gen_load_zone,gen_energy_source,GenCapacity,SuspendGen_total,GenStorageCapacity,GenCapitalRecovery,GenFixedOMCosts
AMOYA,2023,RunOfRiver,Surocciden,Water,80,0,.,8.9784e+06,3.5024e+06
AMOYA,2026,RunOfRiver,Surocciden,Water,80,0,.,8.9784e+06,3.5024e+06
BARRANQUILL3,2023,Thermal,Caribe,GASIMPOR,60,0,.,6.7716e+06,8.5932e+06
BARRANQUILL3,2026,Thermal,Caribe,GASIMPOR,60,0,.,6.7716e+06,8.5932e+06
BARRANQUILL4,2023,Thermal,Caribe,GASIMPOR,60,0,.,6.7824e+06,8.5932e+06
BARRANQUILL4,2026,Thermal,Caribe,GASIMPOR,60,0,.,6.7824e+06,8.5932e+06
BETANIA,2023,Hidro,Surocciden,Water,540,0,.,6.11874e+07,2.36412e+07
BETANIA,2026,Hidro,Surocciden,Water,540,0,.,6.11874e+07,2.36412e+07
C_LLERAS_R,2023,RunOfRiver,Antioquia,Water,78,0,.,8.85924e+06,3.41484e+06
C_LLERAS_R,2026,RunOfRiver,Antioquia,Water,78,0,.,8.85924e+06,3.41484e+06
CALDERAS,2023,Hidro,Antioquia,Water,19.9,0,.,2.26203e+06,871222
CALDERAS,2026,Hidro,Antioquia,Water,19.9,0,.,2.26203e+06,871222
CALIMA,2023,Hidro,Surocciden,Water,132,0,.,1.50163e+07,5.77896e+06
CALIMA,2026,Hidro,Surocciden,Water,132,0,.,1.50163e+07,5.77896e+06
CANDELARIA,2023,Thermal,Caribe,GASIMPOR,555,0,.,6.32867e+07,7.94871e+07
CANDELARIA,2026,Thermal,Caribe,GASIMPOR,555,0,.,6.32867e+07,7.94871e+07
CARTAGENA1,2023,Thermal,Caribe,COMBUSTOLEO,52,0,.,5.94828e+06,7.44744e+06
CARTAGENA1,2026,Thermal,Caribe,COMBUSTOLEO,52,0,.,5.94828e+06,7.44744e+06
CARTAGENA2,2023,Thermal,Caribe,COMBUSTOLEO,60,0,.,6.8742e+06,8.5932e+06
CARTAGENA2,2026,Thermal,Caribe,COMBUSTOLEO,60,0,.,6.8742e+06,8.5932e+06
CARTAGENA3,2023,Thermal,Caribe,COMBUSTOLEO,66,0,.,7.5735e+06,9.45252e+06
CARTAGENA3,2026,Thermal,Caribe,COMBUSTOLEO,66,0,.,7.5735e+06,9.45252e+06
CHARQUITO,2023,Hidro,Oriental,Water,19.4,0,.,5.38292e+06,849332
CHARQUITO,2026,Hidro,Oriental,Water,19.4,0,.,5.38292e+06,849332
CHIVOR,2023,Hidro,Oriental,Water,1000,0,.,1.1529e+08,4.378e+07
CHIVOR,2026,Hidro,Oriental,Water,1000,0,.,1.1529e+08,4.378e+07
CUCUANA,2023,RunOfRiver,Surocciden,Water,56,0,.,6.51168e+06,2.45168e+06
CUCUANA,2026,RunOfRiver,Surocciden,Water,56,0,.,6.51168e+06,2.45168e+06
DARIO VALENC,2023,RunOfRiver,Oriental,Water,150,0,.,1.74555e+07,6.567e+06
DARIO VALENC,2026,RunOfRiver,Oriental,Water,150,0,.,1.74555e+07,6.567e+06
EL QUIMBO,2023,Hidro,Surocciden,Water,400,0,.,4.6728e+07,1.7512e+07
EL QUIMBO,2026,Hidro,Surocciden,Water,400,0,.,4.6728e+07,1.7512e+07
ELTESORITO,2023,Thermal,Caribe,GASNACIO,200,0,.,5.5368e+07,2.8644e+07
ELTESORITO,2026,Thermal,Caribe,GASNACIO,200,0,.,5.5368e+07,2.8644e+07
ESCUELAMINAS,2023,RunOfRiver,Antioquia,Water,55,0,.,1.52609e+07,2.4079e+06
ESCUELAMINAS,2026,RunOfRiver,Antioquia,Water,55,0,.,1.52609e+07,2.4079e+06
ESMERALDA,2023,RunOfRiver,Surocciden,Water,30,0,.,3.5208e+06,1.3134e+06
ESMERALDA,2026,RunOfRiver,Surocciden,Water,30,0,.,3.5208e+06,1.3134e+06
FLORES 1,2023,Thermal,Caribe,GASIMPOR,160,0,.,1.88208e+07,2.29152e+07
FLORES 1,2026,Thermal,Caribe,GASIMPOR,160,0,.,1.88208e+07,2.29152e+07
FLORES4,2023,Thermal,Caribe,GASNACIO,445,0,.,1.23194e+08,6.37329e+07
FLORES4,2026,Thermal,Caribe,GASNACIO,445,0,.,1.23194e+08,6.37329e+07
GUAJIRA1,2023,Thermal,Caribe,CARBON,145,0,.,1.71086e+07,2.07669e+07
GUAJIRA1,2026,Thermal,Caribe,CARBON,145,0,.,1.71086e+07,2.07669e+07
GUAJIRA2,2023,Thermal,Caribe,CARBON,130,0,.,1.53621e+07,1.86186e+07
GUAJIRA2,2026,Thermal,Caribe,CARBON,130,0,.,1.53621e+07,1.86186e+07
GUATAPE,2023,Hidro,Antioquia,Water,560,0,.,6.63768e+07,2.45168e+07
GUATAPE,2026,Hidro,Antioquia,Water,560,0,.,6.63768e+07,2.45168e+07
GUAVIO,2023,Hidro,Oriental,Water,1250,0,.,1.48275e+08,5.4725e+07
GUAVIO,2026,Hidro,Oriental,Water,1250,0,.,1.48275e+08,5.4725e+07
H_AguaFresca,2023,Hidro,Antioquia,Water,7.29,0,.,815532,319156
H_AguaFresca,2026,Hidro,Antioquia,Water,7.29,0,.,815532,319156
H_Alejandria,2023,Hidro,Antioquia,Water,15,0,.,1.6794e+06,656700
H_Alejandria,2026,Hidro,Antioquia,Water,15,0,.,1.6794e+06,656700
H_Amaime,2023,Hidro,Surocciden,Water,19.17,0,.,2.14972e+06,839263
H_Amaime,2026,Hidro,Surocciden,Water,19.17,0,.,2.14972e+06,839263
H_Amalfi,2023,Hidro,Antioquia,Water,0.81,0,.,224751,35461.8
H_Amalfi,2026,Hidro,Antioquia,Water,0.81,0,.,224751,35461.8
H_America,2023,Hidro,Antioquia,Water,0.41,0,.,113763,17949.8
H_America,2026,Hidro,Antioquia,Water,0.41,0,.,113763,17949.8
H_Asnazu,2023,Hidro,Surocciden,Water,0.45,0,.,124862,19701
H_Asnazu,2026,Hidro,Surocciden,Water,0.45,0,.,124862,19701
H_AuresBajo,2023,Hidro,Antioquia,Water,19.4,0,.,5.38292e+06,849332
H_AuresBajo,2026,Hidro,Antioquia,Water,19.4,0,.,5.38292e+06,849332
H_AutCemNare,2023,Hidro,Antioquia,Water,9,0,.,2.49723e+06,394020
H_AutCemNare,2026,Hidro,Antioquia,Water,9,0,.,2.49723e+06,394020
H_Ayura,2023,Hidro,Antioquia,Water,16.7,0,.,4.63375e+06,731126
H_Ayura,2026,Hidro,Antioquia,Water,16.7,0,.,4.63375e+06,731126
H_Barrancas,2023,Hidro,Antioquia,Water,4.7,0,.,1.30411e+06,205766
H_Barrancas,2026,Hidro,Antioquia,Water,4.7,0,.,1.30411e+06,205766
H_Barroso,2023,Hidro,Antioquia,Water,19.9,0,.,2.25308e+06,871222
H_Barroso,2026,Hidro,Antioquia,Water,19.9,0,.,2.25308e+06,871222
H_Bayona,2023,Hidro,Surocciden,Water,0.6,0,.,166482,26268
H_Bayona,2026,Hidro,Surocciden,Water,0.6,0,.,166482,26268
H_Belmonte,2023,Hidro,Surocciden,Water,3.4,0,.,943398,148852
H_Belmonte,2026,Hidro,Surocciden,Water,3.4,0,.,943398,148852
H_CampestreC,2023,Hidro,Surocciden,Water,0.7,0,.,194229,30646
H_CampestreC,2026,Hidro,Surocciden,Water,0.7,0,.,194229,30646
H_Cantayus,2023,Hidro,Antioquia,Water,4.32,0,.,1.19867e+06,189130
H_Cantayus,2026,Hidro,Antioquia,Water,4.32,0,.,1.19867e+06,189130
H_Caracoli,2023,RunOfRiver,Antioquia,Water,3.75,0,.,1.04051e+06,164175
H_Caracoli,2026,RunOfRiver,Antioquia,Water,3.75,0,.,1.04051e+06,164175
H_Caruquia,2023,Hidro,Antioquia,Water,9.5,0,.,1.09184e+06,415910
H_Caruquia,2026,Hidro,Antioquia,Water,9.5,0,.,1.09184e+06,415910
H_Cascada,2023,Hidro,Nordeste,Water,3,0,.,832410,131340
H_Cascada,2026,Hidro,Nordeste,Water,3,0,.,832410,131340
H_CascadaAbe,2023,Hidro,Antioquia,Water,3,0,.,832410,131340
H_CascadaAbe,2026,Hidro,Antioquia,Water,3,0,.,832410,131340
H_CascadaAnt,2023,Hidro,Antioquia,Water,2.3,0,.,638181,100694
H_CascadaAnt,2026,Hidro,Antioquia,Water,2.3,0,.,638181,100694
H_CascadaGra,2023,Hidro,Antioquia,Water,2.09,0,.,579912,91500.2
H_CascadaGra,2026,Hidro,Antioquia,Water,2.09,0,.,579912,91500.2
H_Bello,2023,Hidro,Antioquia,Water,0.35,0,.,97114.5,15323
H_Bello,2026,Hidro,Antioquia,Water,0.35,0,.,97114.5,15323
H_Cauya,2023,Hidro,Surocciden,Water,1.51,0,.,418980,66107.8
H_Cauya,2026,Hidro,Surocciden,Water,1.51,0,.,418980,66107.8
H_Chorrera,2023,Hidro,Antioquia,Water,15,0,.,4.16205e+06,656700
H_Chorrera,2026,Hidro,Antioquia,Water,15,0,.,4.16205e+06,656700
H_PalmasSanGil,2023,Hidro,Nordeste,Water,15,0,.,4.16205e+06,656700
H_PalmasSanGil,2026,Hidro,Nordeste,Water,15,0,.,4.16205e+06,656700
H_Coconuco,2023,Hidro,Surocciden,Water,4.5,0,.,1.24862e+06,197010
H_Coconuco,2026,Hidro,Surocciden,Water,4.5,0,.,1.24862e+06,197010
H_Cocuyo,2023,Hidro,Surocciden,Water,0.7,0,.,194229,30646
H_Cocuyo,2026,Hidro,Surocciden,Water,0.7,0,.,194229,30646
H_Coello,2023,Hidro,Surocciden,Water,1.2,0,.,332964,52536
H_Coello,2026,Hidro,Surocciden,Water,1.2,0,.,332964,52536
H_Currucucue,2023,Hidro,Surocciden,Water,1.25,0,.,346838,54725
H_Currucucue,2026,Hidro,Surocciden,Water,1.25,0,.,346838,54725
H_ElBosque,2023,Hidro,Surocciden,Water,2.28,0,.,632632,99818.4
H_ElBosque,2026,Hidro,Surocciden,Water,2.28,0,.,632632,99818.4
H_ElEden,2023,Hidro,Surocciden,Water,19.9,0,.,5.52165e+06,871222
H_ElEden,2026,Hidro,Surocciden,Water,19.9,0,.,5.52165e+06,871222
H_ElLimonar,2023,Hidro,Oriental,Water,18,0,.,4.99446e+06,788040
H_ElLimonar,2026,Hidro,Oriental,Water,18,0,.,4.99446e+06,788040
H_LAGUNETA,2023,Hidro,Oriental,Water,18,0,.,4.99446e+06,788040
H_LAGUNETA,2026,Hidro,Oriental,Water,18,0,.,4.99446e+06,788040
H_ElMolino,2023,Hidro,Antioquia,Water,19.9,0,.,5.52165e+06,871222
H_ElMolino,2026,Hidro,Antioquia,Water,19.9,0,.,5.52165e+06,871222
H_ElPopal,2023,Hidro,Antioquia,Water,19.9,0,.,2.33009e+06,871222
H_ElPopal,2026,Hidro,Antioquia,Water,19.9,0,.,2.33009e+06,871222
H_Florida,2023,RunOfRiver,Surocciden,Water,19.9,0,.,5.52165e+06,871222
H_Florida,2026,RunOfRiver,Surocciden,Water,19.9,0,.,5.52165e+06,871222
H_Frisolera,2023,Hidro,Surocciden,Water,0.47,0,.,130411,20576.6
H_Frisolera,2026,Hidro,Surocciden,Water,0.47,0,.,130411,20576.6
H_Guacaica,2023,Hidro,Surocciden,Water,0.86,0,.,238624,37650.8
H_Guacaica,2026,Hidro,Surocciden,Water,0.86,0,.,238624,37650.8
H_Guanaquita,2023,Hidro,Antioquia,Water,9.5,0,.,1.12433e+06,415910
H_Guanaquita,2026,Hidro,Antioquia,Water,9.5,0,.,1.12433e+06,415910
H_Guaviomeno,2023,Hidro,Oriental,Water,9.9,0,.,2.74695e+06,433422
H_Guaviomeno,2026,Hidro,Oriental,Water,9.9,0,.,2.74695e+06,433422
H_Herradura,2023,RunOfRiver,Antioquia,Water,19.8,0,.,5.49391e+06,866844
H_Herradura,2026,RunOfRiver,Antioquia,Water,19.8,0,.,5.49391e+06,866844
H_Inza,2023,Hidro,Surocciden,Water,0.75,0,.,208103,32835
H_Inza,2026,Hidro,Surocciden,Water,0.75,0,.,208103,32835
H_IquiraI,2023,Hidro,Surocciden,Water,4.32,0,.,1.19867e+06,189130
H_IquiraI,2026,Hidro,Surocciden,Water,4.32,0,.,1.19867e+06,189130
H_IquiraII,2023,Hidro,Surocciden,Water,1.38,0,.,382909,60416.4
H_IquiraII,2026,Hidro,Surocciden,Water,1.38,0,.,382909,60416.4
H_JuanGarcia,2023,Hidro,Antioquia,Water,4.52,0,.,1.25416e+06,197886
H_JuanGarcia,2026,Hidro,Antioquia,Water,4.52,0,.,1.25416e+06,197886
H_La_Vuelta,2023,Hidro,Antioquia,Water,11.6,0,.,3.21865e+06,507848
H_La_Vuelta,2026,Hidro,Antioquia,Water,11.6,0,.,3.21865e+06,507848
H_LaPita,2023,Hidro,Surocciden,Water,1.42,0,.,394007,62167.6
H_LaPita,2026,Hidro,Surocciden,Water,1.42,0,.,394007,62167.6
H_LaRebusca,2023,Hidro,Antioquia,Water,0.7,0,.,194229,30646
H_LaRebusca,2026,Hidro,Antioquia,Water,0.7,0,.,194229,30646
H_LasPalmas,2023,Hidro,Antioquia,Water,2.8,0,.,776916,122584
H_LasPalmas,2026,Hidro,Antioquia,Water,2.8,0,.,776916,122584
H_Libertad,2023,Hidro,Nordeste,Water,1.2,0,.,332964,52536
H_Libertad,2026,Hidro,Nordeste,Water,1.2,0,.,332964,52536
H_LuzMaI,2023,Hidro,Antioquia,Water,19.6,0,.,5.43841e+06,858088
H_LuzMaI,2026,Hidro,Antioquia,Water,19.6,0,.,5.43841e+06,858088
H_LuzMaII,2023,Hidro,Antioquia,Water,19.6,0,.,5.43841e+06,858088
H_LuzMaII,2026,Hidro,Antioquia,Water,19.6,0,.,5.43841e+06,858088
H_Magallo,2023,Hidro,Antioquia,Water,5.7,0,.,1.58158e+06,249546
H_Magallo,2026,Hidro,Antioquia,Water,5.7,0,.,1.58158e+06,249546
H_Mirolindo,2023,Hidro,Surocciden,Water,3.75,0,.,1.04051e+06,164175
H_Mirolindo,2026,Hidro,Surocciden,Water,3.75,0,.,1.04051e+06,164175
H_Mondomo,2023,Hidro,Surocciden,Water,0.75,0,.,208103,32835
H_Mondomo,2026,Hidro,Surocciden,Water,0.75,0,.,208103,32835
H_Montanitas,2023,RunOfRiver,Antioquia,Water,19.9,0,.,2.41248e+06,871222
H_Montanitas,2026,RunOfRiver,Antioquia,Water,19.9,0,.,2.41248e+06,871222
H_MorroAzul,2023,Hidro,Surocciden,Water,19.9,0,.,2.41427e+06,871222
H_MorroAzul,2026,Hidro,Surocciden,Water,19.9,0,.,2.41427e+06,871222
H_Municipal,2023,Hidro,Surocciden,Water,1.4,0,.,388458,61292
H_Municipal,2026,Hidro,Surocciden,Water,1.4,0,.,388458,61292
H_Naveta,2023,Hidro,Oriental,Water,4.8,0,.,1.33186e+06,210144
H_Naveta,2026,Hidro,Oriental,Water,4.8,0,.,1.33186e+06,210144
H_Nima,2023,Hidro,Surocciden,Water,6.7,0,.,1.85905e+06,293326
H_Nima,2026,Hidro,Surocciden,Water,6.7,0,.,1.85905e+06,293326
H_Niquia,2023,Hidro,Antioquia,Water,19,0,.,5.27193e+06,831820
H_Niquia,2026,Hidro,Antioquia,Water,19,0,.,5.27193e+06,831820
H_Nuevoliba,2023,Hidro,Surocciden,Water,5.1,0,.,1.4151e+06,223278
H_Nuevoliba,2026,Hidro,Surocciden,Water,5.1,0,.,1.4151e+06,223278
H_Oibita,2023,Hidro,Nordeste,Water,19.9,0,.,5.52165e+06,871222
H_Oibita,2026,Hidro,Nordeste,Water,19.9,0,.,5.52165e+06,871222
H_Ovejas,2023,Hidro,Surocciden,Water,0.82,0,.,227525,35899.6
H_Ovejas,2026,Hidro,Surocciden,Water,0.82,0,.,227525,35899.6
H_Pajarito,2023,Hidro,Antioquia,Water,13.2,0,.,3.6626e+06,577896
H_Pajarito,2026,Hidro,Antioquia,Water,13.2,0,.,3.6626e+06,577896
H_Pastales,2023,Hidro,Surocciden,Water,0.7,0,.,194229,30646
H_Pastales,2026,Hidro,Surocciden,Water,0.7,0,.,194229,30646
H_PaticoCab,2023,Hidro,Surocciden,Water,1.48,0,.,410656,64794.4
H_PaticoCab,2026,Hidro,Surocciden,Water,1.48,0,.,410656,64794.4
H_Pocune,2023,Hidro,Antioquia,Water,1,0,.,277470,43780
H_Pocune,2026,Hidro,Antioquia,Water,1,0,.,277470,43780
H_Porce3Meno,2023,Hidro,Antioquia,Water,1.8,0,.,499446,78804
H_Porce3Meno,2026,Hidro,Antioquia,Water,1.8,0,.,499446,78804
H_ProvidencI,2023,Hidro,Caribe,Water,4.9,0,.,604611,214522
H_ProvidencI,2026,Hidro,Caribe,Water,4.9,0,.,604611,214522
H_Puente_Gui,2023,Hidro,Nordeste,Water,4.2,0,.,1.16537e+06,183876
H_Puente_Gui,2026,Hidro,Nordeste,Water,4.2,0,.,1.16537e+06,183876
H_Remedios,2023,Hidro,Antioquia,Water,0.75,0,.,208103,32835
H_Remedios,2026,Hidro,Antioquia,Water,0.75,0,.,208103,32835
H_Rio_Recio,2023,Hidro,Surocciden,Water,0.984,0,.,273030,43079.5
H_Rio_Recio,2026,Hidro,Surocciden,Water,0.984,0,.,273030,43079.5
H_RioBobo,2023,Hidro,Surocciden,Water,4,0,.,1.10988e+06,175120
H_RioBobo,2026,Hidro,Surocciden,Water,4,0,.,1.10988e+06,175120
H_RioCali,2023,Hidro,Surocciden,Water,1.8,0,.,499446,78804
H_RioCali,2026,Hidro,Surocciden,Water,1.8,0,.,499446,78804
H_RioFrioI,2023,Hidro,Surocciden,Water,1.67,0,.,463375,73112.6
H_RioFrioI,2026,Hidro,Surocciden,Water,1.67,0,.,463375,73112.6
H_RioFrioII,2023,RunOfRiver,Surocciden,Water,10,0,.,2.7747e+06,437800
H_RioFrioII,2026,RunOfRiver,Surocciden,Water,10,0,.,2.7747e+06,437800
H_RioFrioTam,2023,Hidro,Antioquia,Water,1,0,.,277470,43780
H_RioFrioTam,2026,Hidro,Antioquia,Water,1,0,.,277470,43780
H_RioGrande,2023,Hidro,Surocciden,Water,0.31,0,.,86015.7,13571.8
H_RioGrande,2026,Hidro,Surocciden,Water,0.31,0,.,86015.7,13571.8
H_RioMayo,2023,RunOfRiver,Surocciden,Water,19.8,0,.,5.49391e+06,866844
H_RioMayo,2026,RunOfRiver,Surocciden,Water,19.8,0,.,5.49391e+06,866844
H_RioMulato2,2023,Hidro,Antioquia,Water,7.34,0,.,2.03663e+06,321345
H_RioMulato2,2026,Hidro,Antioquia,Water,7.34,0,.,2.03663e+06,321345
H_RioNegro,2023,Hidro,Surocciden,Water,10.2,0,.,2.83019e+06,446556
H_RioNegro,2026,Hidro,Surocciden,Water,10.2,0,.,2.83019e+06,446556
H_RioPalo,2023,Hidro,Surocciden,Water,1.44,0,.,399557,63043.2
H_RioPalo,2026,Hidro,Surocciden,Water,1.44,0,.,399557,63043.2
H_RioPiedras,2023,RunOfRiver,Antioquia,Water,19.9,0,.,5.52165e+06,871222
H_RioPiedras,2026,RunOfRiver,Antioquia,Water,19.9,0,.,5.52165e+06,871222
H_RioSapuye,2023,Hidro,Surocciden,Water,1.65,0,.,457826,72237
H_RioSapuye,2026,Hidro,Surocciden,Water,1.65,0,.,457826,72237
H_Rumor,2023,Hidro,Surocciden,Water,2.5,0,.,693675,109450
H_Rumor,2026,Hidro,Surocciden,Water,2.5,0,.,693675,109450
H_Sajandi,2023,Hidro,Surocciden,Water,3.2,0,.,887904,140096
H_Sajandi,2026,Hidro,Surocciden,Water,3.2,0,.,887904,140096
H_SanAndres2,2023,Hidro,Antioquia,Water,19.9,0,.,5.52165e+06,871222
H_SanAndres2,2026,Hidro,Antioquia,Water,19.9,0,.,5.52165e+06,871222
H_SanCancio,2023,Hidro,Surocciden,Water,2,0,.,554940,87560
H_SanCancio,2026,Hidro,Surocciden,Water,2,0,.,554940,87560
H_SanJose,2023,Hidro,Surocciden,Water,0.38,0,.,105439,16636.4
H_SanJose,2026,Hidro,Surocciden,Water,0.38,0,.,105439,16636.4
H_SanJosMoII,2023,Hidro,Antioquia,Water,1.1,0,.,305217,48158
H_SanJosMoII,2026,Hidro,Antioquia,Water,1.1,0,.,305217,48158
H_SanMatias,2023,Hidro,Antioquia,Water,19.9,0,.,5.52165e+06,871222
H_SanMatias,2026,Hidro,Antioquia,Water,19.9,0,.,5.52165e+06,871222
H_SantaAna,2023,Hidro,Oriental,Water,8,0,.,2.21976e+06,350240
H_SantaAna,2026,Hidro,Oriental,Water,8,0,.,2.21976e+06,350240
H_SantaRita,2023,Hidro,Antioquia,Water,1.3,0,.,360711,56914
H_SantaRita,2026,Hidro,Antioquia,Water,1.3,0,.,360711,56914
H_Santiago,2023,Hidro,Antioquia,Water,2.8,0,.,776916,122584
H_Santiago,2026,Hidro,Antioquia,Water,2.8,0,.,776916,122584
H_SBartolome,2023,Hidro,Nordeste,Water,19.9,0,.,5.52165e+06,871222
H_SBartolome,2026,Hidro,Nordeste,Water,19.9,0,.,5.52165e+06,871222
H_SFrancisPu,2023,Hidro,Surocciden,Water,0.468,0,.,129856,20489
H_SFrancisPu,2026,Hidro,Surocciden,Water,0.468,0,.,129856,20489
H_Silvia,2023,Hidro,Surocciden,Water,0.38,0,.,105439,16636.4
H_Silvia,2026,Hidro,Surocciden,Water,0.38,0,.,105439,16636.4
H_Suba,2023,Hidro,Oriental,Water,2.6,0,.,721422,113828
H_Suba,2026,Hidro,Oriental,Water,2.6,0,.,721422,113828
H_Sueva2,2023,Hidro,Oriental,Water,6,0,.,1.66482e+06,262680
H_Sueva2,2026,Hidro,Oriental,Water,6,0,.,1.66482e+06,262680
H_TuluaAlto,2023,Hidro,Surocciden,Water,19.9,0,.,2.53427e+06,871222
H_TuluaAlto,2026,Hidro,Surocciden,Water,19.9,0,.,2.53427e+06,871222
H_TuluaBajo,2023,Hidro,Surocciden,Water,19.9,0,.,2.53606e+06,871222
H_TuluaBajo,2026,Hidro,Surocciden,Water,19.9,0,.,2.53606e+06,871222
H_Tunjita,2023,Hidro,Oriental,Water,19.7,0,.,2.51411e+06,862466
H_Tunjita,2026,Hidro,Oriental,Water,19.7,0,.,2.51411e+06,862466
H_Union,2023,Hidro,Surocciden,Water,0.7,0,.,194229,30646
H_Union,2026,Hidro,Surocciden,Water,0.7,0,.,194229,30646
H_Urrao,2023,Hidro,Antioquia,Water,1.03,0,.,285794,45093.4
H_Urrao,2026,Hidro,Antioquia,Water,1.03,0,.,285794,45093.4
H_Usaquen,2023,Hidro,Oriental,Water,1.8,0,.,499446,78804
H_Usaquen,2026,Hidro,Oriental,Water,1.8,0,.,499446,78804
H_AutGold,2023,Hidro,Antioquia,Water,1,0,.,277470,43780
H_AutGold,2026,Hidro,Antioquia,Water,1,0,.,277470,43780
H_VentanaA,2023,Hidro,Surocciden,Water,2.5,0,.,693675,109450
H_VentanaA,2026,Hidro,Surocciden,Water,2.5,0,.,693675,109450
H_VentanaB,2023,Hidro,Surocciden,Water,2.5,0,.,693675,109450
H_VentanaB,2026,Hidro,Surocciden,Water,2.5,0,.,693675,109450
H_Violetas,2023,Hidro,Antioquia,Water,0.95,0,.,263597,41591
H_Violetas,2026,Hidro,Antioquia,Water,0.95,0,.,263597,41591
H_Zeus,2023,Hidro,Antioquia,Water,9.9,0,.,2.74695e+06,433422
H_Zeus,2026,Hidro,Antioquia,Water,9.9,0,.,2.74695e+06,433422
INSULA,2023,Hidro,Surocciden,Water,19,0,.,2.25549e+06,831820
INSULA,2026,Hidro,Surocciden,Water,19,0,.,2.25549e+06,831820
ITUANGO,2023,Hidro,Antioquia,Water,1200,0,.,3.32964e+08,5.2536e+07
ITUANGO,2026,Hidro,Antioquia,Water,1200,0,.,3.32964e+08,5.2536e+07
H_PAGUA,2023,Hidro,Surocciden,Water,600,0,.,7.1118e+07,2.6268e+07
H_PAGUA,2026,Hidro,Surocciden,Water,600,0,.,7.1118e+07,2.6268e+07
H_GUATRON,2023,Hidro,Antioquia,Water,512,0,.,5.80147e+07,2.24154e+07
H_GUATRON,2026,Hidro,Antioquia,Water,512,0,.,5.80147e+07,2.24154e+07
H_ALBAN,2023,Hidro,Surocciden,Water,427,0,.,5.23801e+07,1.86941e+07
H_ALBAN,2026,Hidro,Surocciden,Water,427,0,.,5.23801e+07,1.86941e+07
S_Dulima,2023,pv_solar,Surocciden,Solar,21.9,0,.,2.61552e+06,349743
S_Dulima,2026,pv_solar,Surocciden,Solar,21.9,0,.,2.61552e+06,349743
S_Cauca,2023,pv_solar,Surocciden,Solar,0.3,0,.,35829,4791
S_Cauca,2026,pv_solar,Surocciden,Solar,0.3,0,.,35829,4791
S_Ferch2,2023,pv_solar,Nordeste,Solar,0.01,0,.,1194.3,159.7
S_Ferch2,2026,pv_solar,Nordeste,Solar,0.01,0,.,1194.3,159.7
S_Salado,2023,pv_solar,Surocciden,Solar,0.1,0,.,11943,1597
S_Salado,2026,pv_solar,Surocciden,Solar,0.1,0,.,11943,1597
S_AutJeans,2023,pv_solar,Antioquia,Solar,1.39,0,.,166008,22198.3
S_AutJeans,2026,pv_solar,Antioquia,Solar,1.39,0,.,166008,22198.3
S_AutPintuco,2023,pv_solar,Antioquia,Solar,1.41,0,.,168396,22517.7
S_AutPintuco,2026,pv_solar,Antioquia,Solar,1.41,0,.,168396,22517.7
S_Palmira3,2023,pv_solar,Surocciden,Solar,7.4,0,.,883782,118178
S_Palmira3,2026,pv_solar,Surocciden,Solar,7.4,0,.,883782,118178
S_Belmonte,2023,pv_solar,Surocciden,Solar,5.06,0,.,604316,80808.2
S_Belmonte,2026,pv_solar,Surocciden,Solar,5.06,0,.,604316,80808.2
S_Termotasajero,2023,pv_solar,Nordeste,Solar,4,0,.,477720,63880
S_Termotasajero,2026,pv_solar,Nordeste,Solar,4,0,.,477720,63880
S_Victoria_I,2023,pv_solar,Surocciden,Solar,21.9,0,.,2.61552e+06,349743
S_Victoria_I,2026,pv_solar,Surocciden,Solar,21.9,0,.,2.61552e+06,349743
S_Victoria_II,2023,pv_solar,Surocciden,Solar,21.9,0,.,2.61552e+06,349743
S_Victoria_II,2026,pv_solar,Surocciden,Solar,21.9,0,.,2.61552e+06,349743
S_Flandes,2023,pv_solar,Surocciden,Solar,21.9,0,.,2.61552e+06,349743
S_Flandes,2026,pv_solar,Surocciden,Solar,21.9,0,.,2.61552e+06,349743
S_BSLI,2023,pv_solar,Oriental,Solar,19.9,0,.,2.37666e+06,317803
S_BSLI,2026,pv_solar,Oriental,Solar,19.9,0,.,2.37666e+06,317803
S_BSLII,2023,pv_solar,Oriental,Solar,19.9,0,.,2.37666e+06,317803
S_BSLII,2026,pv_solar,Oriental,Solar,19.9,0,.,2.37666e+06,317803
S_BSLIII,2023,pv_solar,Oriental,Solar,19.9,0,.,2.37666e+06,317803
S_BSLIII,2026,pv_solar,Oriental,Solar,19.9,0,.,2.37666e+06,317803
S_Espinal,2023,pv_solar,Antioquia,Solar,9.9,0,.,1.18236e+06,158103
S_Espinal,2026,pv_solar,Antioquia,Solar,9.9,0,.,1.18236e+06,158103
JAGUAS,2023,Hidro,Antioquia,Water,170,0,.,2.0196e+07,7.4426e+06
JAGUAS,2026,Hidro,Antioquia,Water,170,0,.,2.0196e+07,7.4426e+06
LA TASAJERA,2023,Hidro,Antioquia,Water,306,0,.,3.64354e+07,1.33967e+07
LA TASAJERA,2026,Hidro,Antioquia,Water,306,0,.,3.64354e+07,1.33967e+07
MERILECTRICA,2023,Thermal,Nordeste,GASNACIO,164,0,.,1.98227e+07,2.34881e+07
MERILECTRICA,2026,Thermal,Nordeste,GASNACIO,164,0,.,1.98227e+07,2.34881e+07
MIEL I,2023,Hidro,Surocciden,Water,396,0,.,4.79002e+07,1.73369e+07
MIEL I,2026,Hidro,Surocciden,Water,396,0,.,4.79002e+07,1.73369e+07
PAIPA 1,2023,Thermal,Nordeste,CARBON,36,0,.,9.96624e+06,5.15592e+06
PAIPA 1,2026,Thermal,Nordeste,CARBON,36,0,.,9.96624e+06,5.15592e+06
PAIPA 2,2023,Thermal,Nordeste,CARBON,72,0,.,1.99325e+07,1.03118e+07
PAIPA 2,2026,Thermal,Nordeste,CARBON,72,0,.,1.99325e+07,1.03118e+07
PAIPA 3,2023,Thermal,Nordeste,CARBON,70,0,.,1.93788e+07,1.00254e+07
PAIPA 3,2026,Thermal,Nordeste,CARBON,70,0,.,1.93788e+07,1.00254e+07
PAIPA 4,2023,Thermal,Nordeste,CARBON,165,0,.,4.56786e+07,2.36313e+07
PAIPA 4,2026,Thermal,Nordeste,CARBON,165,0,.,4.56786e+07,2.36313e+07
PLAYAS,2023,Hidro,Antioquia,Water,207,0,.,2.53741e+07,9.06246e+06
PLAYAS,2026,Hidro,Antioquia,Water,207,0,.,2.53741e+07,9.06246e+06
PORCE II,2023,Hidro,Antioquia,Water,405,0,.,4.96814e+07,1.77309e+07
PORCE II,2026,Hidro,Antioquia,Water,405,0,.,4.96814e+07,1.77309e+07
PORCE III,2023,Hidro,Antioquia,Water,700,0,.,8.5932e+07,3.0646e+07
PORCE III,2026,Hidro,Antioquia,Water,700,0,.,8.5932e+07,3.0646e+07
PRADO,2023,Hidro,Surocciden,Water,51,0,.,6.26535e+06,2.23278e+06
PRADO,2026,Hidro,Surocciden,Water,51,0,.,6.26535e+06,2.23278e+06
PRADO4,2023,Hidro,Surocciden,Water,5,0,.,614700,218900
PRADO4,2026,Hidro,Surocciden,Water,5,0,.,614700,218900
PROELECTRIC1,2023,Thermal,Caribe,GASNACIO,45,0,.,5.53635e+06,6.4449e+06
PROELECTRIC1,2026,Thermal,Caribe,GASNACIO,45,0,.,5.53635e+06,6.4449e+06
PROELECTRIC2,2023,Thermal,Caribe,GASNACIO,45,0,.,5.54445e+06,6.4449e+06
PROELECTRIC2,2026,Thermal,Caribe,GASNACIO,45,0,.,5.54445e+06,6.4449e+06
RIOGRANDE 1,2023,Hidro,Antioquia,Water,19,0,.,5.27193e+06,831820
RIOGRANDE 1,2026,Hidro,Antioquia,Water,19,0,.,5.27193e+06,831820
SALTO II,2023,RunOfRiver,Oriental,Water,35,0,.,4.3533e+06,1.5323e+06
SALTO II,2026,RunOfRiver,Oriental,Water,35,0,.,4.3533e+06,1.5323e+06
SALVAJINA,2023,Hidro,Surocciden,Water,315,0,.,3.92081e+07,1.37907e+07
SALVAJINA,2026,Hidro,Surocciden,Water,315,0,.,3.92081e+07,1.37907e+07
SAN CARLOS,2023,Hidro,Antioquia,Water,1240,0,.,1.54454e+08,5.42872e+07
SAN CARLOS,2026,Hidro,Antioquia,Water,1240,0,.,1.54454e+08,5.42872e+07
SANFRANCISCO,2023,RunOfRiver,Surocciden,Water,135,0,.,1.68278e+07,5.9103e+06
SANFRANCISCO,2026,RunOfRiver,Surocciden,Water,135,0,.,1.68278e+07,5.9103e+06
SNMIGUEL,2023,RunOfRiver,Antioquia,Water,50,0,.,6.2415e+06,2.189e+06
SNMIGUEL,2026,RunOfRiver,Antioquia,Water,50,0,.,6.2415e+06,2.189e+06
SOGAMOSO,2023,Hidro,Nordeste,Water,819,0,.,1.02309e+08,3.58558e+07
SOGAMOSO,2026,Hidro,Nordeste,Water,819,0,.,1.02309e+08,3.58558e+07
T_AutArCairo,2023,Thermal,Antioquia,CARBON,6.5,0,.,1.79946e+06,930930
T_AutArCairo,2026,Thermal,Antioquia,CARBON,6.5,0,.,1.79946e+06,930930
T_TermYopal1,2023,Thermal,Nordeste,CARBON,8,0,.,1.00512e+06,1.14576e+06
T_TermYopal1,2026,Thermal,Nordeste,CARBON,8,0,.,1.00512e+06,1.14576e+06
TASAJERO 1,2023,Thermal,Nordeste,CARBON,165,0,.,2.06267e+07,2.36313e+07
TASAJERO 1,2026,Thermal,Nordeste,CARBON,165,0,.,2.06267e+07,2.36313e+07
TASAJERO 2,2023,Thermal,Nordeste,CARBON,170,0,.,2.1267e+07,2.43474e+07
TASAJERO 2,2026,Thermal,Nordeste,CARBON,170,0,.,2.1267e+07,2.43474e+07
TC_GECELCA3,2023,Thermal,Caribe,CARBON,164,0,.,2.05312e+07,2.34881e+07
TC_GECELCA3,2026,Thermal,Caribe,CARBON,164,0,.,2.05312e+07,2.34881e+07
TC_GECELCA32,2023,Thermal,Caribe,CARBON,270,0,.,3.38013e+07,3.86694e+07
TC_GECELCA32,2026,Thermal,Caribe,CARBON,270,0,.,3.38013e+07,3.86694e+07
TEBSAB,2023,Thermal,Caribe,GASNACIO,791,0,.,9.91677e+07,1.13287e+08
TEBSAB,2026,Thermal,Caribe,GASNACIO,791,0,.,9.91677e+07,1.13287e+08
TEQUEND1-4,2023,Hidro,Oriental,Water,56.8,0,.,1.57603e+07,2.4867e+06
TEQUEND1-4,2026,Hidro,Oriental,Water,56.8,0,.,1.57603e+07,2.4867e+06
TERMO YOPAL2,2023,Thermal,Nordeste,GASNACIO,28,0,.,3.52044e+06,4.01016e+06
TERMO YOPAL2,2026,Thermal,Nordeste,GASNACIO,28,0,.,3.52044e+06,4.01016e+06
TERMOCENTRO,2023,Thermal,Antioquia,GASNACIO,272,0,.,3.42965e+07,3.89558e+07
TERMOCENTRO,2026,Thermal,Antioquia,GASNACIO,272,0,.,3.42965e+07,3.89558e+07
TERMODORADA1,2023,Thermal,Surocciden,ACPM,50,0,.,6.3135e+06,7.161e+06
TERMODORADA1,2026,Thermal,Surocciden,ACPM,50,0,.,6.3135e+06,7.161e+06
TERMOEMCALI,2023,Thermal,Surocciden,ACPM,229,0,.,6.33964e+07,3.27974e+07
TERMOEMCALI,2026,Thermal,Surocciden,ACPM,229,0,.,6.33964e+07,3.27974e+07
TERMONORTE,2023,Thermal,Caribe,ACPM,88,0,.,1.11276e+07,1.26034e+07
TERMONORTE,2026,Thermal,Caribe,ACPM,88,0,.,1.11276e+07,1.26034e+07
TERMOSIERRA,2023,Thermal,Antioquia,ACPM,433,0,.,5.47918e+07,6.20143e+07
TERMOSIERRA,2026,Thermal,Antioquia,ACPM,433,0,.,5.47918e+07,6.20143e+07
TERMOVALLE,2023,Thermal,Surocciden,ACPM,241,0,.,6.67184e+07,3.4516e+07
TERMOVALLE,2026,Thermal,Surocciden,ACPM,241,0,.,6.67184e+07,3.4516e+07
TERMOYOPALG3,2023,Thermal,Nordeste,GASNACIO,50,0,.,1.3842e+07,7.161e+06
TERMOYOPALG3,2026,Thermal,Nordeste,GASNACIO,50,0,.,1.3842e+07,7.161e+06
TERMOYOPALG4,2023,Thermal,Nordeste,GASNACIO,50,0,.,1.3842e+07,7.161e+06
TERMOYOPALG4,2026,Thermal,Nordeste,GASNACIO,50,0,.,1.3842e+07,7.161e+06
TERMOYOPALG5,2023,Thermal,Nordeste,GASNACIO,50,0,.,1.3842e+07,7.161e+06
TERMOYOPALG5,2026,Thermal,Nordeste,GASNACIO,50,0,.,1.3842e+07,7.161e+06
URRA,2023,Hidro,Caribe,Water,338,0,.,9.37849e+07,1.47976e+07
URRA,2026,Hidro,Caribe,Water,338,0,.,9.37849e+07,1.47976e+07
ZIPAEMG2,2023,Thermal,Oriental,CARBON,36,0,.,4.6008e+06,5.15592e+06
ZIPAEMG2,2026,Thermal,Oriental,CARBON,36,0,.,4.6008e+06,5.15592e+06
ZIPAEMG3,2023,Thermal,Oriental,CARBON,63,0,.,8.05707e+06,9.02286e+06
ZIPAEMG3,2026,Thermal,Oriental,CARBON,63,0,.,8.05707e+06,9.02286e+06
ZIPAEMG4,2023,Thermal,Oriental,CARBON,64,0,.,8.19072e+06,9.16608e+06
ZIPAEMG4,2026,Thermal,Oriental,CARBON,64,0,.,8.19072e+06,9.16608e+06
ZIPAEMG5,2023,Thermal,Oriental,CARBON,63,0,.,8.06841e+06,9.02286e+06
ZIPAEMG5,2026,Thermal,Oriental,CARBON,63,0,.,8.06841e+06,9.02286e+06
E_Jepirachi,2023,Eolica,Caribe,Wind,0,0,.,0,0
E_Jepirachi,2026,Eolica,Caribe,Wind,0,0,.,0,0
E_Wesp01,2023,Eolica,Caribe,Wind,12,0,.,2.30343e+06,330840
E_Wesp01,2026,Eolica,Caribe,Wind,12,0,.,2.30343e+06,330840
E_GuajiraI,2023,Eolica,Caribe,Wind,20,0,.,3.0924e+06,551400
E_GuajiraI,2026,Eolica,Caribe,Wind,20,0,.,3.0924e+06,551400
S_Cabelleros,2023,pv_solar,Surocciden,Solar,11.5,0,.,1.37345e+06,183655
S_Cabelleros,2026,pv_solar,Surocciden,Solar,11.5,0,.,1.37345e+06,183655
S_Montelibano,2023,pv_solar,Caribe,Solar,9.9,0,.,1.18236e+06,158103
S_Montelibano,2026,pv_solar,Caribe,Solar,9.9,0,.,1.18236e+06,158103
S_Lanceros,2023,pv_solar,Oriental,Solar,9.1,0,.,1.08681e+06,145327
S_Lanceros,2026,pv_solar,Oriental,Solar,9.1,0,.,1.08681e+06,145327
S_SanFelipe,2023,pv_solar,Oriental,Solar,9.1,0,.,1.08681e+06,145327
S_SanFelipe,2026,pv_solar,Oriental,Solar,9.1,0,.,1.08681e+06,145327
S_Cienaguero,2023,pv_solar,Caribe,Solar,9,0,.,1.07487e+06,143730
S_Cienaguero,2026,pv_solar,Caribe,Solar,9,0,.,1.07487e+06,143730
S_Yuma,2023,pv_solar,Oriental,Solar,9.1,0,.,1.08681e+06,145327
S_Yuma,2026,pv_solar,Oriental,Solar,9.1,0,.,1.08681e+06,145327
S_Tucanes,2023,pv_solar,Caribe,Solar,9.9,0,.,1.18236e+06,158103
S_Tucanes,2026,pv_solar,Caribe,Solar,9.9,0,.,1.18236e+06,158103
S_Paila,2023,pv_solar,Surocciden,Solar,9.9,0,.,1.18236e+06,158103
S_Paila,2026,pv_solar,Surocciden,Solar,9.9,0,.,1.18236e+06,158103
S_Aurora,2023,pv_solar,Caribe,Solar,9.9,0,.,1.18236e+06,158103
S_Aurora,2026,pv_solar,Caribe,Solar,9.9,0,.,1.18236e+06,158103
S_Cerrito,2023,pv_solar,Surocciden,Solar,11.5,0,.,1.37345e+06,183655
S_Cerrito,2026,pv_solar,Surocciden,Solar,11.5,0,.,1.37345e+06,183655
S_Fundacion,2023,pv_solar,Caribe,Solar,100,0,.,1.1943e+07,1.597e+06
S_Fundacion,2026,pv_solar,Caribe,Solar,100,0,.,1.1943e+07,1.597e+06
S_Girasoles,2023,pv_solar,Nordeste,Solar,9.5,0,.,1.13459e+06,151715
S_Girasoles,2026,pv_solar,Nordeste,Solar,9.5,0,.,1.13459e+06,151715
S_Medin,2023,pv_solar,Surocciden,Solar,11.5,0,.,1.37345e+06,183655
S_Medin,2026,pv_solar,Surocciden,Solar,11.5,0,.,1.37345e+06,183655
S_PetaCesaII,2023,pv_solar,Nordeste,Solar,9.9,0,.,1.18236e+06,158103
S_PetaCesaII,2026,pv_solar,Nordeste,Solar,9.9,0,.,1.18236e+06,158103
S_BayuncaI,2023,pv_solar,Caribe,Solar,3,0,.,358290,47910
S_BayuncaI,2026,pv_solar,Caribe,Solar,3,0,.,358290,47910
S_Palmira3_Franca,2023,pv_solar,Surocciden,Solar,2.9,0,.,346347,46313
S_Palmira3_Franca,2026,pv_solar,Surocciden,Solar,2.9,0,.,346347,46313
S_SalvadorI,2023,pv_solar,Antioquia,Solar,0.01,0,.,1194.3,159.7
S_SalvadorI,2026,pv_solar,Antioquia,Solar,0.01,0,.,1194.3,159.7
S_SalvadorII,2023,pv_solar,Antioquia,Solar,0,0,.,0,0
S_SalvadorII,2026,pv_solar,Antioquia,Solar,0,0,.,0,0
S_AutSolla,2023,pv_solar,Surocciden,Solar,6.4,0,.,764352,102208
S_AutSolla,2026,pv_solar,Surocciden,Solar,6.4,0,.,764352,102208
S_AutEncanto,2023,pv_solar,Caribe,Solar,0.99,0,.,118236,15810.3
S_AutEncanto,2026,pv_solar,Caribe,Solar,0.99,0,.,118236,15810.3
S_Uruaco,2023,pv_solar,Caribe,Solar,1,0,.,119430,15970
S_Uruaco,2026,pv_solar,Caribe,Solar,1,0,.,119430,15970
S_Harinas,2023,pv_solar,Surocciden,Solar,2.45,0,.,292604,39126.5
S_Harinas,2026,pv_solar,Surocciden,Solar,2.45,0,.,292604,39126.5
S_AutLevapan,2023,pv_solar,Surocciden,Solar,4.99,0,.,595956,79690.3
S_AutLevapan,2026,pv_solar,Surocciden,Solar,4.99,0,.,595956,79690.3
S_AutGragas,2023,pv_solar,Surocciden,Solar,4,0,.,477720,63880
S_AutGragas,2026,pv_solar,Surocciden,Solar,4,0,.,477720,63880
S_Carmelo,2023,pv_solar,Surocciden,Solar,9.9,0,.,1.18236e+06,158103
S_Carmelo,2026,pv_solar,Surocciden,Solar,9.9,0,.,1.18236e+06,158103
S_PortonSol,2023,pv_solar,Antioquia,Solar,102,0,.,1.21819e+07,1.62894e+06
S_PortonSol,2026,pv_solar,Antioquia,Solar,102,0,.,1.21819e+07,1.62894e+06
S_Sierpe,2023,pv_solar,Caribe,Solar,19.9,0,.,2.37666e+06,317803
S_Sierpe,2026,pv_solar,Caribe,Solar,19.9,0,.,2.37666e+06,317803
S_Since,2023,pv_solar,Oriental,Solar,18.5,0,.,2.20946e+06,295445
S_Since,2026,pv_solar,Oriental,Solar,18.5,0,.,2.20946e+06,295445
S_HeliosI,2023,pv_solar,Caribe,Solar,16,0,.,1.91088e+06,255520
S_HeliosI,2026,pv_solar,Caribe,Solar,16,0,.,1.91088e+06,255520
S_SolBolivar,2023,pv_solar,Caribe,Solar,8.06,0,.,962606,128718
S_SolBolivar,2026,pv_solar,Caribe,Solar,8.06,0,.,962606,128718
S_Yumbo,2023,pv_solar,Surocciden,Solar,9.8,0,.,1.17041e+06,156506
S_Yumbo,2026,pv_solar,Surocciden,Solar,9.8,0,.,1.17041e+06,156506
S_TierraLind,2023,pv_solar,Caribe,Solar,9.9,0,.,1.18236e+06,158103
S_TierraLind,2026,pv_solar,Caribe,Solar,9.9,0,.,1.18236e+06,158103
S_Tolua,2023,pv_solar,Caribe,Solar,19.9,0,.,2.37666e+06,317803
S_Tolua,2026,pv_solar,Caribe,Solar,19.9,0,.,2.37666e+06,317803
S_BSLlanos4,2023,pv_solar,Oriental,Solar,19.9,0,.,2.37666e+06,317803
S_BSLlanos4,2026,pv_solar,Oriental,Solar,19.9,0,.,2.37666e+06,317803
S_BSLlanos5,2023,pv_solar,Oriental,Solar,17.9,0,.,2.1378e+06,285863
S_BSLlanos5,2026,pv_solar,Oriental,Solar,17.9,0,.,2.1378e+06,285863
S_LaLoma,2023,pv_solar,Caribe,Solar,0,0,.,0,0
S_LaLoma,2026,pv_solar,Caribe,Solar,150,0,.,1.79145e+07,2.3955e+06
S_ParqueUrra,2023,pv_solar,Caribe,Solar,0,0,.,0,0
S_ParqueUrra,2026,pv_solar,Caribe,Solar,19.9,0,.,2.37666e+06,317803
S_CaracoliI,2023,pv_solar,Caribe,Solar,0,0,.,0,0
S_CaracoliI,2026,pv_solar,Caribe,Solar,50,0,.,5.9715e+06,798500
S_Tepuy,2023,pv_solar,Surocciden,Solar,0,0,.,0,0
S_Tepuy,2026,pv_solar,Surocciden,Solar,83,0,.,9.91269e+06,1.32551e+06
S_El_Paso,2023,pv_solar,Caribe,Solar,68,0,.,8.12124e+06,1.08596e+06
S_El_Paso,2026,pv_solar,Caribe,Solar,68,0,.,8.12124e+06,1.08596e+06
TERMO_JAGUEY,2023,Thermal,Oriental,ACPM,0,0,.,0,0
TERMO_JAGUEY,2026,Thermal,Oriental,ACPM,0,0,.,0,0
TERMORUBIALE,2023,Thermal,Oriental,ACPM,0,0,.,0,0
TERMORUBIALE,2026,Thermal,Oriental,ACPM,0,0,.,0,0
S_LaMata,2023,pv_solar,Nordeste,Solar,0,0,.,0,0
S_LaMata,2026,pv_solar,Nordeste,Solar,80,0,.,9.5544e+06,1.2776e+06
S_Escobal6,2023,pv_solar,Surocciden,Solar,0,0,.,0,0
S_Escobal6,2026,pv_solar,Surocciden,Solar,99,0,.,1.18236e+07,1.58103e+06
S_Union,2023,pv_solar,Caribe,Solar,0,0,.,0,0
S_Union,2026,pv_solar,Caribe,Solar,100,0,.,1.1943e+07,1.597e+06
S_Nabusimake,2023,pv_solar,Caribe,Solar,0,0,.,0,0
S_Nabusimake,2026,pv_solar,Caribe,Solar,100,0,.,1.1943e+07,1.597e+06
S_Guayepo,2023,pv_solar,Caribe,Solar,0,0,.,0,0
S_Guayepo,2026,pv_solar,Caribe,Solar,370,0,.,4.41891e+07,5.9089e+06
S_Sunnorte,2023,pv_solar,Nordeste,Solar,0,0,.,0,0
S_Sunnorte,2026,pv_solar,Nordeste,Solar,35,0,.,4.18005e+06,558950
E_Windpeshi,2023,Eolica,Caribe,Wind,0,0,.,0,0
E_Windpeshi,2026,Eolica,Caribe,Wind,0,0,.,0,0
E_ParqueAlph,2023,Eolica,Caribe,Wind,0,0,.,0,0
E_ParqueAlph,2026,Eolica,Caribe,Wind,0,0,.,0,0
E_ParqueBeta,2023,Eolica,Caribe,Wind,0,0,.,0,0
E_ParqueBeta,2026,Eolica,Caribe,Wind,0,0,.,0,0
E_Camelia,2023,Eolica,Caribe,Wind,0,0,.,0,0
E_Camelia,2026,Eolica,Caribe,Wind,0,0,.,0,0
E_CasaElec,2023,Eolica,Caribe,Wind,0,0,.,0,0
E_CasaElec,2026,Eolica,Caribe,Wind,0,0,.,0,0
E_Apoto,2023,Eolica,Caribe,Wind,0,0,.,0,0
E_Apoto,2026,Eolica,Caribe,Wind,0,0,.,0,0
TermoCaribe3,2023,Thermal,Caribe,GASIMPOR,0,0,.,0,0
TermoCaribe3,2026,Thermal,Caribe,GASIMPOR,52,0,.,6.11676e+06,7.44744e+06
DST_Surocciden,2023,pv_solar,Surocciden,Solar,0,0,.,0,0
DST_Surocciden,2026,pv_solar,Surocciden,Solar,97.1954,0,.,1.07338e+07,1.4134e+06
DST_Caribe,2023,pv_solar,Caribe,Solar,0,0,.,0,0
DST_Caribe,2026,pv_solar,Caribe,Solar,90.3177,0,.,9.97429e+06,1.31338e+06
DST_Oriental,2023,pv_solar,Oriental,Solar,0,0,.,0,0
DST_Oriental,2026,pv_solar,Oriental,Solar,53.3342,0,.,5.88999e+06,775576
DST_Antioquia,2023,pv_solar,Antioquia,Solar,0,0,.,0,0
DST_Antioquia,2026,pv_solar,Antioquia,Solar,46.7161,0,.,5.15912e+06,679337
DST_Nordeste,2023,pv_solar,Nordeste,Solar,0,0,.,0,0
DST_Nordeste,2026,pv_solar,Nordeste,Solar,33.4366,0,.,3.69259e+06,486229
