Quarter,gen_tech,Type,Hour,gen_max_capacity_factor
Quarter 1,pv_solar,labor,0,0.0
Quarter 1,pv_solar,labor,1,0.0
Quarter 1,pv_solar,labor,2,0.0
Quarter 1,pv_solar,labor,3,0.0
Quarter 1,pv_solar,labor,4,0.0
Quarter 1,pv_solar,labor,5,0.00010704434493123664
Quarter 1,pv_solar,labor,6,0.05899550625086114
Quarter 1,pv_solar,labor,7,0.21856635878705596
Quarter 1,pv_solar,labor,8,0.4159009940071004
Quarter 1,pv_solar,labor,9,0.5943984788418496
Quarter 1,pv_solar,labor,10,0.7275824114072565
Quarter 1,pv_solar,labor,11,0.7946729534147832
Quarter 1,pv_solar,labor,12,0.7905749593668392
Quarter 1,pv_solar,labor,13,0.7132918695084454
Quarter 1,pv_solar,labor,14,0.5728498091231222
Quarter 1,pv_solar,labor,15,0.39391103688049633
Quarter 1,pv_solar,labor,16,0.20442246549873816
Quarter 1,pv_solar,labor,17,0.044506406937625434
Quarter 1,pv_solar,labor,18,6.356308992453954e-05
Quarter 1,pv_solar,labor,19,0.0
Quarter 1,pv_solar,labor,20,0.0
Quarter 1,pv_solar,labor,21,0.0
Quarter 1,pv_solar,labor,22,0.0
Quarter 1,pv_solar,labor,23,0.0
Quarter 2,pv_solar,labor,0,0.0
Quarter 2,pv_solar,labor,1,0.0
Quarter 2,pv_solar,labor,2,0.0
Quarter 2,pv_solar,labor,3,0.0
Quarter 2,pv_solar,labor,4,0.0
Quarter 2,pv_solar,labor,5,0.0008025180392429339
Quarter 2,pv_solar,labor,6,0.05974165710706482
Quarter 2,pv_solar,labor,7,0.20897617264022847
Quarter 2,pv_solar,labor,8,0.3844691982608087
Quarter 2,pv_solar,labor,9,0.5469415950219049
Quarter 2,pv_solar,labor,10,0.6675748268810356
Quarter 2,pv_solar,labor,11,0.7260878663110547
Quarter 2,pv_solar,labor,12,0.7173637885139994
Quarter 2,pv_solar,labor,13,0.6435421761934079
Quarter 2,pv_solar,labor,14,0.5151618509354903
Quarter 2,pv_solar,labor,15,0.35578639769351167
Quarter 2,pv_solar,labor,16,0.1925677108767783
Quarter 2,pv_solar,labor,17,0.05104020100801735
Quarter 2,pv_solar,labor,18,0.0002997274736604886
Quarter 2,pv_solar,labor,19,0.0
Quarter 2,pv_solar,labor,20,0.0
Quarter 2,pv_solar,labor,21,0.0
Quarter 2,pv_solar,labor,22,0.0
Quarter 2,pv_solar,labor,23,0.0
Quarter 3,pv_solar,labor,0,0.0
Quarter 3,pv_solar,labor,1,0.0
Quarter 3,pv_solar,labor,2,0.0
Quarter 3,pv_solar,labor,3,0.0
Quarter 3,pv_solar,labor,4,0.0
Quarter 3,pv_solar,labor,5,0.001519353904282671
Quarter 3,pv_solar,labor,6,0.06370163571242987
Quarter 3,pv_solar,labor,7,0.21186246493465719
Quarter 3,pv_solar,labor,8,0.38130261830023576
Quarter 3,pv_solar,labor,9,0.5360492167821511
Quarter 3,pv_solar,labor,10,0.6516565157193942
Quarter 3,pv_solar,labor,11,0.7111425540080805
Quarter 3,pv_solar,labor,12,0.7040653899193663
Quarter 3,pv_solar,labor,13,0.6333898533737737
Quarter 3,pv_solar,labor,14,0.5111594537492925
Quarter 3,pv_solar,labor,15,0.3578844384870215
Quarter 3,pv_solar,labor,16,0.19945444921703376
Quarter 3,pv_solar,labor,17,0.05809731164493543
Quarter 3,pv_solar,labor,18,0.0006006212239457191
Quarter 3,pv_solar,labor,19,0.0
Quarter 3,pv_solar,labor,20,0.0
Quarter 3,pv_solar,labor,21,0.0
Quarter 3,pv_solar,labor,22,0.0
Quarter 3,pv_solar,labor,23,0.0
Quarter 4,pv_solar,labor,0,0.0
Quarter 4,pv_solar,labor,1,0.0
Quarter 4,pv_solar,labor,2,0.0
Quarter 4,pv_solar,labor,3,0.0
Quarter 4,pv_solar,labor,4,0.0
Quarter 4,pv_solar,labor,5,0.00021734349345851973
Quarter 4,pv_solar,labor,6,0.0469717827937984
Quarter 4,pv_solar,labor,7,0.1880814321789677
Quarter 4,pv_solar,labor,8,0.35744076088396365
Quarter 4,pv_solar,labor,9,0.5144748669037059
Quarter 4,pv_solar,labor,10,0.634252860472154
Quarter 4,pv_solar,labor,11,0.6968708929968273
Quarter 4,pv_solar,labor,12,0.6909875095049819
Quarter 4,pv_solar,labor,13,0.6194457131722412
Quarter 4,pv_solar,labor,14,0.49466366769392417
Quarter 4,pv_solar,labor,15,0.338384171678007
Quarter 4,pv_solar,labor,16,0.1789267786068103
Quarter 4,pv_solar,labor,17,0.04545967966859733
Quarter 4,pv_solar,labor,18,0.00010105848508098639
Quarter 4,pv_solar,labor,19,0.0
Quarter 4,pv_solar,labor,20,0.0
Quarter 4,pv_solar,labor,21,0.0
Quarter 4,pv_solar,labor,22,0.0
Quarter 4,pv_solar,labor,23,0.0
Quarter 1,Eolica,labor,0,0.836192178612392
Quarter 1,Eolica,labor,1,0.8296848976090176
Quarter 1,Eolica,labor,2,0.8229724397688161
Quarter 1,Eolica,labor,3,0.8205908742711738
Quarter 1,Eolica,labor,4,0.8165494446090663
Quarter 1,Eolica,labor,5,0.8150389303092913
Quarter 1,Eolica,labor,6,0.8107140599042096
Quarter 1,Eolica,labor,7,0.8034138588249439
Quarter 1,Eolica,labor,8,0.8002665457227037
Quarter 1,Eolica,labor,9,0.7968921424252837
Quarter 1,Eolica,labor,10,0.7992715731791873
Quarter 1,Eolica,labor,11,0.7944522874348299
Quarter 1,Eolica,labor,12,0.7940398308741236
Quarter 1,Eolica,labor,13,0.7961619840835904
Quarter 1,Eolica,labor,14,0.8043129637272045
Quarter 1,Eolica,labor,15,0.8151204879812609
Quarter 1,Eolica,labor,16,0.8340691632922276
Quarter 1,Eolica,labor,17,0.8702659310261128
Quarter 1,Eolica,labor,18,0.8937200111801747
Quarter 1,Eolica,labor,19,0.8952720664503157
Quarter 1,Eolica,labor,20,0.8917543633766708
Quarter 1,Eolica,labor,21,0.8816447998036433
Quarter 1,Eolica,labor,22,0.8697906229154438
Quarter 1,Eolica,labor,23,0.8518951853869484
Quarter 2,Eolica,labor,0,0.803354885088826
Quarter 2,Eolica,labor,1,0.7958590371303603
Quarter 2,Eolica,labor,2,0.7885317575502366
Quarter 2,Eolica,labor,3,0.7854055485350702
Quarter 2,Eolica,labor,4,0.7845550935299165
Quarter 2,Eolica,labor,5,0.7807669163087706
Quarter 2,Eolica,labor,6,0.7588435583373601
Quarter 2,Eolica,labor,7,0.7490244593524719
Quarter 2,Eolica,labor,8,0.7430550459886641
Quarter 2,Eolica,labor,9,0.751448823766428
Quarter 2,Eolica,labor,10,0.7581986813500031
Quarter 2,Eolica,labor,11,0.7601316468760886
Quarter 2,Eolica,labor,12,0.7509609253221344
Quarter 2,Eolica,labor,13,0.7462221369010519
Quarter 2,Eolica,labor,14,0.7497992475609266
Quarter 2,Eolica,labor,15,0.7663222748247606
Quarter 2,Eolica,labor,16,0.7793396517180149
Quarter 2,Eolica,labor,17,0.8113663050219451
Quarter 2,Eolica,labor,18,0.8371084617910401
Quarter 2,Eolica,labor,19,0.841346568584514
Quarter 2,Eolica,labor,20,0.8387209396127101
Quarter 2,Eolica,labor,21,0.8351613473549012
Quarter 2,Eolica,labor,22,0.8249693096954941
Quarter 2,Eolica,labor,23,0.8135697427929044
Quarter 3,Eolica,labor,0,0.7960685945373291
Quarter 3,Eolica,labor,1,0.7794747290020888
Quarter 3,Eolica,labor,2,0.7710209800856725
Quarter 3,Eolica,labor,3,0.7716197861428808
Quarter 3,Eolica,labor,4,0.7713726558649053
Quarter 3,Eolica,labor,5,0.7853567232134105
Quarter 3,Eolica,labor,6,0.7838530232922324
Quarter 3,Eolica,labor,7,0.7571398461395038
Quarter 3,Eolica,labor,8,0.7487900171856721
Quarter 3,Eolica,labor,9,0.7478560188404614
Quarter 3,Eolica,labor,10,0.7457848521075391
Quarter 3,Eolica,labor,11,0.745102651045633
Quarter 3,Eolica,labor,12,0.7326176789400148
Quarter 3,Eolica,labor,13,0.7182335056210908
Quarter 3,Eolica,labor,14,0.711568001825552
Quarter 3,Eolica,labor,15,0.709274096038425
Quarter 3,Eolica,labor,16,0.7178392607450209
Quarter 3,Eolica,labor,17,0.7552357893181757
Quarter 3,Eolica,labor,18,0.804776354629682
Quarter 3,Eolica,labor,19,0.8221047950720405
Quarter 3,Eolica,labor,20,0.8295245954774377
Quarter 3,Eolica,labor,21,0.8305368283575096
Quarter 3,Eolica,labor,22,0.8192157856698801
Quarter 3,Eolica,labor,23,0.8059418368875081
Quarter 4,Eolica,labor,0,0.7240384874101803
Quarter 4,Eolica,labor,1,0.7110764142106465
Quarter 4,Eolica,labor,2,0.6995305025312494
Quarter 4,Eolica,labor,3,0.69121547259504
Quarter 4,Eolica,labor,4,0.6862341816118039
Quarter 4,Eolica,labor,5,0.676032674964966
Quarter 4,Eolica,labor,6,0.6728699733363324
Quarter 4,Eolica,labor,7,0.643778176403355
Quarter 4,Eolica,labor,8,0.6280977601355368
Quarter 4,Eolica,labor,9,0.6170360317365055
Quarter 4,Eolica,labor,10,0.6058663731829803
Quarter 4,Eolica,labor,11,0.5899476197929551
Quarter 4,Eolica,labor,12,0.5709812106431665
Quarter 4,Eolica,labor,13,0.5582584261075525
Quarter 4,Eolica,labor,14,0.5581540069538298
Quarter 4,Eolica,labor,15,0.579128525279999
Quarter 4,Eolica,labor,16,0.6228079834489264
Quarter 4,Eolica,labor,17,0.6916944198711571
Quarter 4,Eolica,labor,18,0.739260361848924
Quarter 4,Eolica,labor,19,0.758898498728464
Quarter 4,Eolica,labor,20,0.7669271914136718
Quarter 4,Eolica,labor,21,0.7653122643059325
Quarter 4,Eolica,labor,22,0.7565006708090386
Quarter 4,Eolica,labor,23,0.7398658786473936
Quarter 1,Hidro,labor,0,0.5872839358455014
Quarter 1,Hidro,labor,1,0.5873456462082297
Quarter 1,Hidro,labor,2,0.586019133533355
Quarter 1,Hidro,labor,3,0.5846206344213795
Quarter 1,Hidro,labor,4,0.5839453476120299
Quarter 1,Hidro,labor,5,0.5834262369251649
Quarter 1,Hidro,labor,6,0.5822138307558213
Quarter 1,Hidro,labor,7,0.5837423281073145
Quarter 1,Hidro,labor,8,0.5839330465756499
Quarter 1,Hidro,labor,9,0.5859963574568282
Quarter 1,Hidro,labor,10,0.5893089198674201
Quarter 1,Hidro,labor,11,0.5931211663922931
Quarter 1,Hidro,labor,12,0.5953578144870388
Quarter 1,Hidro,labor,13,0.5971325618837432
Quarter 1,Hidro,labor,14,0.594787664837926
Quarter 1,Hidro,labor,15,0.5915852492320903
Quarter 1,Hidro,labor,16,0.5908876724472553
Quarter 1,Hidro,labor,17,0.594540435068362
Quarter 1,Hidro,labor,18,0.6019523336228526
Quarter 1,Hidro,labor,19,0.6022260500321233
Quarter 1,Hidro,labor,20,0.601192273455114
Quarter 1,Hidro,labor,21,0.5958926535952677
Quarter 1,Hidro,labor,22,0.5927239536373717
Quarter 1,Hidro,labor,23,0.5898334231071982
Quarter 2,Hidro,labor,0,0.6327336340221382
Quarter 2,Hidro,labor,1,0.6328601266227242
Quarter 2,Hidro,labor,2,0.6324281360880906
Quarter 2,Hidro,labor,3,0.6303687413200069
Quarter 2,Hidro,labor,4,0.629210408276088
Quarter 2,Hidro,labor,5,0.6285290966642424
Quarter 2,Hidro,labor,6,0.6310643260614955
Quarter 2,Hidro,labor,7,0.6301845987438713
Quarter 2,Hidro,labor,8,0.6291377138098739
Quarter 2,Hidro,labor,9,0.631492847757074
Quarter 2,Hidro,labor,10,0.6331313234462088
Quarter 2,Hidro,labor,11,0.6358086632728573
Quarter 2,Hidro,labor,12,0.640694737457177
Quarter 2,Hidro,labor,13,0.6426272532838209
Quarter 2,Hidro,labor,14,0.6424232860654133
Quarter 2,Hidro,labor,15,0.6375690495459415
Quarter 2,Hidro,labor,16,0.6363492937418038
Quarter 2,Hidro,labor,17,0.639922542916373
Quarter 2,Hidro,labor,18,0.6464434480762046
Quarter 2,Hidro,labor,19,0.6476104215889366
Quarter 2,Hidro,labor,20,0.6469306705892262
Quarter 2,Hidro,labor,21,0.644169774979917
Quarter 2,Hidro,labor,22,0.641441762825899
Quarter 2,Hidro,labor,23,0.6390023618889782
Quarter 3,Hidro,labor,0,0.6653535437159807
Quarter 3,Hidro,labor,1,0.6659164454383535
Quarter 3,Hidro,labor,2,0.6645958360419225
Quarter 3,Hidro,labor,3,0.6637517883517657
Quarter 3,Hidro,labor,4,0.6644502321161208
Quarter 3,Hidro,labor,5,0.6646370284772019
Quarter 3,Hidro,labor,6,0.66639246311797
Quarter 3,Hidro,labor,7,0.6644009591771762
Quarter 3,Hidro,labor,8,0.6624351322395274
Quarter 3,Hidro,labor,9,0.6613786315510708
Quarter 3,Hidro,labor,10,0.6601245968597004
Quarter 3,Hidro,labor,11,0.6611158940749761
Quarter 3,Hidro,labor,12,0.663427803866916
Quarter 3,Hidro,labor,13,0.6653115711894644
Quarter 3,Hidro,labor,14,0.6660566321480944
Quarter 3,Hidro,labor,15,0.664762527102833
Quarter 3,Hidro,labor,16,0.6635257775078707
Quarter 3,Hidro,labor,17,0.6651129236795521
Quarter 3,Hidro,labor,18,0.6700471907208022
Quarter 3,Hidro,labor,19,0.6723263887349883
Quarter 3,Hidro,labor,20,0.6716825196042115
Quarter 3,Hidro,labor,21,0.6697419245440661
Quarter 3,Hidro,labor,22,0.6676787256101109
Quarter 3,Hidro,labor,23,0.664335387303223
Quarter 4,Hidro,labor,0,0.6288597733120252
Quarter 4,Hidro,labor,1,0.6270483531898625
Quarter 4,Hidro,labor,2,0.6245196658069164
Quarter 4,Hidro,labor,3,0.6238119903838354
Quarter 4,Hidro,labor,4,0.6228114404235603
Quarter 4,Hidro,labor,5,0.6232096539422869
Quarter 4,Hidro,labor,6,0.6243765100917066
Quarter 4,Hidro,labor,7,0.6245966220981869
Quarter 4,Hidro,labor,8,0.624464949344257
Quarter 4,Hidro,labor,9,0.6253628674338493
Quarter 4,Hidro,labor,10,0.6252552000493996
Quarter 4,Hidro,labor,11,0.6260563339556241
Quarter 4,Hidro,labor,12,0.6294861035550517
Quarter 4,Hidro,labor,13,0.630624578286948
Quarter 4,Hidro,labor,14,0.6295586391325962
Quarter 4,Hidro,labor,15,0.6287101590795393
Quarter 4,Hidro,labor,16,0.6288876434143179
Quarter 4,Hidro,labor,17,0.6305350028631802
Quarter 4,Hidro,labor,18,0.6358090456362362
Quarter 4,Hidro,labor,19,0.6357608158492495
Quarter 4,Hidro,labor,20,0.6346427487142704
Quarter 4,Hidro,labor,21,0.6326176872279764
Quarter 4,Hidro,labor,22,0.631025616951077
Quarter 4,Hidro,labor,23,0.6287730500468731
Quarter 1,RunOfRiver,labor,0,0.530285535165597
Quarter 1,RunOfRiver,labor,1,0.5227992275851981
Quarter 1,RunOfRiver,labor,2,0.5199510039409238
Quarter 1,RunOfRiver,labor,3,0.5181831547619057
Quarter 1,RunOfRiver,labor,4,0.5229528179169117
Quarter 1,RunOfRiver,labor,5,0.5296340840250832
Quarter 1,RunOfRiver,labor,6,0.5409845138198737
Quarter 1,RunOfRiver,labor,7,0.5560702104562357
Quarter 1,RunOfRiver,labor,8,0.5645822308520839
Quarter 1,RunOfRiver,labor,9,0.574586044662989
Quarter 1,RunOfRiver,labor,10,0.5776777507640297
Quarter 1,RunOfRiver,labor,11,0.5796729954716183
Quarter 1,RunOfRiver,labor,12,0.5703498614511829
Quarter 1,RunOfRiver,labor,13,0.561302587252442
Quarter 1,RunOfRiver,labor,14,0.5598712691058262
Quarter 1,RunOfRiver,labor,15,0.5624966628102069
Quarter 1,RunOfRiver,labor,16,0.6135708120074005
Quarter 1,RunOfRiver,labor,17,0.6181266359986447
Quarter 1,RunOfRiver,labor,18,0.6244574869543759
Quarter 1,RunOfRiver,labor,19,0.6214782139417092
Quarter 1,RunOfRiver,labor,20,0.6074465025534115
Quarter 1,RunOfRiver,labor,21,0.5896240942337396
Quarter 1,RunOfRiver,labor,22,0.5763439756324155
Quarter 1,RunOfRiver,labor,23,0.5705485567649344
Quarter 2,RunOfRiver,labor,0,0.6607432972172839
Quarter 2,RunOfRiver,labor,1,0.6498683715497101
Quarter 2,RunOfRiver,labor,2,0.6467080853276201
Quarter 2,RunOfRiver,labor,3,0.639407209739363
Quarter 2,RunOfRiver,labor,4,0.6373645629903244
Quarter 2,RunOfRiver,labor,5,0.6405640986555922
Quarter 2,RunOfRiver,labor,6,0.659521690257571
Quarter 2,RunOfRiver,labor,7,0.6708344652706657
Quarter 2,RunOfRiver,labor,8,0.6893119436898513
Quarter 2,RunOfRiver,labor,9,0.7032784545938389
Quarter 2,RunOfRiver,labor,10,0.7065088746682721
Quarter 2,RunOfRiver,labor,11,0.7145684329292455
Quarter 2,RunOfRiver,labor,12,0.7168185826497891
Quarter 2,RunOfRiver,labor,13,0.715436594285489
Quarter 2,RunOfRiver,labor,14,0.7149157697183023
Quarter 2,RunOfRiver,labor,15,0.7183499954418027
Quarter 2,RunOfRiver,labor,16,0.7588447377482356
Quarter 2,RunOfRiver,labor,17,0.7600926317118344
Quarter 2,RunOfRiver,labor,18,0.7553263370582022
Quarter 2,RunOfRiver,labor,19,0.7487071136517134
Quarter 2,RunOfRiver,labor,20,0.73640415571936
Quarter 2,RunOfRiver,labor,21,0.7264443375435421
Quarter 2,RunOfRiver,labor,22,0.7201726879543441
Quarter 2,RunOfRiver,labor,23,0.706555744272986
Quarter 3,RunOfRiver,labor,0,0.6874324884131491
Quarter 3,RunOfRiver,labor,1,0.6716397482755062
Quarter 3,RunOfRiver,labor,2,0.6692557828942831
Quarter 3,RunOfRiver,labor,3,0.6673001982101451
Quarter 3,RunOfRiver,labor,4,0.668260968832629
Quarter 3,RunOfRiver,labor,5,0.6683933713248338
Quarter 3,RunOfRiver,labor,6,0.6747911287108879
Quarter 3,RunOfRiver,labor,7,0.6858599271495907
Quarter 3,RunOfRiver,labor,8,0.6981870406861092
Quarter 3,RunOfRiver,labor,9,0.7096308325165285
Quarter 3,RunOfRiver,labor,10,0.7072741997383494
Quarter 3,RunOfRiver,labor,11,0.71297637023135
Quarter 3,RunOfRiver,labor,12,0.7049757508276723
Quarter 3,RunOfRiver,labor,13,0.6993945750711619
Quarter 3,RunOfRiver,labor,14,0.701497618538715
Quarter 3,RunOfRiver,labor,15,0.7028262546313405
Quarter 3,RunOfRiver,labor,16,0.7415738737340211
Quarter 3,RunOfRiver,labor,17,0.7516472544168388
Quarter 3,RunOfRiver,labor,18,0.772511933025927
Quarter 3,RunOfRiver,labor,19,0.7664522419427986
Quarter 3,RunOfRiver,labor,20,0.7559424261731432
Quarter 3,RunOfRiver,labor,21,0.7428403594428176
Quarter 3,RunOfRiver,labor,22,0.7303085519646759
Quarter 3,RunOfRiver,labor,23,0.7179319410404462
Quarter 4,RunOfRiver,labor,0,0.5955659464004691
Quarter 4,RunOfRiver,labor,1,0.5732500481653408
Quarter 4,RunOfRiver,labor,2,0.5717902574738483
Quarter 4,RunOfRiver,labor,3,0.5726273922485502
Quarter 4,RunOfRiver,labor,4,0.5735018890382457
Quarter 4,RunOfRiver,labor,5,0.5910603220160284
Quarter 4,RunOfRiver,labor,6,0.608219020069565
Quarter 4,RunOfRiver,labor,7,0.6243522357982714
Quarter 4,RunOfRiver,labor,8,0.6498748547110603
Quarter 4,RunOfRiver,labor,9,0.6619834811666949
Quarter 4,RunOfRiver,labor,10,0.6622222357725559
Quarter 4,RunOfRiver,labor,11,0.6726367922193581
Quarter 4,RunOfRiver,labor,12,0.6465235230008165
Quarter 4,RunOfRiver,labor,13,0.6290182694522201
Quarter 4,RunOfRiver,labor,14,0.6253466655076956
Quarter 4,RunOfRiver,labor,15,0.6263686505034352
Quarter 4,RunOfRiver,labor,16,0.6907005961974669
Quarter 4,RunOfRiver,labor,17,0.7115417957735908
Quarter 4,RunOfRiver,labor,18,0.7449351071868681
Quarter 4,RunOfRiver,labor,19,0.739705285263253
Quarter 4,RunOfRiver,labor,20,0.7162721403831558
Quarter 4,RunOfRiver,labor,21,0.6900023517062123
Quarter 4,RunOfRiver,labor,22,0.6756158485898797
Quarter 4,RunOfRiver,labor,23,0.6542833503177399
