timestamp,Tech,GeneReal
2023_Q1_holidays_0h,Hydro,2059.6044276923076
2023_Q1_holidays_0h,Run of River,189.59801423076922
2023_Q1_holidays_0h,Thermal,298.9526969230769
2023_Q1_holidays_0h,Wind,20.023810769230767
2023_Q1_holidays_10h,Hydro,1949.2337458974357
2023_Q1_holidays_10h,Run of River,203.4481
2023_Q1_holidays_10h,Solar,116.84686615384615
2023_Q1_holidays_10h,Thermal,270.3198375
2023_Q1_holidays_10h,Wind,19.815294166666664
2023_Q1_holidays_11h,Hydro,2017.5841556410257
2023_Q1_holidays_11h,Run of River,204.65551
2023_Q1_holidays_11h,Solar,132.94803576923076
2023_Q1_holidays_11h,Thermal,281.5283175
2023_Q1_holidays_11h,Wind,20.656546666666667
2023_Q1_holidays_12h,Hydro,2093.2564446153847
2023_Q1_holidays_12h,Run of River,204.46315846153846
2023_Q1_holidays_12h,Solar,134.52218769230768
2023_Q1_holidays_12h,Thermal,286.87748625
2023_Q1_holidays_12h,Wind,22.92231
2023_Q1_holidays_13h,Hydro,2129.65018
2023_Q1_holidays_13h,Run of River,189.0548023076923
2023_Q1_holidays_13h,Solar,134.67065384615384
2023_Q1_holidays_13h,Thermal,292.656345
2023_Q1_holidays_13h,Wind,25.319405
2023_Q1_holidays_14h,Hydro,2134.265861025641
2023_Q1_holidays_14h,Run of River,179.79325576923077
2023_Q1_holidays_14h,Solar,126.72244807692309
2023_Q1_holidays_14h,Thermal,293.5272375
2023_Q1_holidays_14h,Wind,25.597529166666664
2023_Q1_holidays_15h,Hydro,2103.624533846154
2023_Q1_holidays_15h,Run of River,178.9396396153846
2023_Q1_holidays_15h,Solar,119.79656961538461
2023_Q1_holidays_15h,Thermal,293.26287584615386
2023_Q1_holidays_15h,Wind,26.09617333333333
2023_Q1_holidays_16h,Hydro,2086.711325128205
2023_Q1_holidays_16h,Run of River,179.63226884615386
2023_Q1_holidays_16h,Solar,103.14597615384615
2023_Q1_holidays_16h,Thermal,296.20980092307695
2023_Q1_holidays_16h,Wind,26.05793416666667
2023_Q1_holidays_17h,Hydro,2084.0603776923076
2023_Q1_holidays_17h,Run of River,184.56638769230767
2023_Q1_holidays_17h,Solar,59.10360923076923
2023_Q1_holidays_17h,Thermal,300.4255969230769
2023_Q1_holidays_17h,Wind,24.707456153846156
2023_Q1_holidays_18h,Hydro,2122.9712894871795
2023_Q1_holidays_18h,Run of River,188.4720473076923
2023_Q1_holidays_18h,Solar,11.990003636363637
2023_Q1_holidays_18h,Thermal,304.146142
2023_Q1_holidays_18h,Wind,25.040038461538465
2023_Q1_holidays_19h,Hydro,2347.9994394871796
2023_Q1_holidays_19h,Run of River,199.86104269230768
2023_Q1_holidays_19h,Solar,0.02351625
2023_Q1_holidays_19h,Thermal,312.2107347692308
2023_Q1_holidays_19h,Wind,24.55031384615385
2023_Q1_holidays_1h,Hydro,2007.3674356410256
2023_Q1_holidays_1h,Run of River,164.28781076923076
2023_Q1_holidays_1h,Thermal,307.9523259375
2023_Q1_holidays_1h,Wind,19.798847692307692
2023_Q1_holidays_20h,Hydro,2428.946163076923
2023_Q1_holidays_20h,Run of River,205.70981961538462
2023_Q1_holidays_20h,Thermal,313.4350770769231
2023_Q1_holidays_20h,Wind,22.905083076923077
2023_Q1_holidays_21h,Hydro,2395.809432820513
2023_Q1_holidays_21h,Run of River,204.1006723076923
2023_Q1_holidays_21h,Thermal,311.9767512307692
2023_Q1_holidays_21h,Wind,22.771668461538464
2023_Q1_holidays_22h,Hydro,2318.857942820513
2023_Q1_holidays_22h,Run of River,199.73674307692306
2023_Q1_holidays_22h,Thermal,306.51592107692306
2023_Q1_holidays_22h,Wind,22.784487692307696
2023_Q1_holidays_23h,Hydro,2191.790078974359
2023_Q1_holidays_23h,Run of River,197.2054196153846
2023_Q1_holidays_23h,Thermal,310.12591390625
2023_Q1_holidays_23h,Wind,21.93121307692308
2023_Q1_holidays_2h,Hydro,1927.3432723076921
2023_Q1_holidays_2h,Run of River,163.46015192307692
2023_Q1_holidays_2h,Thermal,303.9998328125
2023_Q1_holidays_2h,Wind,18.509237692307693
2023_Q1_holidays_3h,Hydro,1877.9379384615384
2023_Q1_holidays_3h,Run of River,165.75062846153847
2023_Q1_holidays_3h,Thermal,289.933043125
2023_Q1_holidays_3h,Wind,17.932244615384615
2023_Q1_holidays_4h,Hydro,1837.8576315384614
2023_Q1_holidays_4h,Run of River,164.71284384615385
2023_Q1_holidays_4h,Thermal,286.08500714285714
2023_Q1_holidays_4h,Wind,18.192339230769228
2023_Q1_holidays_5h,Hydro,1826.2750392307692
2023_Q1_holidays_5h,Run of River,170.7710236
2023_Q1_holidays_5h,Thermal,280.0370230645161
2023_Q1_holidays_5h,Wind,17.71273846153846
2023_Q1_holidays_6h,Hydro,1815.152534871795
2023_Q1_holidays_6h,Run of River,165.4731923076923
2023_Q1_holidays_6h,Solar,0.09956
2023_Q1_holidays_6h,Thermal,272.9755214516129
2023_Q1_holidays_6h,Wind,16.250666923076924
2023_Q1_holidays_7h,Hydro,1756.0336356410255
2023_Q1_holidays_7h,Run of River,169.28353192307694
2023_Q1_holidays_7h,Solar,12.723106666666666
2023_Q1_holidays_7h,Thermal,256.36199403225805
2023_Q1_holidays_7h,Wind,14.058550769230768
2023_Q1_holidays_8h,Hydro,1772.826207948718
2023_Q1_holidays_8h,Run of River,189.2977573076923
2023_Q1_holidays_8h,Solar,56.413250399999995
2023_Q1_holidays_8h,Thermal,260.84700822580646
2023_Q1_holidays_8h,Wind,14.77256
2023_Q1_holidays_9h,Hydro,1859.2523433333333
2023_Q1_holidays_9h,Run of River,200.548315
2023_Q1_holidays_9h,Solar,94.911395
2023_Q1_holidays_9h,Thermal,262.48458111111114
2023_Q1_holidays_9h,Wind,18.775666666666666
2023_Q1_labor_0h,Hydro,2199.5874366233766
2023_Q1_labor_0h,Run of River,185.2698016993464
2023_Q1_labor_0h,Solar,0.000645
2023_Q1_labor_0h,Thermal,321.91401057291665
2023_Q1_labor_0h,Wind,21.92822974025974
2023_Q1_labor_10h,Hydro,2422.2869137662337
2023_Q1_labor_10h,Run of River,206.0794252317881
2023_Q1_labor_10h,Solar,121.58816006493505
2023_Q1_labor_10h,Thermal,312.39972515789475
2023_Q1_labor_10h,Wind,19.42024842105263
2023_Q1_labor_11h,Hydro,2517.6604849350647
2023_Q1_labor_11h,Run of River,206.8497500671141
2023_Q1_labor_11h,Solar,131.40029103896106
2023_Q1_labor_11h,Thermal,317.20076433070864
2023_Q1_labor_11h,Wind,20.94170802631579
2023_Q1_labor_12h,Hydro,2594.5313970129873
2023_Q1_labor_12h,Run of River,204.53240256578945
2023_Q1_labor_12h,Solar,135.27333207792208
2023_Q1_labor_12h,Thermal,322.3212497382199
2023_Q1_labor_12h,Wind,22.374570789473683
2023_Q1_labor_13h,Hydro,2583.8647653246753
2023_Q1_labor_13h,Run of River,187.42485694805194
2023_Q1_labor_13h,Solar,134.3721046103896
2023_Q1_labor_13h,Thermal,325.89398864229764
2023_Q1_labor_13h,Wind,23.75101592105263
2023_Q1_labor_14h,Hydro,2600.9110990476192
2023_Q1_labor_14h,Run of River,173.5622337254902
2023_Q1_labor_14h,Solar,129.06309922077924
2023_Q1_labor_14h,Thermal,329.5362329581152
2023_Q1_labor_14h,Wind,25.247731184210526
2023_Q1_labor_15h,Hydro,2637.5176412121214
2023_Q1_labor_15h,Run of River,175.9688742
2023_Q1_labor_15h,Solar,119.72760181818182
2023_Q1_labor_15h,Thermal,332.84360309711286
2023_Q1_labor_15h,Wind,25.824113466666667
2023_Q1_labor_16h,Hydro,2639.270942857143
2023_Q1_labor_16h,Run of River,173.6741634640523
2023_Q1_labor_16h,Solar,101.9005011764706
2023_Q1_labor_16h,Thermal,335.0430437007874
2023_Q1_labor_16h,Wind,26.0896644
2023_Q1_labor_17h,Hydro,2602.6955065367965
2023_Q1_labor_17h,Run of River,179.2658153896104
2023_Q1_labor_17h,Solar,64.90123837837838
2023_Q1_labor_17h,Thermal,335.57998320209975
2023_Q1_labor_17h,Wind,26.02258434210526
2023_Q1_labor_18h,Hydro,2564.0277687445887
2023_Q1_labor_18h,Run of River,185.66581844155843
2023_Q1_labor_18h,Solar,14.140560088495576
2023_Q1_labor_18h,Thermal,336.8053271315789
2023_Q1_labor_18h,Wind,26.106335789473682
2023_Q1_labor_19h,Hydro,2719.1182290043294
2023_Q1_labor_19h,Run of River,203.27150662337664
2023_Q1_labor_19h,Solar,0.0224646511627907
2023_Q1_labor_19h,Thermal,342.00539856396864
2023_Q1_labor_19h,Wind,25.701163289473683
2023_Q1_labor_1h,Hydro,2080.71618995671
2023_Q1_labor_1h,Run of River,168.36475307189542
2023_Q1_labor_1h,Solar,0.0012699999999999999
2023_Q1_labor_1h,Thermal,304.4823162597403
2023_Q1_labor_1h,Wind,20.540196103896104
2023_Q1_labor_20h,Hydro,2750.9289304329004
2023_Q1_labor_20h,Run of River,209.3661487012987
2023_Q1_labor_20h,Solar,4e-05
2023_Q1_labor_20h,Thermal,344.77485489583336
2023_Q1_labor_20h,Wind,24.303351818181817
2023_Q1_labor_21h,Hydro,2665.21538995671
2023_Q1_labor_21h,Run of River,208.126287012987
2023_Q1_labor_21h,Solar,3.0000000000000004e-05
2023_Q1_labor_21h,Thermal,345.1287154947917
2023_Q1_labor_21h,Wind,23.228203896103896
2023_Q1_labor_22h,Hydro,2536.619384718615
2023_Q1_labor_22h,Run of River,204.99558292207794
2023_Q1_labor_22h,Thermal,338.83918180156655
2023_Q1_labor_22h,Wind,22.79565974025974
2023_Q1_labor_23h,Hydro,2358.5525787012984
2023_Q1_labor_23h,Run of River,196.36513136363638
2023_Q1_labor_23h,Thermal,330.8119015104167
2023_Q1_labor_23h,Wind,22.503550909090908
2023_Q1_labor_2h,Hydro,2005.9208888311687
2023_Q1_labor_2h,Run of River,166.38117013071894
2023_Q1_labor_2h,Solar,0.0008449999999999999
2023_Q1_labor_2h,Thermal,296.6776388250653
2023_Q1_labor_2h,Wind,19.9055512987013
2023_Q1_labor_3h,Hydro,1953.618782987013
2023_Q1_labor_3h,Run of River,166.43664777777778
2023_Q1_labor_3h,Solar,0.0012249999999999997
2023_Q1_labor_3h,Thermal,289.11938183246076
2023_Q1_labor_3h,Wind,19.210129090909092
2023_Q1_labor_4h,Hydro,1927.61924004329
2023_Q1_labor_4h,Run of River,166.9328677272727
2023_Q1_labor_4h,Solar,0.0008900000000000001
2023_Q1_labor_4h,Thermal,287.5871376923077
2023_Q1_labor_4h,Wind,17.48599181818182
2023_Q1_labor_5h,Hydro,1968.430684025974
2023_Q1_labor_5h,Run of River,169.75934487012987
2023_Q1_labor_5h,Solar,0.001185
2023_Q1_labor_5h,Thermal,286.5801599195711
2023_Q1_labor_5h,Wind,16.509596363636362
2023_Q1_labor_6h,Hydro,2064.813998874459
2023_Q1_labor_6h,Run of River,172.7659372077922
2023_Q1_labor_6h,Solar,0.08692130434782609
2023_Q1_labor_6h,Thermal,290.4769467828418
2023_Q1_labor_6h,Wind,16.18208961038961
2023_Q1_labor_7h,Hydro,2101.681912770563
2023_Q1_labor_7h,Run of River,178.59175863636364
2023_Q1_labor_7h,Solar,17.992523292682925
2023_Q1_labor_7h,Thermal,293.2576262962963
2023_Q1_labor_7h,Wind,15.743254078947368
2023_Q1_labor_8h,Hydro,2205.4278383116884
2023_Q1_labor_8h,Run of River,196.0251222077922
2023_Q1_labor_8h,Solar,65.50060927007299
2023_Q1_labor_8h,Thermal,296.8559305497382
2023_Q1_labor_8h,Wind,15.506857333333334
2023_Q1_labor_9h,Hydro,2338.3776204761907
2023_Q1_labor_9h,Run of River,204.52715660130718
2023_Q1_labor_9h,Solar,100.42469947019868
2023_Q1_labor_9h,Thermal,306.4335469656992
2023_Q1_labor_9h,Wind,17.344429078947368
2023_Q2_holidays_0h,Hydro,2007.1544717948716
2023_Q2_holidays_0h,Run of River,205.4201096153846
2023_Q2_holidays_0h,Thermal,286.77355269841274
2023_Q2_holidays_0h,Wind,19.47395
2023_Q2_holidays_10h,Hydro,1970.9914776923076
2023_Q2_holidays_10h,Run of River,248.04076884615384
2023_Q2_holidays_10h,Solar,73.2398185
2023_Q2_holidays_10h,Thermal,240.44437142857143
2023_Q2_holidays_10h,Wind,15.830991000000001
2023_Q2_holidays_11h,Hydro,2049.688981794872
2023_Q2_holidays_11h,Run of River,245.73273576923077
2023_Q2_holidays_11h,Solar,85.41028025
2023_Q2_holidays_11h,Thermal,244.14478
2023_Q2_holidays_11h,Wind,16.454131
2023_Q2_holidays_12h,Hydro,2109.3841453846157
2023_Q2_holidays_12h,Run of River,256.7706552
2023_Q2_holidays_12h,Solar,88.91560799999999
2023_Q2_holidays_12h,Thermal,240.15646553846156
2023_Q2_holidays_12h,Wind,21.44738090909091
2023_Q2_holidays_13h,Hydro,2154.469308205128
2023_Q2_holidays_13h,Run of River,229.354642
2023_Q2_holidays_13h,Solar,95.46998105263158
2023_Q2_holidays_13h,Thermal,245.8432321875
2023_Q2_holidays_13h,Wind,24.11247818181818
2023_Q2_holidays_14h,Hydro,2152.1503517948718
2023_Q2_holidays_14h,Run of River,215.49338615384616
2023_Q2_holidays_14h,Solar,94.75543710526317
2023_Q2_holidays_14h,Thermal,247.81018671875
2023_Q2_holidays_14h,Wind,26.77811
2023_Q2_holidays_15h,Hydro,2113.1417464102565
2023_Q2_holidays_15h,Run of River,215.2482603846154
2023_Q2_holidays_15h,Solar,86.83358394736841
2023_Q2_holidays_15h,Thermal,259.81052968253965
2023_Q2_holidays_15h,Wind,28.238846363636366
2023_Q2_holidays_16h,Hydro,2101.6205610256407
2023_Q2_holidays_16h,Run of River,214.79594384615388
2023_Q2_holidays_16h,Solar,65.84441641025641
2023_Q2_holidays_16h,Thermal,261.8369203174603
2023_Q2_holidays_16h,Wind,26.340490833333334
2023_Q2_holidays_17h,Hydro,2097.637211025641
2023_Q2_holidays_17h,Run of River,217.44934384615382
2023_Q2_holidays_17h,Solar,40.24863307692308
2023_Q2_holidays_17h,Thermal,263.5685133333333
2023_Q2_holidays_17h,Wind,27.498169166666667
2023_Q2_holidays_18h,Hydro,2119.7812764102564
2023_Q2_holidays_18h,Run of River,228.3586180769231
2023_Q2_holidays_18h,Solar,9.771282702702702
2023_Q2_holidays_18h,Thermal,271.7586541935484
2023_Q2_holidays_18h,Wind,23.84978923076923
2023_Q2_holidays_19h,Hydro,2330.0463617948717
2023_Q2_holidays_19h,Run of River,261.3525742307692
2023_Q2_holidays_19h,Solar,0.024728214285714287
2023_Q2_holidays_19h,Thermal,283.83678111111107
2023_Q2_holidays_19h,Wind,23.26232230769231
2023_Q2_holidays_1h,Hydro,2011.0800815384614
2023_Q2_holidays_1h,Run of River,194.22256153846155
2023_Q2_holidays_1h,Solar,2e-05
2023_Q2_holidays_1h,Thermal,284.31136999999995
2023_Q2_holidays_1h,Wind,20.637987692307693
2023_Q2_holidays_20h,Hydro,2417.6171946153845
2023_Q2_holidays_20h,Run of River,261.7673065384615
2023_Q2_holidays_20h,Solar,1e-05
2023_Q2_holidays_20h,Thermal,292.9006931746032
2023_Q2_holidays_20h,Wind,23.313574615384614
2023_Q2_holidays_21h,Hydro,2372.6598620512823
2023_Q2_holidays_21h,Run of River,257.6446411538461
2023_Q2_holidays_21h,Thermal,296.51649587301586
2023_Q2_holidays_21h,Wind,22.404515384615387
2023_Q2_holidays_22h,Hydro,2266.5224815384613
2023_Q2_holidays_22h,Run of River,255.88282576923078
2023_Q2_holidays_22h,Thermal,292.31927206349206
2023_Q2_holidays_22h,Wind,22.153693846153846
2023_Q2_holidays_23h,Hydro,2130.5241520512823
2023_Q2_holidays_23h,Run of River,240.86893346153846
2023_Q2_holidays_23h,Thermal,291.3511649206349
2023_Q2_holidays_23h,Wind,20.526132307692308
2023_Q2_holidays_2h,Hydro,1926.761364102564
2023_Q2_holidays_2h,Run of River,187.1387803846154
2023_Q2_holidays_2h,Solar,2.9999999999999997e-05
2023_Q2_holidays_2h,Thermal,275.5935425396825
2023_Q2_holidays_2h,Wind,19.28081153846154
2023_Q2_holidays_3h,Hydro,1851.9910215384614
2023_Q2_holidays_3h,Run of River,188.0838526923077
2023_Q2_holidays_3h,Solar,2e-05
2023_Q2_holidays_3h,Thermal,266.858353968254
2023_Q2_holidays_3h,Wind,19.400647499999998
2023_Q2_holidays_4h,Hydro,1812.6116346153844
2023_Q2_holidays_4h,Run of River,190.41148500000003
2023_Q2_holidays_4h,Thermal,255.398813015873
2023_Q2_holidays_4h,Wind,18.401784615384617
2023_Q2_holidays_5h,Hydro,1799.8889602564102
2023_Q2_holidays_5h,Run of River,192.62941307692307
2023_Q2_holidays_5h,Thermal,247.43297174603174
2023_Q2_holidays_5h,Wind,15.272185384615385
2023_Q2_holidays_6h,Hydro,1781.524681025641
2023_Q2_holidays_6h,Run of River,196.06473499999998
2023_Q2_holidays_6h,Solar,0.7755677777777777
2023_Q2_holidays_6h,Thermal,239.77545126984126
2023_Q2_holidays_6h,Wind,13.410236153846155
2023_Q2_holidays_7h,Hydro,1717.0552717948717
2023_Q2_holidays_7h,Run of River,220.03260884615383
2023_Q2_holidays_7h,Solar,14.773116956521738
2023_Q2_holidays_7h,Thermal,232.7190757142857
2023_Q2_holidays_7h,Wind,14.195871666666667
2023_Q2_holidays_8h,Hydro,1772.4500971794873
2023_Q2_holidays_8h,Run of River,240.94292461538458
2023_Q2_holidays_8h,Solar,32.10681425
2023_Q2_holidays_8h,Thermal,236.95058841269844
2023_Q2_holidays_8h,Wind,12.9452375
2023_Q2_holidays_9h,Hydro,1881.0989584615384
2023_Q2_holidays_9h,Run of River,242.2028203846154
2023_Q2_holidays_9h,Solar,53.073329
2023_Q2_holidays_9h,Thermal,240.09445746031747
2023_Q2_holidays_9h,Wind,14.307532
2023_Q2_labor_0h,Hydro,2148.438169578059
2023_Q2_labor_0h,Run of River,201.17115126582277
2023_Q2_labor_0h,Solar,0.00046666666666666666
2023_Q2_labor_0h,Thermal,312.57769761538464
2023_Q2_labor_0h,Wind,22.07402662337662
2023_Q2_labor_10h,Hydro,2418.156779831224
2023_Q2_labor_10h,Run of River,248.09633740259738
2023_Q2_labor_10h,Solar,78.65254008264463
2023_Q2_labor_10h,Thermal,274.9442036061381
2023_Q2_labor_10h,Wind,17.790223243243243
2023_Q2_labor_11h,Hydro,2516.206782827004
2023_Q2_labor_11h,Run of River,246.40352647435896
2023_Q2_labor_11h,Solar,88.59640289256198
2023_Q2_labor_11h,Thermal,282.2018662113402
2023_Q2_labor_11h,Wind,19.281491168831167
2023_Q2_labor_12h,Hydro,2588.844780126582
2023_Q2_labor_12h,Run of River,241.2375323566879
2023_Q2_labor_12h,Solar,94.06901685950413
2023_Q2_labor_12h,Thermal,287.15112378516625
2023_Q2_labor_12h,Wind,22.928353116883116
2023_Q2_labor_13h,Hydro,2572.330825864979
2023_Q2_labor_13h,Run of River,213.74310303797466
2023_Q2_labor_13h,Solar,94.73809214876034
2023_Q2_labor_13h,Thermal,293.20973203608247
2023_Q2_labor_13h,Wind,25.87476233766234
2023_Q2_labor_14h,Hydro,2586.4949139240507
2023_Q2_labor_14h,Run of River,206.66680075949367
2023_Q2_labor_14h,Solar,91.80965871900825
2023_Q2_labor_14h,Thermal,296.67085083969465
2023_Q2_labor_14h,Wind,27.547687012987012
2023_Q2_labor_15h,Hydro,2616.7171323206753
2023_Q2_labor_15h,Run of River,205.9895817721519
2023_Q2_labor_15h,Solar,83.84238219008263
2023_Q2_labor_15h,Thermal,306.8412869132653
2023_Q2_labor_15h,Wind,28.21171974025974
2023_Q2_labor_16h,Hydro,2627.4767811392408
2023_Q2_labor_16h,Run of River,208.09631554140128
2023_Q2_labor_16h,Solar,66.02752719008265
2023_Q2_labor_16h,Thermal,311.6741577634961
2023_Q2_labor_16h,Wind,28.184144805194805
2023_Q2_labor_17h,Hydro,2598.192745991561
2023_Q2_labor_17h,Run of River,212.21011151898733
2023_Q2_labor_17h,Solar,41.43708683544304
2023_Q2_labor_17h,Thermal,306.78780061381076
2023_Q2_labor_17h,Wind,28.576555064935068
2023_Q2_labor_18h,Hydro,2540.689111181435
2023_Q2_labor_18h,Run of River,220.8101737341772
2023_Q2_labor_18h,Solar,11.685564126984127
2023_Q2_labor_18h,Thermal,306.3383185933504
2023_Q2_labor_18h,Wind,28.20956153846154
2023_Q2_labor_19h,Hydro,2686.254703206751
2023_Q2_labor_19h,Run of River,252.09175702531644
2023_Q2_labor_19h,Solar,0.04473709219858156
2023_Q2_labor_19h,Thermal,316.1862291048593
2023_Q2_labor_19h,Wind,26.633711898734177
2023_Q2_labor_1h,Hydro,2024.4617378902954
2023_Q2_labor_1h,Run of River,190.3605729113924
2023_Q2_labor_1h,Solar,0.0002
2023_Q2_labor_1h,Thermal,288.3745430357143
2023_Q2_labor_1h,Wind,21.153687402597402
2023_Q2_labor_20h,Hydro,2741.2331441772153
2023_Q2_labor_20h,Run of River,253.72239202531645
2023_Q2_labor_20h,Solar,1.7647058823529414e-05
2023_Q2_labor_20h,Thermal,325.54688861892583
2023_Q2_labor_20h,Wind,25.60711113924051
2023_Q2_labor_21h,Hydro,2656.7495746835443
2023_Q2_labor_21h,Run of River,252.3471315822785
2023_Q2_labor_21h,Solar,0.0006399999999999999
2023_Q2_labor_21h,Thermal,328.0484750639386
2023_Q2_labor_21h,Wind,24.40476341772152
2023_Q2_labor_22h,Hydro,2504.879035485232
2023_Q2_labor_22h,Run of River,248.51935873417722
2023_Q2_labor_22h,Solar,0.00068
2023_Q2_labor_22h,Thermal,324.40318753213364
2023_Q2_labor_22h,Wind,23.703572948717948
2023_Q2_labor_23h,Hydro,2300.998365400844
2023_Q2_labor_23h,Run of River,231.4749828481013
2023_Q2_labor_23h,Solar,0.00046666666666666666
2023_Q2_labor_23h,Thermal,321.49387633333333
2023_Q2_labor_23h,Wind,22.797305769230768
2023_Q2_labor_2h,Hydro,1964.538782320675
2023_Q2_labor_2h,Run of River,186.3429412658228
2023_Q2_labor_2h,Solar,0.00016
2023_Q2_labor_2h,Thermal,273.8718522307692
2023_Q2_labor_2h,Wind,20.233471666666667
2023_Q2_labor_3h,Hydro,1921.9462124472575
2023_Q2_labor_3h,Run of River,183.73299675159237
2023_Q2_labor_3h,Solar,0.0001825
2023_Q2_labor_3h,Thermal,263.26867794344474
2023_Q2_labor_3h,Wind,19.142159615384614
2023_Q2_labor_4h,Hydro,1897.9674032911394
2023_Q2_labor_4h,Run of River,182.76607981012657
2023_Q2_labor_4h,Solar,0.00027749999999999997
2023_Q2_labor_4h,Thermal,257.7736194615385
2023_Q2_labor_4h,Wind,18.799191447368422
2023_Q2_labor_5h,Hydro,1946.6947659493671
2023_Q2_labor_5h,Run of River,185.62557727848102
2023_Q2_labor_5h,Solar,0.00075
2023_Q2_labor_5h,Thermal,256.1601845128205
2023_Q2_labor_5h,Wind,18.103873733333334
2023_Q2_labor_6h,Hydro,2065.844609578059
2023_Q2_labor_6h,Run of River,192.36057626582277
2023_Q2_labor_6h,Solar,0.5560093220338983
2023_Q2_labor_6h,Thermal,257.2908679539642
2023_Q2_labor_6h,Wind,17.848602465753423
2023_Q2_labor_7h,Hydro,2089.253869113924
2023_Q2_labor_7h,Run of River,216.394295
2023_Q2_labor_7h,Solar,20.31659837837838
2023_Q2_labor_7h,Thermal,257.716784168798
2023_Q2_labor_7h,Wind,16.711144246575344
2023_Q2_labor_8h,Hydro,2199.574817299578
2023_Q2_labor_8h,Run of River,238.98911018987343
2023_Q2_labor_8h,Solar,38.34797191111112
2023_Q2_labor_8h,Thermal,261.3598340769231
2023_Q2_labor_8h,Wind,17.13910589041096
2023_Q2_labor_9h,Hydro,2332.3067818987342
2023_Q2_labor_9h,Run of River,241.8852744936709
2023_Q2_labor_9h,Solar,61.24017606694561
2023_Q2_labor_9h,Thermal,270.0105037595908
2023_Q2_labor_9h,Wind,17.527179459459457
2023_Q3_holidays_0h,Hydro,1830.8503489743591
2023_Q3_holidays_0h,Run of River,186.03315384615385
2023_Q3_holidays_0h,Thermal,409.99263199999996
2023_Q3_holidays_0h,Wind,18.93491076923077
2023_Q3_holidays_10h,Hydro,1760.9020643589745
2023_Q3_holidays_10h,Run of River,213.3242803846154
2023_Q3_holidays_10h,Solar,83.98021176470587
2023_Q3_holidays_10h,Thermal,355.28251507692306
2023_Q3_holidays_10h,Wind,17.888526923076924
2023_Q3_holidays_11h,Hydro,1817.5642553846153
2023_Q3_holidays_11h,Run of River,214.26378923076922
2023_Q3_holidays_11h,Solar,99.04781666666666
2023_Q3_holidays_11h,Thermal,365.05771076923077
2023_Q3_holidays_11h,Wind,18.566558461538463
2023_Q3_holidays_12h,Hydro,1887.5439110256411
2023_Q3_holidays_12h,Run of River,210.67451576923077
2023_Q3_holidays_12h,Solar,102.68795784313727
2023_Q3_holidays_12h,Thermal,373.66116875
2023_Q3_holidays_12h,Wind,19.976539230769227
2023_Q3_holidays_13h,Hydro,1939.9312892307692
2023_Q3_holidays_13h,Run of River,191.65221038461536
2023_Q3_holidays_13h,Solar,101.79492599999999
2023_Q3_holidays_13h,Thermal,376.290945625
2023_Q3_holidays_13h,Wind,22.950033076923077
2023_Q3_holidays_14h,Hydro,1944.2503997435897
2023_Q3_holidays_14h,Run of River,186.8469796153846
2023_Q3_holidays_14h,Solar,93.9831806
2023_Q3_holidays_14h,Thermal,379.5294003125
2023_Q3_holidays_14h,Wind,25.65026076923077
2023_Q3_holidays_15h,Hydro,1912.9338694871794
2023_Q3_holidays_15h,Run of River,186.51988346153848
2023_Q3_holidays_15h,Solar,83.6775442
2023_Q3_holidays_15h,Thermal,380.08129171875
2023_Q3_holidays_15h,Wind,25.93675
2023_Q3_holidays_16h,Hydro,1904.7552674358974
2023_Q3_holidays_16h,Run of River,185.03106615384615
2023_Q3_holidays_16h,Solar,63.407951000000004
2023_Q3_holidays_16h,Thermal,384.54559828125
2023_Q3_holidays_16h,Wind,25.425158461538462
2023_Q3_holidays_17h,Hydro,1901.7130817948719
2023_Q3_holidays_17h,Run of River,188.26491653846153
2023_Q3_holidays_17h,Solar,37.83697843137255
2023_Q3_holidays_17h,Thermal,387.80861
2023_Q3_holidays_17h,Wind,26.08794
2023_Q3_holidays_18h,Hydro,1904.8997017948718
2023_Q3_holidays_18h,Run of River,190.93346192307692
2023_Q3_holidays_18h,Solar,11.35824659574468
2023_Q3_holidays_18h,Thermal,401.3497596875
2023_Q3_holidays_18h,Wind,27.182099166666664
2023_Q3_holidays_19h,Hydro,2091.8463723076925
2023_Q3_holidays_19h,Run of River,211.32538153846156
2023_Q3_holidays_19h,Solar,0.13576757575757578
2023_Q3_holidays_19h,Thermal,423.0741234375
2023_Q3_holidays_19h,Wind,23.675211538461536
2023_Q3_holidays_1h,Hydro,1828.2732079487178
2023_Q3_holidays_1h,Run of River,180.97756384615383
2023_Q3_holidays_1h,Solar,0.00015
2023_Q3_holidays_1h,Thermal,404.543712
2023_Q3_holidays_1h,Wind,21.516714615384615
2023_Q3_holidays_20h,Hydro,2208.67667
2023_Q3_holidays_20h,Run of River,227.77691153846155
2023_Q3_holidays_20h,Solar,2e-05
2023_Q3_holidays_20h,Thermal,428.19621453125
2023_Q3_holidays_20h,Wind,22.814206923076924
2023_Q3_holidays_21h,Hydro,2178.2271864102563
2023_Q3_holidays_21h,Run of River,226.15926000000002
2023_Q3_holidays_21h,Solar,0.00013000000000000002
2023_Q3_holidays_21h,Thermal,428.209093125
2023_Q3_holidays_21h,Wind,22.135094615384617
2023_Q3_holidays_22h,Hydro,2097.64150025641
2023_Q3_holidays_22h,Run of River,221.22971730769228
2023_Q3_holidays_22h,Thermal,416.86067861538464
2023_Q3_holidays_22h,Wind,21.422718461538462
2023_Q3_holidays_23h,Hydro,1958.5734071794873
2023_Q3_holidays_23h,Run of River,202.93634115384614
2023_Q3_holidays_23h,Thermal,419.0619681538462
2023_Q3_holidays_23h,Wind,20.322323846153843
2023_Q3_holidays_2h,Hydro,1750.6981892307692
2023_Q3_holidays_2h,Run of River,174.1376876923077
2023_Q3_holidays_2h,Solar,0.00016
2023_Q3_holidays_2h,Thermal,391.6371316923077
2023_Q3_holidays_2h,Wind,20.4663875
2023_Q3_holidays_3h,Hydro,1712.1964725641026
2023_Q3_holidays_3h,Run of River,174.31904346153846
2023_Q3_holidays_3h,Solar,0.00016
2023_Q3_holidays_3h,Thermal,369.23356169230766
2023_Q3_holidays_3h,Wind,20.551090909090906
2023_Q3_holidays_4h,Hydro,1678.575933076923
2023_Q3_holidays_4h,Run of River,172.52220999999997
2023_Q3_holidays_4h,Solar,0.00014000000000000001
2023_Q3_holidays_4h,Thermal,352.1006090769231
2023_Q3_holidays_4h,Wind,21.398615454545453
2023_Q3_holidays_5h,Hydro,1655.260490769231
2023_Q3_holidays_5h,Run of River,174.73478884615386
2023_Q3_holidays_5h,Solar,0.00011999999999999999
2023_Q3_holidays_5h,Thermal,343.07448123076927
2023_Q3_holidays_5h,Wind,19.7414575
2023_Q3_holidays_6h,Hydro,1637.1616417948717
2023_Q3_holidays_6h,Run of River,177.49584076923077
2023_Q3_holidays_6h,Solar,0.19724769230769232
2023_Q3_holidays_6h,Thermal,329.99414861538463
2023_Q3_holidays_6h,Wind,17.14818153846154
2023_Q3_holidays_7h,Hydro,1569.8488484615384
2023_Q3_holidays_7h,Run of River,183.39985846153846
2023_Q3_holidays_7h,Solar,17.284396969696967
2023_Q3_holidays_7h,Thermal,326.59969661538463
2023_Q3_holidays_7h,Wind,16.423496153846152
2023_Q3_holidays_8h,Hydro,1632.3166505128206
2023_Q3_holidays_8h,Run of River,194.79482346153844
2023_Q3_holidays_8h,Solar,44.28661176470589
2023_Q3_holidays_8h,Thermal,329.73599723076927
2023_Q3_holidays_8h,Wind,18.77485846153846
2023_Q3_holidays_9h,Hydro,1701.5535197435897
2023_Q3_holidays_9h,Run of River,205.7185773076923
2023_Q3_holidays_9h,Solar,70.05849588235294
2023_Q3_holidays_9h,Thermal,341.14580938461535
2023_Q3_holidays_9h,Wind,18.400764615384613
2023_Q3_labor_0h,Hydro,2006.370012236287
2023_Q3_labor_0h,Run of River,183.11315025316455
2023_Q3_labor_0h,Solar,0.00017555555555555556
2023_Q3_labor_0h,Thermal,431.4523986835443
2023_Q3_labor_0h,Wind,21.39690407894737
2023_Q3_labor_10h,Hydro,2247.221446793249
2023_Q3_labor_10h,Run of River,210.64218426751594
2023_Q3_labor_10h,Solar,85.40152412140574
2023_Q3_labor_10h,Thermal,392.51606233502537
2023_Q3_labor_10h,Wind,18.55306576923077
2023_Q3_labor_11h,Hydro,2343.972964345992
2023_Q3_labor_11h,Run of River,212.99389852564104
2023_Q3_labor_11h,Solar,96.23670348242811
2023_Q3_labor_11h,Thermal,402.5209839847716
2023_Q3_labor_11h,Wind,19.222230384615383
2023_Q3_labor_12h,Hydro,2415.0275624472574
2023_Q3_labor_12h,Run of River,207.27664556962026
2023_Q3_labor_12h,Solar,98.92768233226838
2023_Q3_labor_12h,Thermal,413.6620614974619
2023_Q3_labor_12h,Wind,21.555696708860758
2023_Q3_labor_13h,Hydro,2392.189852447257
2023_Q3_labor_13h,Run of River,191.10535930379746
2023_Q3_labor_13h,Solar,98.37427188498403
2023_Q3_labor_13h,Thermal,422.7184594132653
2023_Q3_labor_13h,Wind,22.907253797468357
2023_Q3_labor_14h,Hydro,2411.1083840506326
2023_Q3_labor_14h,Run of River,184.96747632911394
2023_Q3_labor_14h,Solar,92.76686686900959
2023_Q3_labor_14h,Thermal,430.95831676020407
2023_Q3_labor_14h,Wind,23.596858076923077
2023_Q3_labor_15h,Hydro,2454.411271772152
2023_Q3_labor_15h,Run of River,186.30466719745223
2023_Q3_labor_15h,Solar,83.56718657051283
2023_Q3_labor_15h,Thermal,436.8170683163266
2023_Q3_labor_15h,Wind,24.119583896103897
2023_Q3_labor_16h,Hydro,2461.26560021097
2023_Q3_labor_16h,Run of River,184.87443356687896
2023_Q3_labor_16h,Solar,67.89458916666668
2023_Q3_labor_16h,Thermal,437.0920104568528
2023_Q3_labor_16h,Wind,24.159833797468355
2023_Q3_labor_17h,Hydro,2433.4619030801687
2023_Q3_labor_17h,Run of River,187.86768535031848
2023_Q3_labor_17h,Solar,44.656564077669906
2023_Q3_labor_17h,Thermal,435.95043538071064
2023_Q3_labor_17h,Wind,24.54724594936709
2023_Q3_labor_18h,Hydro,2364.0822629957806
2023_Q3_labor_18h,Run of River,190.85130620253165
2023_Q3_labor_18h,Solar,12.654010787671233
2023_Q3_labor_18h,Thermal,437.47679271573605
2023_Q3_labor_18h,Wind,25.16448743589744
2023_Q3_labor_19h,Hydro,2512.1528580168774
2023_Q3_labor_19h,Run of River,209.28201797468353
2023_Q3_labor_19h,Solar,0.20168333333333333
2023_Q3_labor_19h,Thermal,446.2540720812183
2023_Q3_labor_19h,Wind,25.162663974358974
2023_Q3_labor_1h,Hydro,1892.0318071729957
2023_Q3_labor_1h,Run of River,175.11637101265825
2023_Q3_labor_1h,Solar,0.000253
2023_Q3_labor_1h,Thermal,396.1211427848101
2023_Q3_labor_1h,Wind,19.955983636363637
2023_Q3_labor_20h,Hydro,2598.9670917299577
2023_Q3_labor_20h,Run of River,222.06820993670888
2023_Q3_labor_20h,Solar,0.00026631578947368417
2023_Q3_labor_20h,Thermal,451.5308934010152
2023_Q3_labor_20h,Wind,24.096867307692307
2023_Q3_labor_21h,Hydro,2527.564183670886
2023_Q3_labor_21h,Run of River,221.46309702531644
2023_Q3_labor_21h,Solar,0.00019
2023_Q3_labor_21h,Thermal,453.68925418781726
2023_Q3_labor_21h,Wind,23.374923947368423
2023_Q3_labor_22h,Hydro,2374.010160337553
2023_Q3_labor_22h,Run of River,212.67252164556962
2023_Q3_labor_22h,Solar,0.0001875
2023_Q3_labor_22h,Thermal,449.3409652658228
2023_Q3_labor_22h,Wind,23.017801866666666
2023_Q3_labor_23h,Hydro,2179.585410084388
2023_Q3_labor_23h,Run of River,195.54810816455696
2023_Q3_labor_23h,Solar,0.00020333333333333333
2023_Q3_labor_23h,Thermal,444.97182779746834
2023_Q3_labor_23h,Wind,22.39837837837838
2023_Q3_labor_2h,Hydro,1834.022992742616
2023_Q3_labor_2h,Run of River,173.53087639240505
2023_Q3_labor_2h,Solar,0.00028125000000000003
2023_Q3_labor_2h,Thermal,372.7901497468354
2023_Q3_labor_2h,Wind,19.061312
2023_Q3_labor_3h,Hydro,1790.2096083122362
2023_Q3_labor_3h,Run of River,170.93733253164555
2023_Q3_labor_3h,Solar,0.000275
2023_Q3_labor_3h,Thermal,358.24214081012656
2023_Q3_labor_3h,Wind,18.285427972972972
2023_Q3_labor_4h,Hydro,1767.7965735021098
2023_Q3_labor_4h,Run of River,171.90779594936708
2023_Q3_labor_4h,Solar,0.0002733333333333334
2023_Q3_labor_4h,Thermal,350.4998104810127
2023_Q3_labor_4h,Wind,17.74346418918919
2023_Q3_labor_5h,Hydro,1804.988787341772
2023_Q3_labor_5h,Run of River,174.71481310126583
2023_Q3_labor_5h,Solar,0.00027833333333333334
2023_Q3_labor_5h,Thermal,350.47437432911397
2023_Q3_labor_5h,Wind,16.742407162162163
2023_Q3_labor_6h,Hydro,1886.5860612236286
2023_Q3_labor_6h,Run of River,178.25161512658227
2023_Q3_labor_6h,Solar,0.22306493827160492
2023_Q3_labor_6h,Thermal,355.7295376708861
2023_Q3_labor_6h,Wind,16.27828189189189
2023_Q3_labor_7h,Hydro,1924.0409741772153
2023_Q3_labor_7h,Run of River,182.0022674050633
2023_Q3_labor_7h,Solar,21.948065098039216
2023_Q3_labor_7h,Thermal,358.8310893924051
2023_Q3_labor_7h,Wind,16.683742714285717
2023_Q3_labor_8h,Hydro,2043.722030379747
2023_Q3_labor_8h,Run of River,195.63540101265824
2023_Q3_labor_8h,Solar,41.41636666666667
2023_Q3_labor_8h,Thermal,367.40357351898734
2023_Q3_labor_8h,Wind,17.809825342465754
2023_Q3_labor_9h,Hydro,2167.350191223629
2023_Q3_labor_9h,Run of River,206.0201928481013
2023_Q3_labor_9h,Solar,67.4544619169329
2023_Q3_labor_9h,Thermal,383.01853969543146
2023_Q3_labor_9h,Wind,18.33721922077922
2023_Q4_holidays_0h,Hydro,1739.2306074358976
2023_Q4_holidays_0h,Run of River,163.6268830769231
2023_Q4_holidays_0h,Thermal,601.9065329508197
2023_Q4_holidays_0h,Wind,11.280775
2023_Q4_holidays_10h,Hydro,1541.847038974359
2023_Q4_holidays_10h,Run of River,193.69240153846155
2023_Q4_holidays_10h,Solar,111.67334096153846
2023_Q4_holidays_10h,Thermal,546.2034077777778
2023_Q4_holidays_10h,Wind,13.044781
2023_Q4_holidays_11h,Hydro,1615.943402051282
2023_Q4_holidays_11h,Run of River,187.95497115384615
2023_Q4_holidays_11h,Solar,122.31804557692308
2023_Q4_holidays_11h,Thermal,569.2669653225806
2023_Q4_holidays_11h,Wind,12.548338333333334
2023_Q4_holidays_12h,Hydro,1691.9094497435897
2023_Q4_holidays_12h,Run of River,182.8652896153846
2023_Q4_holidays_12h,Solar,126.78697461538461
2023_Q4_holidays_12h,Thermal,576.391524032258
2023_Q4_holidays_12h,Wind,15.04813909090909
2023_Q4_holidays_13h,Hydro,1739.647758205128
2023_Q4_holidays_13h,Run of River,166.2449303846154
2023_Q4_holidays_13h,Solar,125.67563961538463
2023_Q4_holidays_13h,Thermal,580.9928151612903
2023_Q4_holidays_13h,Wind,17.347616666666667
2023_Q4_holidays_14h,Hydro,1738.1740915384614
2023_Q4_holidays_14h,Run of River,161.88709384615385
2023_Q4_holidays_14h,Solar,120.9533003846154
2023_Q4_holidays_14h,Thermal,587.1102970967742
2023_Q4_holidays_14h,Wind,18.80202
2023_Q4_holidays_15h,Hydro,1717.3783143589744
2023_Q4_holidays_15h,Run of River,159.2557573076923
2023_Q4_holidays_15h,Solar,102.13508711538461
2023_Q4_holidays_15h,Thermal,595.1246596774193
2023_Q4_holidays_15h,Wind,20.16313583333333
2023_Q4_holidays_16h,Hydro,1717.600776153846
2023_Q4_holidays_16h,Run of River,157.532325
2023_Q4_holidays_16h,Solar,81.89441294117647
2023_Q4_holidays_16h,Thermal,600.2309333870968
2023_Q4_holidays_16h,Wind,19.247875384615384
2023_Q4_holidays_17h,Hydro,1752.455602051282
2023_Q4_holidays_17h,Run of River,163.25549653846153
2023_Q4_holidays_17h,Solar,38.59238764705883
2023_Q4_holidays_17h,Thermal,618.6427883333333
2023_Q4_holidays_17h,Wind,19.9507825
2023_Q4_holidays_18h,Hydro,1827.691716923077
2023_Q4_holidays_18h,Run of River,169.47361769230767
2023_Q4_holidays_18h,Solar,4.513408444444445
2023_Q4_holidays_18h,Thermal,628.5229885000001
2023_Q4_holidays_18h,Wind,18.329153333333334
2023_Q4_holidays_19h,Hydro,2062.991811538461
2023_Q4_holidays_19h,Run of River,191.74659076923078
2023_Q4_holidays_19h,Solar,0.001395217391304348
2023_Q4_holidays_19h,Thermal,625.9489962295081
2023_Q4_holidays_19h,Wind,17.133035
2023_Q4_holidays_1h,Hydro,1687.1058569230768
2023_Q4_holidays_1h,Run of River,150.96892923076922
2023_Q4_holidays_1h,Thermal,575.7582465625
2023_Q4_holidays_1h,Wind,14.112547000000001
2023_Q4_holidays_20h,Hydro,2122.0054923076923
2023_Q4_holidays_20h,Run of River,202.5805142307692
2023_Q4_holidays_20h,Thermal,627.2871713333334
2023_Q4_holidays_20h,Wind,15.59433
2023_Q4_holidays_21h,Hydro,2098.710835897436
2023_Q4_holidays_21h,Run of River,199.85752153846153
2023_Q4_holidays_21h,Thermal,618.6563638333333
2023_Q4_holidays_21h,Wind,13.742505384615384
2023_Q4_holidays_22h,Hydro,2016.419937948718
2023_Q4_holidays_22h,Run of River,196.83538615384617
2023_Q4_holidays_22h,Thermal,612.892385
2023_Q4_holidays_22h,Wind,13.11376
2023_Q4_holidays_23h,Hydro,1881.7750256410254
2023_Q4_holidays_23h,Run of River,183.0850073076923
2023_Q4_holidays_23h,Thermal,604.602521147541
2023_Q4_holidays_23h,Wind,11.701271666666665
2023_Q4_holidays_2h,Hydro,1616.661622820513
2023_Q4_holidays_2h,Run of River,146.79944846153847
2023_Q4_holidays_2h,Thermal,561.51315234375
2023_Q4_holidays_2h,Wind,11.392129
2023_Q4_holidays_3h,Hydro,1555.3547012820513
2023_Q4_holidays_3h,Run of River,142.26642115384615
2023_Q4_holidays_3h,Thermal,548.9821840625
2023_Q4_holidays_3h,Wind,11.923582222222223
2023_Q4_holidays_4h,Hydro,1478.8128987179487
2023_Q4_holidays_4h,Run of River,143.29617076923077
2023_Q4_holidays_4h,Thermal,550.17170359375
2023_Q4_holidays_4h,Wind,11.953898888888888
2023_Q4_holidays_5h,Hydro,1455.784794871795
2023_Q4_holidays_5h,Run of River,144.7671657692308
2023_Q4_holidays_5h,Thermal,543.4630140625
2023_Q4_holidays_5h,Wind,11.903136666666667
2023_Q4_holidays_6h,Hydro,1433.4742828205128
2023_Q4_holidays_6h,Run of River,147.20318923076923
2023_Q4_holidays_6h,Solar,0.56308
2023_Q4_holidays_6h,Thermal,532.59633703125
2023_Q4_holidays_6h,Wind,10.488433333333333
2023_Q4_holidays_7h,Hydro,1365.8150561538462
2023_Q4_holidays_7h,Run of River,158.0820826923077
2023_Q4_holidays_7h,Solar,19.258838421052634
2023_Q4_holidays_7h,Thermal,524.84305828125
2023_Q4_holidays_7h,Wind,8.873878
2023_Q4_holidays_8h,Hydro,1399.8078125641025
2023_Q4_holidays_8h,Run of River,171.67196884615385
2023_Q4_holidays_8h,Solar,50.553934999999996
2023_Q4_holidays_8h,Thermal,537.9755206349207
2023_Q4_holidays_8h,Wind,9.489069
2023_Q4_holidays_9h,Hydro,1463.413217948718
2023_Q4_holidays_9h,Run of River,191.41429076923077
2023_Q4_holidays_9h,Solar,88.11680365384616
2023_Q4_holidays_9h,Thermal,541.8668150793651
2023_Q4_holidays_9h,Wind,9.328905
2023_Q4_labor_0h,Hydro,1894.3922345726494
2023_Q4_labor_0h,Run of River,155.12325858974359
2023_Q4_labor_0h,Solar,0.017616666666666666
2023_Q4_labor_0h,Thermal,604.3764799742268
2023_Q4_labor_0h,Wind,14.80542929577465
2023_Q4_labor_10h,Hydro,2028.4558454273504
2023_Q4_labor_10h,Run of River,183.29251365384616
2023_Q4_labor_10h,Solar,122.97018006410256
2023_Q4_labor_10h,Thermal,602.0486916710182
2023_Q4_labor_10h,Wind,10.690200571428571
2023_Q4_labor_11h,Hydro,2126.0799792735043
2023_Q4_labor_11h,Run of River,177.90640387096775
2023_Q4_labor_11h,Solar,133.76526358974357
2023_Q4_labor_11h,Thermal,609.7039783289817
2023_Q4_labor_11h,Wind,11.669260131578948
2023_Q4_labor_12h,Hydro,2207.4898314957263
2023_Q4_labor_12h,Run of River,166.60166634615385
2023_Q4_labor_12h,Solar,137.96154673076924
2023_Q4_labor_12h,Thermal,609.9394811398964
2023_Q4_labor_12h,Wind,15.039973766233766
2023_Q4_labor_13h,Hydro,2191.727437094017
2023_Q4_labor_13h,Run of River,157.57655621794873
2023_Q4_labor_13h,Solar,137.09496701923078
2023_Q4_labor_13h,Thermal,614.8771725388601
2023_Q4_labor_13h,Wind,18.177292948717948
2023_Q4_labor_14h,Hydro,2220.8290746153843
2023_Q4_labor_14h,Run of River,155.7206569871795
2023_Q4_labor_14h,Solar,128.599396474359
2023_Q4_labor_14h,Thermal,617.2603056589147
2023_Q4_labor_14h,Wind,20.346611410256408
2023_Q4_labor_15h,Hydro,2270.765769017094
2023_Q4_labor_15h,Run of River,157.39598148387097
2023_Q4_labor_15h,Solar,111.0068848076923
2023_Q4_labor_15h,Thermal,622.8443431443299
2023_Q4_labor_15h,Wind,21.080891710526316
2023_Q4_labor_16h,Hydro,2285.443165
2023_Q4_labor_16h,Run of River,156.5917376923077
2023_Q4_labor_16h,Solar,85.63679903846153
2023_Q4_labor_16h,Thermal,628.9411101804124
2023_Q4_labor_16h,Wind,21.63768520547945
2023_Q4_labor_17h,Hydro,2284.3283318376066
2023_Q4_labor_17h,Run of River,162.34934064102563
2023_Q4_labor_17h,Solar,43.97198844155844
2023_Q4_labor_17h,Thermal,629.3209949614395
2023_Q4_labor_17h,Wind,22.27454527777778
2023_Q4_labor_18h,Hydro,2283.366182222222
2023_Q4_labor_18h,Run of River,169.3652096153846
2023_Q4_labor_18h,Solar,5.653374
2023_Q4_labor_18h,Thermal,634.5485829305912
2023_Q4_labor_18h,Wind,23.033225633802815
2023_Q4_labor_19h,Hydro,2430.989646837607
2023_Q4_labor_19h,Run of River,187.85093232258066
2023_Q4_labor_19h,Solar,0.0029269166666666666
2023_Q4_labor_19h,Thermal,646.8524714138817
2023_Q4_labor_19h,Wind,21.989341830985914
2023_Q4_labor_1h,Hydro,1768.5435843589744
2023_Q4_labor_1h,Run of River,144.61423602564102
2023_Q4_labor_1h,Solar,0.014995
2023_Q4_labor_1h,Thermal,586.4273897395833
2023_Q4_labor_1h,Wind,12.278550142857142
2023_Q4_labor_20h,Hydro,2415.8780225641026
2023_Q4_labor_20h,Run of River,197.5267691025641
2023_Q4_labor_20h,Solar,0.01774
2023_Q4_labor_20h,Thermal,648.9418760411311
2023_Q4_labor_20h,Wind,19.563131891891892
2023_Q4_labor_21h,Hydro,2347.6913909829063
2023_Q4_labor_21h,Run of River,195.24716458064515
2023_Q4_labor_21h,Solar,0.015633333333333336
2023_Q4_labor_21h,Thermal,644.5375677120823
2023_Q4_labor_21h,Wind,18.38087875
2023_Q4_labor_22h,Hydro,2226.312691324786
2023_Q4_labor_22h,Run of River,183.73051166666667
2023_Q4_labor_22h,Solar,0.016526666666666665
2023_Q4_labor_22h,Thermal,633.1090364175258
2023_Q4_labor_22h,Wind,15.705021333333335
2023_Q4_labor_23h,Hydro,2055.385069102564
2023_Q4_labor_23h,Run of River,169.21342743589744
2023_Q4_labor_23h,Solar,0.017576666666666668
2023_Q4_labor_23h,Thermal,618.3999491494845
2023_Q4_labor_23h,Wind,15.399289718309861
2023_Q4_labor_2h,Hydro,1694.4211414529916
2023_Q4_labor_2h,Run of River,140.10194397435896
2023_Q4_labor_2h,Solar,0.015046666666666667
2023_Q4_labor_2h,Thermal,573.6744924739584
2023_Q4_labor_2h,Wind,11.320152142857143
2023_Q4_labor_3h,Hydro,1642.0058786752136
2023_Q4_labor_3h,Run of River,139.47020762820512
2023_Q4_labor_3h,Solar,0.015313333333333333
2023_Q4_labor_3h,Thermal,563.2092787792208
2023_Q4_labor_3h,Wind,11.551733382352941
2023_Q4_labor_4h,Hydro,1608.682669102564
2023_Q4_labor_4h,Run of River,138.71786461538463
2023_Q4_labor_4h,Solar,0.014566666666666667
2023_Q4_labor_4h,Thermal,566.0499870496084
2023_Q4_labor_4h,Wind,11.206675571428573
2023_Q4_labor_5h,Hydro,1646.9425855555555
2023_Q4_labor_5h,Run of River,140.05870653846154
2023_Q4_labor_5h,Solar,0.00997
2023_Q4_labor_5h,Thermal,567.07267609375
2023_Q4_labor_5h,Wind,11.238735223880598
2023_Q4_labor_6h,Hydro,1738.2379387179487
2023_Q4_labor_6h,Run of River,144.84215076923078
2023_Q4_labor_6h,Solar,0.5682333333333334
2023_Q4_labor_6h,Thermal,570.086528203125
2023_Q4_labor_6h,Wind,10.892313174603174
2023_Q4_labor_7h,Hydro,1766.9186323076924
2023_Q4_labor_7h,Run of River,157.43898967948718
2023_Q4_labor_7h,Solar,26.60128162303665
2023_Q4_labor_7h,Thermal,573.7529554427083
2023_Q4_labor_7h,Wind,10.768597377049181
2023_Q4_labor_8h,Hydro,1866.3430742735043
2023_Q4_labor_8h,Run of River,168.33077923076922
2023_Q4_labor_8h,Solar,61.35120172638437
2023_Q4_labor_8h,Thermal,582.2224297395834
2023_Q4_labor_8h,Wind,11.24360380952381
2023_Q4_labor_9h,Hydro,1966.7898956410256
2023_Q4_labor_9h,Run of River,181.81752141935485
2023_Q4_labor_9h,Solar,98.30279669871794
2023_Q4_labor_9h,Thermal,592.9275313054831
2023_Q4_labor_9h,Wind,10.58236671641791
