hydro_project,timeseries,hydro_avg_flow_mw,hydro_min_flow_mw
AMOYA,2023_Q1_labor,34.7158344,0.0058499999999999
BETANIA,2023_Q1_labor,60.7725388,59.29976
CALIMA,2023_Q1_labor,99.6001992,0.006
CHIVOR,2023_Q1_labor,363.904152,0.22623
CUCUANA,2023_Q1_labor,14.9556976,0.01231
C_LLERAS_R,2023_Q1_labor,54.067682000000005,0.00875
DARIO VALENC,2023_Q1_labor,63.106956,0.49721
EL QUIMBO,2023_Q1_labor,162.11506719999997,35.24369
ESCUELAMINAS,2023_Q1_labor,17.596486,0.79247
ESMERALDA,2023_Q1_labor,28.9320372,0.00013
GUATAPE,2023_Q1_labor,532.1702708,0.672
GUAVIO,2023_Q1_labor,722.234368,0.01912
H_ALBAN,2023_Q1_labor,230.0686,0.08
H_GUATRON,2023_Q1_labor,455.9584264,0.05814
H_PAGUA,2023_Q1_labor,399.33411,1e-05
ITUANGO,2023_Q1_labor,270.3585588,0.0001
JAGUAS,2023_Q1_labor,98.9407772,0.0542999999999999
LA TASAJERA,2023_Q1_labor,302.90329,0.03667
MIEL I,2023_Q1_labor,276.7559724,0.09197
PLAYAS,2023_Q1_labor,204.97,0.01
PORCE II,2023_Q1_labor,268.87004,0.23
PORCE III,2023_Q1_labor,601.4559288,0.26943
PRADO,2023_Q1_labor,50.8990132,6e-05
SALTO II,2023_Q1_labor,34.978568,2e-05
SALVAJINA,2023_Q1_labor,154.70644,2e-05
SAN CARLOS,2023_Q1_labor,928.908982,0.04445
SANFRANCISCO,2023_Q1_labor,26.366201999999998,1e-05
SNMIGUEL,2023_Q1_labor,25.631944,0.00281
SOGAMOSO,2023_Q1_labor,510.196704,116.44197
URRA,2023_Q1_labor,79.44100399999999,72.20884
AMOYA,2023_Q1_holidays,36.4566984,0.53926
BETANIA,2023_Q1_holidays,60.579406,59.84668
CALIMA,2023_Q1_holidays,99.6720828,0.03599
CHIVOR,2023_Q1_holidays,305.31278,0.88719
CUCUANA,2023_Q1_holidays,16.0772552,1.3145
C_LLERAS_R,2023_Q1_holidays,47.4790684,15.555040000000002
DARIO VALENC,2023_Q1_holidays,68.4905544,0.03696
EL QUIMBO,2023_Q1_holidays,100.2500876,29.54363
ESCUELAMINAS,2023_Q1_holidays,17.746769999999998,10.28117
ESMERALDA,2023_Q1_holidays,28.233364,6e-05
GUATAPE,2023_Q1_holidays,534.2688028,1.392
GUAVIO,2023_Q1_holidays,590.8617448,0.00148
H_ALBAN,2023_Q1_holidays,50.43028000000005,0.567
H_GUATRON,2023_Q1_holidays,506.14,2.24973
H_PAGUA,2023_Q1_holidays,400.404564,1e-05
ITUANGO,2023_Q1_holidays,271.92371,1.10715
JAGUAS,2023_Q1_holidays,97.7405556,0.28169
LA TASAJERA,2023_Q1_holidays,302.9032852,0.55
MIEL I,2023_Q1_holidays,284.85836,31.81752
PLAYAS,2023_Q1_holidays,204.96,16.31
PORCE II,2023_Q1_holidays,267.99604,0.322
PORCE III,2023_Q1_holidays,572.884018,6.86746
PRADO,2023_Q1_holidays,50.997702,8.999999999999999e-05
SALTO II,2023_Q1_holidays,34.9358084,0.03408
SALVAJINA,2023_Q1_holidays,113.4376288,0.04491
SAN CARLOS,2023_Q1_holidays,784.3612248,0.00061
SANFRANCISCO,2023_Q1_holidays,18.65388400000001,1e-05
SNMIGUEL,2023_Q1_holidays,25.6043172,0.0043
SOGAMOSO,2023_Q1_holidays,490.114288,117.64746
URRA,2023_Q1_holidays,79.25469,72.32888
AMOYA,2023_Q2_labor,48.8131144,0.0030299999999999
BETANIA,2023_Q2_labor,305.5048732,0.23228
CALIMA,2023_Q2_labor,63.81131679999999,0.00034
CHIVOR,2023_Q2_labor,465.1469144,0.18027
CUCUANA,2023_Q2_labor,27.3866412,0.01567
C_LLERAS_R,2023_Q2_labor,52.22787999999999,0.0284899999999999
DARIO VALENC,2023_Q2_labor,99.7934856,0.0675
EL QUIMBO,2023_Q2_labor,142.7640048,40.95992
ESCUELAMINAS,2023_Q2_labor,34.0919888,0.05854
ESMERALDA,2023_Q2_labor,30.0698544,1e-05
GUATAPE,2023_Q2_labor,415.4400008,0.144
GUAVIO,2023_Q2_labor,545.5747044,0.0098599999999999
H_ALBAN,2023_Q2_labor,228.29231999999996,0.078
H_GUATRON,2023_Q2_labor,434.51005,0.09
H_PAGUA,2023_Q2_labor,400.928546,1e-05
ITUANGO,2023_Q2_labor,526.6008007999999,0.00076
JAGUAS,2023_Q2_labor,87.01783,0.00202
LA TASAJERA,2023_Q2_labor,203.68329,0.0733299999999999
MIEL I,2023_Q2_labor,33.513622000000005,28.70466
PLAYAS,2023_Q2_labor,204.91,0.03
PORCE II,2023_Q2_labor,268.68604,0.276
PORCE III,2023_Q2_labor,575.5445011999999,0.6147
PRADO,2023_Q2_labor,51.1145472,0.00026
SALTO II,2023_Q2_labor,34.90771,0.00035
SALVAJINA,2023_Q2_labor,111.2862424,0.0073
SAN CARLOS,2023_Q2_labor,929.6209212,0.00955
SANFRANCISCO,2023_Q2_labor,45.3637264,1e-05
SNMIGUEL,2023_Q2_labor,42.574274,0.89386
SOGAMOSO,2023_Q2_labor,545.5760928,117.87016
URRA,2023_Q2_labor,73.59315120000001,65.49328
AMOYA,2023_Q2_holidays,51.7781256,0.02993
BETANIA,2023_Q2_holidays,150.3175731999999,0.00064
CALIMA,2023_Q2_holidays,15.858,0.17637
CHIVOR,2023_Q2_holidays,323.0400128,1.04242
CUCUANA,2023_Q2_holidays,28.09339,3.90522
C_LLERAS_R,2023_Q2_holidays,51.2803896,8.9424
DARIO VALENC,2023_Q2_holidays,109.7852476,0.2733
EL QUIMBO,2023_Q2_holidays,86.655652,76.52663000000001
ESCUELAMINAS,2023_Q2_holidays,36.052622,12.45958
ESMERALDA,2023_Q2_holidays,30.0394288,0.0002
GUATAPE,2023_Q2_holidays,389.91937,5.856
GUAVIO,2023_Q2_holidays,371.2699748,0.00874
H_ALBAN,2023_Q2_holidays,12.02148,2.979
H_GUATRON,2023_Q2_holidays,438.1602216,1.94938
H_PAGUA,2023_Q2_holidays,501.49114359999993,0.00117
ITUANGO,2023_Q2_holidays,535.76778,266.86046000000005
JAGUAS,2023_Q2_holidays,100.118468,1.05113
LA TASAJERA,2023_Q2_holidays,202.8032936,0.03667
MIEL I,2023_Q2_holidays,165.04464399999998,28.95938
PLAYAS,2023_Q2_holidays,204.94,2.68
PORCE II,2023_Q2_holidays,268.813,4.968
PORCE III,2023_Q2_holidays,627.7697548,10.804530000000002
PRADO,2023_Q2_holidays,51.1027492,1e-05
SALTO II,2023_Q2_holidays,34.8926656,8.999999999999999e-05
SALVAJINA,2023_Q2_holidays,95.7578968,0.0033399999999999
SAN CARLOS,2023_Q2_holidays,733.8056028,5.45185
SANFRANCISCO,2023_Q2_holidays,45.88078,4e-05
SNMIGUEL,2023_Q2_holidays,44.557464,11.15779
SOGAMOSO,2023_Q2_holidays,604.554202,119.40362
URRA,2023_Q2_holidays,72.603302,65.10534
AMOYA,2023_Q3_labor,60.888916,0.03678
BETANIA,2023_Q3_labor,256.4866699999999,0.04942
CALIMA,2023_Q3_labor,105.167432,0.012
CHIVOR,2023_Q3_labor,841.6999235999999,1.02402
CUCUANA,2023_Q3_labor,23.2130228,0.01441
C_LLERAS_R,2023_Q3_labor,54.337252,0.08511
DARIO VALENC,2023_Q3_labor,95.6519364,0.00464
EL QUIMBO,2023_Q3_labor,116.0460904,74.15267999999999
ESCUELAMINAS,2023_Q3_labor,35.1474708,1e-05
ESMERALDA,2023_Q3_labor,24.09099,1e-05
GUATAPE,2023_Q3_labor,416.524812,0.912
GUAVIO,2023_Q3_labor,425.303314,0.00091
H_ALBAN,2023_Q3_labor,69.84615999999998,2.892
H_GUATRON,2023_Q3_labor,357.7936,0.06
H_PAGUA,2023_Q3_labor,400.9850792,1e-05
ITUANGO,2023_Q3_labor,271.075718,0.00852
JAGUAS,2023_Q3_labor,122.42900039999998,0.6987599999999999
LA TASAJERA,2023_Q3_labor,220.38861800000004,0.36667
MIEL I,2023_Q3_labor,33.1697864,21.61449
PLAYAS,2023_Q3_labor,204.5692,0.07
PORCE II,2023_Q3_labor,270.48,0.046
PORCE III,2023_Q3_labor,676.717356,0.00504
PRADO,2023_Q3_labor,48.2126912,8.999999999999999e-05
SALTO II,2023_Q3_labor,24.8576436,0.00025
SALVAJINA,2023_Q3_labor,94.8110388,0.00123
SAN CARLOS,2023_Q3_labor,921.8786928,0.1103799999999999
SANFRANCISCO,2023_Q3_labor,45.920534,1e-05
SNMIGUEL,2023_Q3_labor,38.58579,0.0030299999999999
SOGAMOSO,2023_Q3_labor,546.7375480000001,111.51935
URRA,2023_Q3_labor,232.7350196,74.20494000000001
AMOYA,2023_Q3_holidays,60.875204,1.4005999999999998
BETANIA,2023_Q3_holidays,60.548730000000006,59.88416
CALIMA,2023_Q3_holidays,92.53229,2.70181
CHIVOR,2023_Q3_holidays,769.279984,1.30438
CUCUANA,2023_Q3_holidays,22.8134964,0.03008
C_LLERAS_R,2023_Q3_holidays,53.30805120000001,15.613040000000002
DARIO VALENC,2023_Q3_holidays,105.16198839999998,0.2335
EL QUIMBO,2023_Q3_holidays,100.656974,77.38903
ESCUELAMINAS,2023_Q3_holidays,40.1187796,10.27611
ESMERALDA,2023_Q3_holidays,22.297736399999994,0.0003
GUATAPE,2023_Q3_holidays,421.46406,4.944
GUAVIO,2023_Q3_holidays,253.5824472,6e-05
H_ALBAN,2023_Q3_holidays,5.9058,2.799
H_GUATRON,2023_Q3_holidays,310.3236128,1.38
H_PAGUA,2023_Q3_holidays,518.7912248,0.0014
ITUANGO,2023_Q3_holidays,271.26080400000006,2.29334
JAGUAS,2023_Q3_holidays,107.7583256,3.41509
LA TASAJERA,2023_Q3_holidays,204.3535604,4.98666
MIEL I,2023_Q3_holidays,32.992406,31.45053
PLAYAS,2023_Q3_holidays,204.78,0.59
PORCE II,2023_Q3_holidays,267.72004,1.472
PORCE III,2023_Q3_holidays,616.65382,0.66625
PRADO,2023_Q3_holidays,43.91334,0.00011
SALTO II,2023_Q3_holidays,20.7985124,0.00074
SALVAJINA,2023_Q3_holidays,94.3162852,0.02328
SAN CARLOS,2023_Q3_holidays,922.4500008,0.67083
SANFRANCISCO,2023_Q3_holidays,52.6599244,1e-05
SNMIGUEL,2023_Q3_holidays,41.5338448,3.21132
SOGAMOSO,2023_Q3_holidays,545.4251720000001,119.41947
URRA,2023_Q3_holidays,231.450052,74.30389
AMOYA,2023_Q4_labor,53.5251268,0.00135
BETANIA,2023_Q4_labor,79.476492,59.16481
CALIMA,2023_Q4_labor,95.3249684,0.00349
CHIVOR,2023_Q4_labor,512.9830784,0.00483
CUCUANA,2023_Q4_labor,23.266878,0.01745
C_LLERAS_R,2023_Q4_labor,52.7572404,0.09328
DARIO VALENC,2023_Q4_labor,99.227286,0.0602
EL QUIMBO,2023_Q4_labor,182.23371200000005,8.35747
ESCUELAMINAS,2023_Q4_labor,36.308188,2.3851
ESMERALDA,2023_Q4_labor,22.4246668,1e-05
GUATAPE,2023_Q4_labor,364.86724,0.072
GUAVIO,2023_Q4_labor,537.2328512,0.0001799999999999
H_ALBAN,2023_Q4_labor,208.69356,2.778
H_GUATRON,2023_Q4_labor,431.7400292,0.06
H_PAGUA,2023_Q4_labor,399.3064124,1e-05
ITUANGO,2023_Q4_labor,594.572622,0.00043
JAGUAS,2023_Q4_labor,106.3795348,0.00079
LA TASAJERA,2023_Q4_labor,202.69329,0.33
MIEL I,2023_Q4_labor,36.16170399999999,13.36982
PLAYAS,2023_Q4_labor,204.92,0.01
PORCE II,2023_Q4_labor,268.91603999999995,1.334
PORCE III,2023_Q4_labor,684.4014792,0.6950599999999999
PRADO,2023_Q4_labor,30.2980104,2e-05
SALTO II,2023_Q4_labor,34.873613199999994,3e-05
SALVAJINA,2023_Q4_labor,89.3977704,0.00065
SAN CARLOS,2023_Q4_labor,963.9736172,0.00496
SANFRANCISCO,2023_Q4_labor,45.6401812,1e-05
SNMIGUEL,2023_Q4_labor,25.57414,0.00294
SOGAMOSO,2023_Q4_labor,609.424602,118.67555
URRA,2023_Q4_labor,156.52661999999998,76.20934
AMOYA,2023_Q4_holidays,50.64497,0.0078099999999999
BETANIA,2023_Q4_holidays,60.519828,59.42281
CALIMA,2023_Q4_holidays,71.099836,0.01688
CHIVOR,2023_Q4_holidays,323.2367652,0.12028
CUCUANA,2023_Q4_holidays,22.9009216,0.06929
C_LLERAS_R,2023_Q4_holidays,52.5343092,3.96478
DARIO VALENC,2023_Q4_holidays,95.0987344,0.32172
EL QUIMBO,2023_Q4_holidays,172.31972919999998,77.49339
ESCUELAMINAS,2023_Q4_holidays,39.104588,8.70785
ESMERALDA,2023_Q4_holidays,23.3353356,8.999999999999999e-05
GUATAPE,2023_Q4_holidays,347.83104,8.688
GUAVIO,2023_Q4_holidays,273.9311316,0.00307
H_ALBAN,2023_Q4_holidays,37.93624,2.913
H_GUATRON,2023_Q4_holidays,384.56003,0.03
H_PAGUA,2023_Q4_holidays,398.74596,1e-05
ITUANGO,2023_Q4_holidays,576.8790128,171.64973
JAGUAS,2023_Q4_holidays,128.9213356,1.77504
LA TASAJERA,2023_Q4_holidays,203.42665,7.00333
MIEL I,2023_Q4_holidays,32.98746,30.96207
PLAYAS,2023_Q4_holidays,204.87,0.36
PORCE II,2023_Q4_holidays,268.25548,0.276
PORCE III,2023_Q4_holidays,696.3620212,0.43562
PRADO,2023_Q4_holidays,30.4484816,2e-05
SALTO II,2023_Q4_holidays,34.8808892,0.08208
SALVAJINA,2023_Q4_holidays,80.30697719999999,0.0031
SAN CARLOS,2023_Q4_holidays,929.9319876,3.41094
SANFRANCISCO,2023_Q4_holidays,45.728166,1e-05
SNMIGUEL,2023_Q4_holidays,25.58323,14.31722
SOGAMOSO,2023_Q4_holidays,612.17998,118.98969
URRA,2023_Q4_holidays,158.90316,76.51127000000001
AMOYA,2025_Q1_labor,34.7158344,0.0058499999999999
BETANIA,2025_Q1_labor,60.7725388,59.29976
CALIMA,2025_Q1_labor,99.6001992,0.006
CHIVOR,2025_Q1_labor,363.904152,0.22623
CUCUANA,2025_Q1_labor,14.9556976,0.01231
C_LLERAS_R,2025_Q1_labor,54.067682000000005,0.00875
DARIO VALENC,2025_Q1_labor,63.106956,0.49721
EL QUIMBO,2025_Q1_labor,162.11506719999997,35.24369
ESCUELAMINAS,2025_Q1_labor,17.596486,0.79247
ESMERALDA,2025_Q1_labor,28.9320372,0.00013
GUATAPE,2025_Q1_labor,532.1702708,0.672
GUAVIO,2025_Q1_labor,722.234368,0.01912
H_ALBAN,2025_Q1_labor,230.0686,0.08
H_GUATRON,2025_Q1_labor,455.9584264,0.05814
H_PAGUA,2025_Q1_labor,399.33411,1e-05
ITUANGO,2025_Q1_labor,270.3585588,0.0001
JAGUAS,2025_Q1_labor,98.9407772,0.0542999999999999
LA TASAJERA,2025_Q1_labor,302.90329,0.03667
MIEL I,2025_Q1_labor,276.7559724,0.09197
PLAYAS,2025_Q1_labor,204.97,0.01
PORCE II,2025_Q1_labor,268.87004,0.23
PORCE III,2025_Q1_labor,601.4559288,0.26943
PRADO,2025_Q1_labor,50.8990132,6e-05
SALTO II,2025_Q1_labor,34.978568,2e-05
SALVAJINA,2025_Q1_labor,154.70644,2e-05
SAN CARLOS,2025_Q1_labor,928.908982,0.04445
SANFRANCISCO,2025_Q1_labor,26.366201999999998,1e-05
SNMIGUEL,2025_Q1_labor,25.631944,0.00281
SOGAMOSO,2025_Q1_labor,510.196704,116.44197
URRA,2025_Q1_labor,79.44100399999999,72.20884
AMOYA,2025_Q1_holidays,36.4566984,0.53926
BETANIA,2025_Q1_holidays,60.579406,59.84668
CALIMA,2025_Q1_holidays,99.6720828,0.03599
CHIVOR,2025_Q1_holidays,305.31278,0.88719
CUCUANA,2025_Q1_holidays,16.0772552,1.3145
C_LLERAS_R,2025_Q1_holidays,47.4790684,15.555040000000002
DARIO VALENC,2025_Q1_holidays,68.4905544,0.03696
EL QUIMBO,2025_Q1_holidays,100.2500876,29.54363
ESCUELAMINAS,2025_Q1_holidays,17.746769999999998,10.28117
ESMERALDA,2025_Q1_holidays,28.233364,6e-05
GUATAPE,2025_Q1_holidays,534.2688028,1.392
GUAVIO,2025_Q1_holidays,590.8617448,0.00148
H_ALBAN,2025_Q1_holidays,50.43028000000005,0.567
H_GUATRON,2025_Q1_holidays,506.14,2.24973
H_PAGUA,2025_Q1_holidays,400.404564,1e-05
ITUANGO,2025_Q1_holidays,271.92371,1.10715
JAGUAS,2025_Q1_holidays,97.7405556,0.28169
LA TASAJERA,2025_Q1_holidays,302.9032852,0.55
MIEL I,2025_Q1_holidays,284.85836,31.81752
PLAYAS,2025_Q1_holidays,204.96,16.31
PORCE II,2025_Q1_holidays,267.99604,0.322
PORCE III,2025_Q1_holidays,572.884018,6.86746
PRADO,2025_Q1_holidays,50.997702,8.999999999999999e-05
SALTO II,2025_Q1_holidays,34.9358084,0.03408
SALVAJINA,2025_Q1_holidays,113.4376288,0.04491
SAN CARLOS,2025_Q1_holidays,784.3612248,0.00061
SANFRANCISCO,2025_Q1_holidays,18.65388400000001,1e-05
SNMIGUEL,2025_Q1_holidays,25.6043172,0.0043
SOGAMOSO,2025_Q1_holidays,490.114288,117.64746
URRA,2025_Q1_holidays,79.25469,72.32888
AMOYA,2025_Q2_labor,48.8131144,0.0030299999999999
BETANIA,2025_Q2_labor,305.5048732,0.23228
CALIMA,2025_Q2_labor,63.81131679999999,0.00034
CHIVOR,2025_Q2_labor,465.1469144,0.18027
CUCUANA,2025_Q2_labor,27.3866412,0.01567
C_LLERAS_R,2025_Q2_labor,52.22787999999999,0.0284899999999999
DARIO VALENC,2025_Q2_labor,99.7934856,0.0675
EL QUIMBO,2025_Q2_labor,142.7640048,40.95992
ESCUELAMINAS,2025_Q2_labor,34.0919888,0.05854
ESMERALDA,2025_Q2_labor,30.0698544,1e-05
GUATAPE,2025_Q2_labor,415.4400008,0.144
GUAVIO,2025_Q2_labor,545.5747044,0.0098599999999999
H_ALBAN,2025_Q2_labor,228.29231999999996,0.078
H_GUATRON,2025_Q2_labor,434.51005,0.09
H_PAGUA,2025_Q2_labor,400.928546,1e-05
ITUANGO,2025_Q2_labor,526.6008007999999,0.00076
JAGUAS,2025_Q2_labor,87.01783,0.00202
LA TASAJERA,2025_Q2_labor,203.68329,0.0733299999999999
MIEL I,2025_Q2_labor,33.513622000000005,28.70466
PLAYAS,2025_Q2_labor,204.91,0.03
PORCE II,2025_Q2_labor,268.68604,0.276
PORCE III,2025_Q2_labor,575.5445011999999,0.6147
PRADO,2025_Q2_labor,51.1145472,0.00026
SALTO II,2025_Q2_labor,34.90771,0.00035
SALVAJINA,2025_Q2_labor,111.2862424,0.0073
SAN CARLOS,2025_Q2_labor,929.6209212,0.00955
SANFRANCISCO,2025_Q2_labor,45.3637264,1e-05
SNMIGUEL,2025_Q2_labor,42.574274,0.89386
SOGAMOSO,2025_Q2_labor,545.5760928,117.87016
URRA,2025_Q2_labor,73.59315120000001,65.49328
AMOYA,2025_Q2_holidays,51.7781256,0.02993
BETANIA,2025_Q2_holidays,150.3175731999999,0.00064
CALIMA,2025_Q2_holidays,15.858,0.17637
CHIVOR,2025_Q2_holidays,323.0400128,1.04242
CUCUANA,2025_Q2_holidays,28.09339,3.90522
C_LLERAS_R,2025_Q2_holidays,51.2803896,8.9424
DARIO VALENC,2025_Q2_holidays,109.7852476,0.2733
EL QUIMBO,2025_Q2_holidays,86.655652,76.52663000000001
ESCUELAMINAS,2025_Q2_holidays,36.052622,12.45958
ESMERALDA,2025_Q2_holidays,30.0394288,0.0002
GUATAPE,2025_Q2_holidays,389.91937,5.856
GUAVIO,2025_Q2_holidays,371.2699748,0.00874
H_ALBAN,2025_Q2_holidays,12.02148,2.979
H_GUATRON,2025_Q2_holidays,438.1602216,1.94938
H_PAGUA,2025_Q2_holidays,501.49114359999993,0.00117
ITUANGO,2025_Q2_holidays,535.76778,266.86046000000005
JAGUAS,2025_Q2_holidays,100.118468,1.05113
LA TASAJERA,2025_Q2_holidays,202.8032936,0.03667
MIEL I,2025_Q2_holidays,165.04464399999998,28.95938
PLAYAS,2025_Q2_holidays,204.94,2.68
PORCE II,2025_Q2_holidays,268.813,4.968
PORCE III,2025_Q2_holidays,627.7697548,10.804530000000002
PRADO,2025_Q2_holidays,51.1027492,1e-05
SALTO II,2025_Q2_holidays,34.8926656,8.999999999999999e-05
SALVAJINA,2025_Q2_holidays,95.7578968,0.0033399999999999
SAN CARLOS,2025_Q2_holidays,733.8056028,5.45185
SANFRANCISCO,2025_Q2_holidays,45.88078,4e-05
SNMIGUEL,2025_Q2_holidays,44.557464,11.15779
SOGAMOSO,2025_Q2_holidays,604.554202,119.40362
URRA,2025_Q2_holidays,72.603302,65.10534
AMOYA,2025_Q3_labor,60.888916,0.03678
BETANIA,2025_Q3_labor,256.4866699999999,0.04942
CALIMA,2025_Q3_labor,105.167432,0.012
CHIVOR,2025_Q3_labor,841.6999235999999,1.02402
CUCUANA,2025_Q3_labor,23.2130228,0.01441
C_LLERAS_R,2025_Q3_labor,54.337252,0.08511
DARIO VALENC,2025_Q3_labor,95.6519364,0.00464
EL QUIMBO,2025_Q3_labor,116.0460904,74.15267999999999
ESCUELAMINAS,2025_Q3_labor,35.1474708,1e-05
ESMERALDA,2025_Q3_labor,24.09099,1e-05
GUATAPE,2025_Q3_labor,416.524812,0.912
GUAVIO,2025_Q3_labor,425.303314,0.00091
H_ALBAN,2025_Q3_labor,69.84615999999998,2.892
H_GUATRON,2025_Q3_labor,357.7936,0.06
H_PAGUA,2025_Q3_labor,400.9850792,1e-05
ITUANGO,2025_Q3_labor,271.075718,0.00852
JAGUAS,2025_Q3_labor,122.42900039999998,0.6987599999999999
LA TASAJERA,2025_Q3_labor,220.38861800000004,0.36667
MIEL I,2025_Q3_labor,33.1697864,21.61449
PLAYAS,2025_Q3_labor,204.5692,0.07
PORCE II,2025_Q3_labor,270.48,0.046
PORCE III,2025_Q3_labor,676.717356,0.00504
PRADO,2025_Q3_labor,48.2126912,8.999999999999999e-05
SALTO II,2025_Q3_labor,24.8576436,0.00025
SALVAJINA,2025_Q3_labor,94.8110388,0.00123
SAN CARLOS,2025_Q3_labor,921.8786928,0.1103799999999999
SANFRANCISCO,2025_Q3_labor,45.920534,1e-05
SNMIGUEL,2025_Q3_labor,38.58579,0.0030299999999999
SOGAMOSO,2025_Q3_labor,546.7375480000001,111.51935
URRA,2025_Q3_labor,232.7350196,74.20494000000001
AMOYA,2025_Q3_holidays,60.875204,1.4005999999999998
BETANIA,2025_Q3_holidays,60.548730000000006,59.88416
CALIMA,2025_Q3_holidays,92.53229,2.70181
CHIVOR,2025_Q3_holidays,769.279984,1.30438
CUCUANA,2025_Q3_holidays,22.8134964,0.03008
C_LLERAS_R,2025_Q3_holidays,53.30805120000001,15.613040000000002
DARIO VALENC,2025_Q3_holidays,105.16198839999998,0.2335
EL QUIMBO,2025_Q3_holidays,100.656974,77.38903
ESCUELAMINAS,2025_Q3_holidays,40.1187796,10.27611
ESMERALDA,2025_Q3_holidays,22.297736399999994,0.0003
GUATAPE,2025_Q3_holidays,421.46406,4.944
GUAVIO,2025_Q3_holidays,253.5824472,6e-05
H_ALBAN,2025_Q3_holidays,5.9058,2.799
H_GUATRON,2025_Q3_holidays,310.3236128,1.38
H_PAGUA,2025_Q3_holidays,518.7912248,0.0014
ITUANGO,2025_Q3_holidays,271.26080400000006,2.29334
JAGUAS,2025_Q3_holidays,107.7583256,3.41509
LA TASAJERA,2025_Q3_holidays,204.3535604,4.98666
MIEL I,2025_Q3_holidays,32.992406,31.45053
PLAYAS,2025_Q3_holidays,204.78,0.59
PORCE II,2025_Q3_holidays,267.72004,1.472
PORCE III,2025_Q3_holidays,616.65382,0.66625
PRADO,2025_Q3_holidays,43.91334,0.00011
SALTO II,2025_Q3_holidays,20.7985124,0.00074
SALVAJINA,2025_Q3_holidays,94.3162852,0.02328
SAN CARLOS,2025_Q3_holidays,922.4500008,0.67083
SANFRANCISCO,2025_Q3_holidays,52.6599244,1e-05
SNMIGUEL,2025_Q3_holidays,41.5338448,3.21132
SOGAMOSO,2025_Q3_holidays,545.4251720000001,119.41947
URRA,2025_Q3_holidays,231.450052,74.30389
AMOYA,2025_Q4_labor,53.5251268,0.00135
BETANIA,2025_Q4_labor,79.476492,59.16481
CALIMA,2025_Q4_labor,95.3249684,0.00349
CHIVOR,2025_Q4_labor,512.9830784,0.00483
CUCUANA,2025_Q4_labor,23.266878,0.01745
C_LLERAS_R,2025_Q4_labor,52.7572404,0.09328
DARIO VALENC,2025_Q4_labor,99.227286,0.0602
EL QUIMBO,2025_Q4_labor,182.23371200000005,8.35747
ESCUELAMINAS,2025_Q4_labor,36.308188,2.3851
ESMERALDA,2025_Q4_labor,22.4246668,1e-05
GUATAPE,2025_Q4_labor,364.86724,0.072
GUAVIO,2025_Q4_labor,537.2328512,0.0001799999999999
H_ALBAN,2025_Q4_labor,208.69356,2.778
H_GUATRON,2025_Q4_labor,431.7400292,0.06
H_PAGUA,2025_Q4_labor,399.3064124,1e-05
ITUANGO,2025_Q4_labor,594.572622,0.00043
JAGUAS,2025_Q4_labor,106.3795348,0.00079
LA TASAJERA,2025_Q4_labor,202.69329,0.33
MIEL I,2025_Q4_labor,36.16170399999999,13.36982
PLAYAS,2025_Q4_labor,204.92,0.01
PORCE II,2025_Q4_labor,268.91603999999995,1.334
PORCE III,2025_Q4_labor,684.4014792,0.6950599999999999
PRADO,2025_Q4_labor,30.2980104,2e-05
SALTO II,2025_Q4_labor,34.873613199999994,3e-05
SALVAJINA,2025_Q4_labor,89.3977704,0.00065
SAN CARLOS,2025_Q4_labor,963.9736172,0.00496
SANFRANCISCO,2025_Q4_labor,45.6401812,1e-05
SNMIGUEL,2025_Q4_labor,25.57414,0.00294
SOGAMOSO,2025_Q4_labor,609.424602,118.67555
URRA,2025_Q4_labor,156.52661999999998,76.20934
AMOYA,2025_Q4_holidays,50.64497,0.0078099999999999
BETANIA,2025_Q4_holidays,60.519828,59.42281
CALIMA,2025_Q4_holidays,71.099836,0.01688
CHIVOR,2025_Q4_holidays,323.2367652,0.12028
CUCUANA,2025_Q4_holidays,22.9009216,0.06929
C_LLERAS_R,2025_Q4_holidays,52.5343092,3.96478
DARIO VALENC,2025_Q4_holidays,95.0987344,0.32172
EL QUIMBO,2025_Q4_holidays,172.31972919999998,77.49339
ESCUELAMINAS,2025_Q4_holidays,39.104588,8.70785
ESMERALDA,2025_Q4_holidays,23.3353356,8.999999999999999e-05
GUATAPE,2025_Q4_holidays,347.83104,8.688
GUAVIO,2025_Q4_holidays,273.9311316,0.00307
H_ALBAN,2025_Q4_holidays,37.93624,2.913
H_GUATRON,2025_Q4_holidays,384.56003,0.03
H_PAGUA,2025_Q4_holidays,398.74596,1e-05
ITUANGO,2025_Q4_holidays,576.8790128,171.64973
JAGUAS,2025_Q4_holidays,128.9213356,1.77504
LA TASAJERA,2025_Q4_holidays,203.42665,7.00333
MIEL I,2025_Q4_holidays,32.98746,30.96207
PLAYAS,2025_Q4_holidays,204.87,0.36
PORCE II,2025_Q4_holidays,268.25548,0.276
PORCE III,2025_Q4_holidays,696.3620212,0.43562
PRADO,2025_Q4_holidays,30.4484816,2e-05
SALTO II,2025_Q4_holidays,34.8808892,0.08208
SALVAJINA,2025_Q4_holidays,80.30697719999999,0.0031
SAN CARLOS,2025_Q4_holidays,929.9319876,3.41094
SANFRANCISCO,2025_Q4_holidays,45.728166,1e-05
SNMIGUEL,2025_Q4_holidays,25.58323,14.31722
SOGAMOSO,2025_Q4_holidays,612.17998,118.98969
URRA,2025_Q4_holidays,158.90316,76.51127000000001
AMOYA,2030_Q1_labor,34.7158344,0.0058499999999999
BETANIA,2030_Q1_labor,60.7725388,59.29976
CALIMA,2030_Q1_labor,99.6001992,0.006
CHIVOR,2030_Q1_labor,363.904152,0.22623
CUCUANA,2030_Q1_labor,14.9556976,0.01231
C_LLERAS_R,2030_Q1_labor,54.067682000000005,0.00875
DARIO VALENC,2030_Q1_labor,63.106956,0.49721
EL QUIMBO,2030_Q1_labor,162.11506719999997,35.24369
ESCUELAMINAS,2030_Q1_labor,17.596486,0.79247
ESMERALDA,2030_Q1_labor,28.9320372,0.00013
GUATAPE,2030_Q1_labor,532.1702708,0.672
GUAVIO,2030_Q1_labor,722.234368,0.01912
H_ALBAN,2030_Q1_labor,230.0686,0.08
H_GUATRON,2030_Q1_labor,455.9584264,0.05814
H_PAGUA,2030_Q1_labor,399.33411,1e-05
ITUANGO,2030_Q1_labor,270.3585588,0.0001
JAGUAS,2030_Q1_labor,98.9407772,0.0542999999999999
LA TASAJERA,2030_Q1_labor,302.90329,0.03667
MIEL I,2030_Q1_labor,276.7559724,0.09197
PLAYAS,2030_Q1_labor,204.97,0.01
PORCE II,2030_Q1_labor,268.87004,0.23
PORCE III,2030_Q1_labor,601.4559288,0.26943
PRADO,2030_Q1_labor,50.8990132,6e-05
SALTO II,2030_Q1_labor,34.978568,2e-05
SALVAJINA,2030_Q1_labor,154.70644,2e-05
SAN CARLOS,2030_Q1_labor,928.908982,0.04445
SANFRANCISCO,2030_Q1_labor,26.366201999999998,1e-05
SNMIGUEL,2030_Q1_labor,25.631944,0.00281
SOGAMOSO,2030_Q1_labor,510.196704,116.44197
URRA,2030_Q1_labor,79.44100399999999,72.20884
ITUANGO2,2030_Q1_labor,842.6194440247313,1.7366768516076758
ITUANGO2,2030_Q1_labor,129.20164808379212,0.2662904505798436
AMOYA,2030_Q1_holidays,36.4566984,0.53926
BETANIA,2030_Q1_holidays,60.579406,59.84668
CALIMA,2030_Q1_holidays,99.6720828,0.03599
CHIVOR,2030_Q1_holidays,305.31278,0.88719
CUCUANA,2030_Q1_holidays,16.0772552,1.3145
C_LLERAS_R,2030_Q1_holidays,47.4790684,15.555040000000002
DARIO VALENC,2030_Q1_holidays,68.4905544,0.03696
EL QUIMBO,2030_Q1_holidays,100.2500876,29.54363
ESCUELAMINAS,2030_Q1_holidays,17.746769999999998,10.28117
ESMERALDA,2030_Q1_holidays,28.233364,6e-05
GUATAPE,2030_Q1_holidays,534.2688028,1.392
GUAVIO,2030_Q1_holidays,590.8617448,0.00148
H_ALBAN,2030_Q1_holidays,50.43028000000005,0.567
H_GUATRON,2030_Q1_holidays,506.14,2.24973
H_PAGUA,2030_Q1_holidays,400.404564,1e-05
ITUANGO,2030_Q1_holidays,271.92371,1.10715
JAGUAS,2030_Q1_holidays,97.7405556,0.28169
LA TASAJERA,2030_Q1_holidays,302.9032852,0.55
MIEL I,2030_Q1_holidays,284.85836,31.81752
PLAYAS,2030_Q1_holidays,204.96,16.31
PORCE II,2030_Q1_holidays,267.99604,0.322
PORCE III,2030_Q1_holidays,572.884018,6.86746
PRADO,2030_Q1_holidays,50.997702,8.999999999999999e-05
SALTO II,2030_Q1_holidays,34.9358084,0.03408
SALVAJINA,2030_Q1_holidays,113.4376288,0.04491
SAN CARLOS,2030_Q1_holidays,784.3612248,0.00061
SANFRANCISCO,2030_Q1_holidays,18.65388400000001,1e-05
SNMIGUEL,2030_Q1_holidays,25.6043172,0.0043
SOGAMOSO,2030_Q1_holidays,490.114288,117.64746
URRA,2030_Q1_holidays,79.25469,72.32888
ITUANGO2,2030_Q1_holidays,828.0313228679084,48.70951635309697
ITUANGO2,2030_Q1_holidays,126.96480283974596,7.468792507474869
AMOYA,2030_Q2_labor,48.8131144,0.0030299999999999
BETANIA,2030_Q2_labor,305.5048732,0.23228
CALIMA,2030_Q2_labor,63.81131679999999,0.00034
CHIVOR,2030_Q2_labor,465.1469144,0.18027
CUCUANA,2030_Q2_labor,27.3866412,0.01567
C_LLERAS_R,2030_Q2_labor,52.22787999999999,0.0284899999999999
DARIO VALENC,2030_Q2_labor,99.7934856,0.0675
EL QUIMBO,2030_Q2_labor,142.7640048,40.95992
ESCUELAMINAS,2030_Q2_labor,34.0919888,0.05854
ESMERALDA,2030_Q2_labor,30.0698544,1e-05
GUATAPE,2030_Q2_labor,415.4400008,0.144
GUAVIO,2030_Q2_labor,545.5747044,0.0098599999999999
H_ALBAN,2030_Q2_labor,228.29231999999996,0.078
H_GUATRON,2030_Q2_labor,434.51005,0.09
H_PAGUA,2030_Q2_labor,400.928546,1e-05
ITUANGO,2030_Q2_labor,526.6008007999999,0.00076
JAGUAS,2030_Q2_labor,87.01783,0.00202
LA TASAJERA,2030_Q2_labor,203.68329,0.0733299999999999
MIEL I,2030_Q2_labor,33.513622000000005,28.70466
PLAYAS,2030_Q2_labor,204.91,0.03
PORCE II,2030_Q2_labor,268.68604,0.276
PORCE III,2030_Q2_labor,575.5445011999999,0.6147
PRADO,2030_Q2_labor,51.1145472,0.00026
SALTO II,2030_Q2_labor,34.90771,0.00035
SALVAJINA,2030_Q2_labor,111.2862424,0.0073
SAN CARLOS,2030_Q2_labor,929.6209212,0.00955
SANFRANCISCO,2030_Q2_labor,45.3637264,1e-05
SNMIGUEL,2030_Q2_labor,42.574274,0.89386
SOGAMOSO,2030_Q2_labor,545.5760928,117.87016
URRA,2030_Q2_labor,73.59315120000001,65.49328
ITUANGO2,2030_Q2_labor,857.2999292413181,2.170415385067268
ITUANGO2,2030_Q2_labor,131.4526558170021,0.3327970257103144
AMOYA,2030_Q2_holidays,51.7781256,0.02993
BETANIA,2030_Q2_holidays,150.3175731999999,0.00064
CALIMA,2030_Q2_holidays,15.858,0.17637
CHIVOR,2030_Q2_holidays,323.0400128,1.04242
CUCUANA,2030_Q2_holidays,28.09339,3.90522
C_LLERAS_R,2030_Q2_holidays,51.2803896,8.9424
DARIO VALENC,2030_Q2_holidays,109.7852476,0.2733
EL QUIMBO,2030_Q2_holidays,86.655652,76.52663000000001
ESCUELAMINAS,2030_Q2_holidays,36.052622,12.45958
ESMERALDA,2030_Q2_holidays,30.0394288,0.0002
GUATAPE,2030_Q2_holidays,389.91937,5.856
GUAVIO,2030_Q2_holidays,371.2699748,0.00874
H_ALBAN,2030_Q2_holidays,12.02148,2.979
H_GUATRON,2030_Q2_holidays,438.1602216,1.94938
H_PAGUA,2030_Q2_holidays,501.49114359999993,0.00117
ITUANGO,2030_Q2_holidays,535.76778,266.86046000000005
JAGUAS,2030_Q2_holidays,100.118468,1.05113
LA TASAJERA,2030_Q2_holidays,202.8032936,0.03667
MIEL I,2030_Q2_holidays,165.04464399999998,28.95938
PLAYAS,2030_Q2_holidays,204.94,2.68
PORCE II,2030_Q2_holidays,268.813,4.968
PORCE III,2030_Q2_holidays,627.7697548,10.804530000000002
PRADO,2030_Q2_holidays,51.1027492,1e-05
SALTO II,2030_Q2_holidays,34.8926656,8.999999999999999e-05
SALVAJINA,2030_Q2_holidays,95.7578968,0.0033399999999999
SAN CARLOS,2030_Q2_holidays,733.8056028,5.45185
SANFRANCISCO,2030_Q2_holidays,45.88078,4e-05
SNMIGUEL,2030_Q2_holidays,44.557464,11.15779
SOGAMOSO,2030_Q2_holidays,604.554202,119.40362
URRA,2030_Q2_holidays,72.603302,65.10534
ITUANGO2,2030_Q2_holidays,859.6696597743452,85.23361912656452
ITUANGO2,2030_Q2_holidays,131.81601449873293,13.069154932739892
AMOYA,2030_Q3_labor,60.888916,0.03678
BETANIA,2030_Q3_labor,256.4866699999999,0.04942
CALIMA,2030_Q3_labor,105.167432,0.012
CHIVOR,2030_Q3_labor,841.6999235999999,1.02402
CUCUANA,2030_Q3_labor,23.2130228,0.01441
C_LLERAS_R,2030_Q3_labor,54.337252,0.08511
DARIO VALENC,2030_Q3_labor,95.6519364,0.00464
EL QUIMBO,2030_Q3_labor,116.0460904,74.15267999999999
ESCUELAMINAS,2030_Q3_labor,35.1474708,1e-05
ESMERALDA,2030_Q3_labor,24.09099,1e-05
GUATAPE,2030_Q3_labor,416.524812,0.912
GUAVIO,2030_Q3_labor,425.303314,0.00091
H_ALBAN,2030_Q3_labor,69.84615999999998,2.892
H_GUATRON,2030_Q3_labor,357.7936,0.06
H_PAGUA,2030_Q3_labor,400.9850792,1e-05
ITUANGO,2030_Q3_labor,271.075718,0.00852
JAGUAS,2030_Q3_labor,122.42900039999998,0.6987599999999999
LA TASAJERA,2030_Q3_labor,220.38861800000004,0.36667
MIEL I,2030_Q3_labor,33.1697864,21.61449
PLAYAS,2030_Q3_labor,204.5692,0.07
PORCE II,2030_Q3_labor,270.48,0.046
PORCE III,2030_Q3_labor,676.717356,0.00504
PRADO,2030_Q3_labor,48.2126912,8.999999999999999e-05
SALTO II,2030_Q3_labor,24.8576436,0.00025
SALVAJINA,2030_Q3_labor,94.8110388,0.00123
SAN CARLOS,2030_Q3_labor,921.8786928,0.1103799999999999
SANFRANCISCO,2030_Q3_labor,45.920534,1e-05
SNMIGUEL,2030_Q3_labor,38.58579,0.0030299999999999
SOGAMOSO,2030_Q3_labor,546.7375480000001,111.51935
URRA,2030_Q3_labor,232.7350196,74.20494000000001
ITUANGO2,2030_Q3_labor,858.259185115407,0.8761376135093341
ITUANGO2,2030_Q3_labor,131.59974171769574,0.1343411007380978
AMOYA,2030_Q3_holidays,60.875204,1.4005999999999998
BETANIA,2030_Q3_holidays,60.548730000000006,59.88416
CALIMA,2030_Q3_holidays,92.53229,2.70181
CHIVOR,2030_Q3_holidays,769.279984,1.30438
CUCUANA,2030_Q3_holidays,22.8134964,0.03008
C_LLERAS_R,2030_Q3_holidays,53.30805120000001,15.613040000000002
DARIO VALENC,2030_Q3_holidays,105.16198839999998,0.2335
EL QUIMBO,2030_Q3_holidays,100.656974,77.38903
ESCUELAMINAS,2030_Q3_holidays,40.1187796,10.27611
ESMERALDA,2030_Q3_holidays,22.297736399999994,0.0003
GUATAPE,2030_Q3_holidays,421.46406,4.944
GUAVIO,2030_Q3_holidays,253.5824472,6e-05
H_ALBAN,2030_Q3_holidays,5.9058,2.799
H_GUATRON,2030_Q3_holidays,310.3236128,1.38
H_PAGUA,2030_Q3_holidays,518.7912248,0.0014
ITUANGO,2030_Q3_holidays,271.26080400000006,2.29334
JAGUAS,2030_Q3_holidays,107.7583256,3.41509
LA TASAJERA,2030_Q3_holidays,204.3535604,4.98666
MIEL I,2030_Q3_holidays,32.992406,31.45053
PLAYAS,2030_Q3_holidays,204.78,0.59
PORCE II,2030_Q3_holidays,267.72004,1.472
PORCE III,2030_Q3_holidays,616.65382,0.66625
PRADO,2030_Q3_holidays,43.91334,0.00011
SALTO II,2030_Q3_holidays,20.7985124,0.00074
SALVAJINA,2030_Q3_holidays,94.3162852,0.02328
SAN CARLOS,2030_Q3_holidays,922.4500008,0.67083
SANFRANCISCO,2030_Q3_holidays,52.6599244,1e-05
SNMIGUEL,2030_Q3_holidays,41.5338448,3.21132
SOGAMOSO,2030_Q3_holidays,545.4251720000001,119.41947
URRA,2030_Q3_holidays,231.450052,74.30389
ITUANGO2,2030_Q3_holidays,840.5164089317284,50.90295700313654
ITUANGO2,2030_Q3_holidays,128.87918270286502,7.805120073814269
AMOYA,2030_Q4_labor,53.5251268,0.00135
BETANIA,2030_Q4_labor,79.476492,59.16481
CALIMA,2030_Q4_labor,95.3249684,0.00349
CHIVOR,2030_Q4_labor,512.9830784,0.00483
CUCUANA,2030_Q4_labor,23.266878,0.01745
C_LLERAS_R,2030_Q4_labor,52.7572404,0.09328
DARIO VALENC,2030_Q4_labor,99.227286,0.0602
EL QUIMBO,2030_Q4_labor,182.23371200000005,8.35747
ESCUELAMINAS,2030_Q4_labor,36.308188,2.3851
ESMERALDA,2030_Q4_labor,22.4246668,1e-05
GUATAPE,2030_Q4_labor,364.86724,0.072
GUAVIO,2030_Q4_labor,537.2328512,0.0001799999999999
H_ALBAN,2030_Q4_labor,208.69356,2.778
H_GUATRON,2030_Q4_labor,431.7400292,0.06
H_PAGUA,2030_Q4_labor,399.3064124,1e-05
ITUANGO,2030_Q4_labor,594.572622,0.00043
JAGUAS,2030_Q4_labor,106.3795348,0.00079
LA TASAJERA,2030_Q4_labor,202.69329,0.33
MIEL I,2030_Q4_labor,36.16170399999999,13.36982
PLAYAS,2030_Q4_labor,204.92,0.01
PORCE II,2030_Q4_labor,268.91603999999995,1.334
PORCE III,2030_Q4_labor,684.4014792,0.6950599999999999
PRADO,2030_Q4_labor,30.2980104,2e-05
SALTO II,2030_Q4_labor,34.873613199999994,3e-05
SALVAJINA,2030_Q4_labor,89.3977704,0.00065
SAN CARLOS,2030_Q4_labor,963.9736172,0.00496
SANFRANCISCO,2030_Q4_labor,45.6401812,1e-05
SNMIGUEL,2030_Q4_labor,25.57414,0.00294
SOGAMOSO,2030_Q4_labor,609.424602,118.67555
URRA,2030_Q4_labor,156.52661999999998,76.20934
ITUANGO2,2030_Q4_labor,853.5489354287245,5.028842687100994
ITUANGO2,2030_Q4_labor,130.8775034324044,0.7710892120221524
AMOYA,2030_Q4_holidays,50.64497,0.0078099999999999
BETANIA,2030_Q4_holidays,60.519828,59.42281
CALIMA,2030_Q4_holidays,71.099836,0.01688
CHIVOR,2030_Q4_holidays,323.2367652,0.12028
CUCUANA,2030_Q4_holidays,22.9009216,0.06929
C_LLERAS_R,2030_Q4_holidays,52.5343092,3.96478
DARIO VALENC,2030_Q4_holidays,95.0987344,0.32172
EL QUIMBO,2030_Q4_holidays,172.31972919999998,77.49339
ESCUELAMINAS,2030_Q4_holidays,39.104588,8.70785
ESMERALDA,2030_Q4_holidays,23.3353356,8.999999999999999e-05
GUATAPE,2030_Q4_holidays,347.83104,8.688
GUAVIO,2030_Q4_holidays,273.9311316,0.00307
H_ALBAN,2030_Q4_holidays,37.93624,2.913
H_GUATRON,2030_Q4_holidays,384.56003,0.03
H_PAGUA,2030_Q4_holidays,398.74596,1e-05
ITUANGO,2030_Q4_holidays,576.8790128,171.64973
JAGUAS,2030_Q4_holidays,128.9213356,1.77504
LA TASAJERA,2030_Q4_holidays,203.42665,7.00333
MIEL I,2030_Q4_holidays,32.98746,30.96207
PLAYAS,2030_Q4_holidays,204.87,0.36
PORCE II,2030_Q4_holidays,268.25548,0.276
PORCE III,2030_Q4_holidays,696.3620212,0.43562
PRADO,2030_Q4_holidays,30.4484816,2e-05
SALTO II,2030_Q4_holidays,34.8808892,0.08208
SALVAJINA,2030_Q4_holidays,80.30697719999999,0.0031
SAN CARLOS,2030_Q4_holidays,929.9319876,3.41094
SANFRANCISCO,2030_Q4_holidays,45.728166,1e-05
SNMIGUEL,2030_Q4_holidays,25.58323,14.31722
SOGAMOSO,2030_Q4_holidays,612.17998,118.98969
URRA,2030_Q4_holidays,158.90316,76.51127000000001
ITUANGO2,2030_Q4_holidays,856.9098235135809,69.32355747836162
ITUANGO2,2030_Q4_holidays,131.39283960541573,10.629612146682115
AMOYA,2035_Q1_labor,34.7158344,0.0058499999999999
BETANIA,2035_Q1_labor,60.7725388,59.29976
CALIMA,2035_Q1_labor,99.6001992,0.006
CHIVOR,2035_Q1_labor,363.904152,0.22623
CUCUANA,2035_Q1_labor,14.9556976,0.01231
C_LLERAS_R,2035_Q1_labor,54.067682000000005,0.00875
DARIO VALENC,2035_Q1_labor,63.106956,0.49721
EL QUIMBO,2035_Q1_labor,162.11506719999997,35.24369
ESCUELAMINAS,2035_Q1_labor,17.596486,0.79247
ESMERALDA,2035_Q1_labor,28.9320372,0.00013
GUATAPE,2035_Q1_labor,532.1702708,0.672
GUAVIO,2035_Q1_labor,722.234368,0.01912
H_ALBAN,2035_Q1_labor,230.0686,0.08
H_GUATRON,2035_Q1_labor,455.9584264,0.05814
H_PAGUA,2035_Q1_labor,399.33411,1e-05
ITUANGO,2035_Q1_labor,270.3585588,0.0001
JAGUAS,2035_Q1_labor,98.9407772,0.0542999999999999
LA TASAJERA,2035_Q1_labor,302.90329,0.03667
MIEL I,2035_Q1_labor,276.7559724,0.09197
PLAYAS,2035_Q1_labor,204.97,0.01
PORCE II,2035_Q1_labor,268.87004,0.23
PORCE III,2035_Q1_labor,601.4559288,0.26943
PRADO,2035_Q1_labor,50.8990132,6e-05
SALTO II,2035_Q1_labor,34.978568,2e-05
SALVAJINA,2035_Q1_labor,154.70644,2e-05
SAN CARLOS,2035_Q1_labor,928.908982,0.04445
SANFRANCISCO,2035_Q1_labor,26.366201999999998,1e-05
SNMIGUEL,2035_Q1_labor,25.631944,0.00281
SOGAMOSO,2035_Q1_labor,510.196704,116.44197
URRA,2035_Q1_labor,79.44100399999999,72.20884
ITUANGO2,2035_Q1_labor,842.6194440247313,1.7366768516076758
ITUANGO2,2035_Q1_labor,129.20164808379212,0.2662904505798436
AMOYA,2035_Q1_holidays,36.4566984,0.53926
BETANIA,2035_Q1_holidays,60.579406,59.84668
CALIMA,2035_Q1_holidays,99.6720828,0.03599
CHIVOR,2035_Q1_holidays,305.31278,0.88719
CUCUANA,2035_Q1_holidays,16.0772552,1.3145
C_LLERAS_R,2035_Q1_holidays,47.4790684,15.555040000000002
DARIO VALENC,2035_Q1_holidays,68.4905544,0.03696
EL QUIMBO,2035_Q1_holidays,100.2500876,29.54363
ESCUELAMINAS,2035_Q1_holidays,17.746769999999998,10.28117
ESMERALDA,2035_Q1_holidays,28.233364,6e-05
GUATAPE,2035_Q1_holidays,534.2688028,1.392
GUAVIO,2035_Q1_holidays,590.8617448,0.00148
H_ALBAN,2035_Q1_holidays,50.43028000000005,0.567
H_GUATRON,2035_Q1_holidays,506.14,2.24973
H_PAGUA,2035_Q1_holidays,400.404564,1e-05
ITUANGO,2035_Q1_holidays,271.92371,1.10715
JAGUAS,2035_Q1_holidays,97.7405556,0.28169
LA TASAJERA,2035_Q1_holidays,302.9032852,0.55
MIEL I,2035_Q1_holidays,284.85836,31.81752
PLAYAS,2035_Q1_holidays,204.96,16.31
PORCE II,2035_Q1_holidays,267.99604,0.322
PORCE III,2035_Q1_holidays,572.884018,6.86746
PRADO,2035_Q1_holidays,50.997702,8.999999999999999e-05
SALTO II,2035_Q1_holidays,34.9358084,0.03408
SALVAJINA,2035_Q1_holidays,113.4376288,0.04491
SAN CARLOS,2035_Q1_holidays,784.3612248,0.00061
SANFRANCISCO,2035_Q1_holidays,18.65388400000001,1e-05
SNMIGUEL,2035_Q1_holidays,25.6043172,0.0043
SOGAMOSO,2035_Q1_holidays,490.114288,117.64746
URRA,2035_Q1_holidays,79.25469,72.32888
ITUANGO2,2035_Q1_holidays,828.0313228679084,48.70951635309697
ITUANGO2,2035_Q1_holidays,126.96480283974596,7.468792507474869
AMOYA,2035_Q2_labor,48.8131144,0.0030299999999999
BETANIA,2035_Q2_labor,305.5048732,0.23228
CALIMA,2035_Q2_labor,63.81131679999999,0.00034
CHIVOR,2035_Q2_labor,465.1469144,0.18027
CUCUANA,2035_Q2_labor,27.3866412,0.01567
C_LLERAS_R,2035_Q2_labor,52.22787999999999,0.0284899999999999
DARIO VALENC,2035_Q2_labor,99.7934856,0.0675
EL QUIMBO,2035_Q2_labor,142.7640048,40.95992
ESCUELAMINAS,2035_Q2_labor,34.0919888,0.05854
ESMERALDA,2035_Q2_labor,30.0698544,1e-05
GUATAPE,2035_Q2_labor,415.4400008,0.144
GUAVIO,2035_Q2_labor,545.5747044,0.0098599999999999
H_ALBAN,2035_Q2_labor,228.29231999999996,0.078
H_GUATRON,2035_Q2_labor,434.51005,0.09
H_PAGUA,2035_Q2_labor,400.928546,1e-05
ITUANGO,2035_Q2_labor,526.6008007999999,0.00076
JAGUAS,2035_Q2_labor,87.01783,0.00202
LA TASAJERA,2035_Q2_labor,203.68329,0.0733299999999999
MIEL I,2035_Q2_labor,33.513622000000005,28.70466
PLAYAS,2035_Q2_labor,204.91,0.03
PORCE II,2035_Q2_labor,268.68604,0.276
PORCE III,2035_Q2_labor,575.5445011999999,0.6147
PRADO,2035_Q2_labor,51.1145472,0.00026
SALTO II,2035_Q2_labor,34.90771,0.00035
SALVAJINA,2035_Q2_labor,111.2862424,0.0073
SAN CARLOS,2035_Q2_labor,929.6209212,0.00955
SANFRANCISCO,2035_Q2_labor,45.3637264,1e-05
SNMIGUEL,2035_Q2_labor,42.574274,0.89386
SOGAMOSO,2035_Q2_labor,545.5760928,117.87016
URRA,2035_Q2_labor,73.59315120000001,65.49328
ITUANGO2,2035_Q2_labor,857.2999292413181,2.170415385067268
ITUANGO2,2035_Q2_labor,131.4526558170021,0.3327970257103144
AMOYA,2035_Q2_holidays,51.7781256,0.02993
BETANIA,2035_Q2_holidays,150.3175731999999,0.00064
CALIMA,2035_Q2_holidays,15.858,0.17637
CHIVOR,2035_Q2_holidays,323.0400128,1.04242
CUCUANA,2035_Q2_holidays,28.09339,3.90522
C_LLERAS_R,2035_Q2_holidays,51.2803896,8.9424
DARIO VALENC,2035_Q2_holidays,109.7852476,0.2733
EL QUIMBO,2035_Q2_holidays,86.655652,76.52663000000001
ESCUELAMINAS,2035_Q2_holidays,36.052622,12.45958
ESMERALDA,2035_Q2_holidays,30.0394288,0.0002
GUATAPE,2035_Q2_holidays,389.91937,5.856
GUAVIO,2035_Q2_holidays,371.2699748,0.00874
H_ALBAN,2035_Q2_holidays,12.02148,2.979
H_GUATRON,2035_Q2_holidays,438.1602216,1.94938
H_PAGUA,2035_Q2_holidays,501.49114359999993,0.00117
ITUANGO,2035_Q2_holidays,535.76778,266.86046000000005
JAGUAS,2035_Q2_holidays,100.118468,1.05113
LA TASAJERA,2035_Q2_holidays,202.8032936,0.03667
MIEL I,2035_Q2_holidays,165.04464399999998,28.95938
PLAYAS,2035_Q2_holidays,204.94,2.68
PORCE II,2035_Q2_holidays,268.813,4.968
PORCE III,2035_Q2_holidays,627.7697548,10.804530000000002
PRADO,2035_Q2_holidays,51.1027492,1e-05
SALTO II,2035_Q2_holidays,34.8926656,8.999999999999999e-05
SALVAJINA,2035_Q2_holidays,95.7578968,0.0033399999999999
SAN CARLOS,2035_Q2_holidays,733.8056028,5.45185
SANFRANCISCO,2035_Q2_holidays,45.88078,4e-05
SNMIGUEL,2035_Q2_holidays,44.557464,11.15779
SOGAMOSO,2035_Q2_holidays,604.554202,119.40362
URRA,2035_Q2_holidays,72.603302,65.10534
ITUANGO2,2035_Q2_holidays,859.6696597743452,85.23361912656452
ITUANGO2,2035_Q2_holidays,131.81601449873293,13.069154932739892
AMOYA,2035_Q3_labor,60.888916,0.03678
BETANIA,2035_Q3_labor,256.4866699999999,0.04942
CALIMA,2035_Q3_labor,105.167432,0.012
CHIVOR,2035_Q3_labor,841.6999235999999,1.02402
CUCUANA,2035_Q3_labor,23.2130228,0.01441
C_LLERAS_R,2035_Q3_labor,54.337252,0.08511
DARIO VALENC,2035_Q3_labor,95.6519364,0.00464
EL QUIMBO,2035_Q3_labor,116.0460904,74.15267999999999
ESCUELAMINAS,2035_Q3_labor,35.1474708,1e-05
ESMERALDA,2035_Q3_labor,24.09099,1e-05
GUATAPE,2035_Q3_labor,416.524812,0.912
GUAVIO,2035_Q3_labor,425.303314,0.00091
H_ALBAN,2035_Q3_labor,69.84615999999998,2.892
H_GUATRON,2035_Q3_labor,357.7936,0.06
H_PAGUA,2035_Q3_labor,400.9850792,1e-05
ITUANGO,2035_Q3_labor,271.075718,0.00852
JAGUAS,2035_Q3_labor,122.42900039999998,0.6987599999999999
LA TASAJERA,2035_Q3_labor,220.38861800000004,0.36667
MIEL I,2035_Q3_labor,33.1697864,21.61449
PLAYAS,2035_Q3_labor,204.5692,0.07
PORCE II,2035_Q3_labor,270.48,0.046
PORCE III,2035_Q3_labor,676.717356,0.00504
PRADO,2035_Q3_labor,48.2126912,8.999999999999999e-05
SALTO II,2035_Q3_labor,24.8576436,0.00025
SALVAJINA,2035_Q3_labor,94.8110388,0.00123
SAN CARLOS,2035_Q3_labor,921.8786928,0.1103799999999999
SANFRANCISCO,2035_Q3_labor,45.920534,1e-05
SNMIGUEL,2035_Q3_labor,38.58579,0.0030299999999999
SOGAMOSO,2035_Q3_labor,546.7375480000001,111.51935
URRA,2035_Q3_labor,232.7350196,74.20494000000001
ITUANGO2,2035_Q3_labor,858.259185115407,0.8761376135093341
ITUANGO2,2035_Q3_labor,131.59974171769574,0.1343411007380978
AMOYA,2035_Q3_holidays,60.875204,1.4005999999999998
BETANIA,2035_Q3_holidays,60.548730000000006,59.88416
CALIMA,2035_Q3_holidays,92.53229,2.70181
CHIVOR,2035_Q3_holidays,769.279984,1.30438
CUCUANA,2035_Q3_holidays,22.8134964,0.03008
C_LLERAS_R,2035_Q3_holidays,53.30805120000001,15.613040000000002
DARIO VALENC,2035_Q3_holidays,105.16198839999998,0.2335
EL QUIMBO,2035_Q3_holidays,100.656974,77.38903
ESCUELAMINAS,2035_Q3_holidays,40.1187796,10.27611
ESMERALDA,2035_Q3_holidays,22.297736399999994,0.0003
GUATAPE,2035_Q3_holidays,421.46406,4.944
GUAVIO,2035_Q3_holidays,253.5824472,6e-05
H_ALBAN,2035_Q3_holidays,5.9058,2.799
H_GUATRON,2035_Q3_holidays,310.3236128,1.38
H_PAGUA,2035_Q3_holidays,518.7912248,0.0014
ITUANGO,2035_Q3_holidays,271.26080400000006,2.29334
JAGUAS,2035_Q3_holidays,107.7583256,3.41509
LA TASAJERA,2035_Q3_holidays,204.3535604,4.98666
MIEL I,2035_Q3_holidays,32.992406,31.45053
PLAYAS,2035_Q3_holidays,204.78,0.59
PORCE II,2035_Q3_holidays,267.72004,1.472
PORCE III,2035_Q3_holidays,616.65382,0.66625
PRADO,2035_Q3_holidays,43.91334,0.00011
SALTO II,2035_Q3_holidays,20.7985124,0.00074
SALVAJINA,2035_Q3_holidays,94.3162852,0.02328
SAN CARLOS,2035_Q3_holidays,922.4500008,0.67083
SANFRANCISCO,2035_Q3_holidays,52.6599244,1e-05
SNMIGUEL,2035_Q3_holidays,41.5338448,3.21132
SOGAMOSO,2035_Q3_holidays,545.4251720000001,119.41947
URRA,2035_Q3_holidays,231.450052,74.30389
ITUANGO2,2035_Q3_holidays,840.5164089317284,50.90295700313654
ITUANGO2,2035_Q3_holidays,128.87918270286502,7.805120073814269
AMOYA,2035_Q4_labor,53.5251268,0.00135
BETANIA,2035_Q4_labor,79.476492,59.16481
CALIMA,2035_Q4_labor,95.3249684,0.00349
CHIVOR,2035_Q4_labor,512.9830784,0.00483
CUCUANA,2035_Q4_labor,23.266878,0.01745
C_LLERAS_R,2035_Q4_labor,52.7572404,0.09328
DARIO VALENC,2035_Q4_labor,99.227286,0.0602
EL QUIMBO,2035_Q4_labor,182.23371200000005,8.35747
ESCUELAMINAS,2035_Q4_labor,36.308188,2.3851
ESMERALDA,2035_Q4_labor,22.4246668,1e-05
GUATAPE,2035_Q4_labor,364.86724,0.072
GUAVIO,2035_Q4_labor,537.2328512,0.0001799999999999
H_ALBAN,2035_Q4_labor,208.69356,2.778
H_GUATRON,2035_Q4_labor,431.7400292,0.06
H_PAGUA,2035_Q4_labor,399.3064124,1e-05
ITUANGO,2035_Q4_labor,594.572622,0.00043
JAGUAS,2035_Q4_labor,106.3795348,0.00079
LA TASAJERA,2035_Q4_labor,202.69329,0.33
MIEL I,2035_Q4_labor,36.16170399999999,13.36982
PLAYAS,2035_Q4_labor,204.92,0.01
PORCE II,2035_Q4_labor,268.91603999999995,1.334
PORCE III,2035_Q4_labor,684.4014792,0.6950599999999999
PRADO,2035_Q4_labor,30.2980104,2e-05
SALTO II,2035_Q4_labor,34.873613199999994,3e-05
SALVAJINA,2035_Q4_labor,89.3977704,0.00065
SAN CARLOS,2035_Q4_labor,963.9736172,0.00496
SANFRANCISCO,2035_Q4_labor,45.6401812,1e-05
SNMIGUEL,2035_Q4_labor,25.57414,0.00294
SOGAMOSO,2035_Q4_labor,609.424602,118.67555
URRA,2035_Q4_labor,156.52661999999998,76.20934
ITUANGO2,2035_Q4_labor,853.5489354287245,5.028842687100994
ITUANGO2,2035_Q4_labor,130.8775034324044,0.7710892120221524
AMOYA,2035_Q4_holidays,50.64497,0.0078099999999999
BETANIA,2035_Q4_holidays,60.519828,59.42281
CALIMA,2035_Q4_holidays,71.099836,0.01688
CHIVOR,2035_Q4_holidays,323.2367652,0.12028
CUCUANA,2035_Q4_holidays,22.9009216,0.06929
C_LLERAS_R,2035_Q4_holidays,52.5343092,3.96478
DARIO VALENC,2035_Q4_holidays,95.0987344,0.32172
EL QUIMBO,2035_Q4_holidays,172.31972919999998,77.49339
ESCUELAMINAS,2035_Q4_holidays,39.104588,8.70785
ESMERALDA,2035_Q4_holidays,23.3353356,8.999999999999999e-05
GUATAPE,2035_Q4_holidays,347.83104,8.688
GUAVIO,2035_Q4_holidays,273.9311316,0.00307
H_ALBAN,2035_Q4_holidays,37.93624,2.913
H_GUATRON,2035_Q4_holidays,384.56003,0.03
H_PAGUA,2035_Q4_holidays,398.74596,1e-05
ITUANGO,2035_Q4_holidays,576.8790128,171.64973
JAGUAS,2035_Q4_holidays,128.9213356,1.77504
LA TASAJERA,2035_Q4_holidays,203.42665,7.00333
MIEL I,2035_Q4_holidays,32.98746,30.96207
PLAYAS,2035_Q4_holidays,204.87,0.36
PORCE II,2035_Q4_holidays,268.25548,0.276
PORCE III,2035_Q4_holidays,696.3620212,0.43562
PRADO,2035_Q4_holidays,30.4484816,2e-05
SALTO II,2035_Q4_holidays,34.8808892,0.08208
SALVAJINA,2035_Q4_holidays,80.30697719999999,0.0031
SAN CARLOS,2035_Q4_holidays,929.9319876,3.41094
SANFRANCISCO,2035_Q4_holidays,45.728166,1e-05
SNMIGUEL,2035_Q4_holidays,25.58323,14.31722
SOGAMOSO,2035_Q4_holidays,612.17998,118.98969
URRA,2035_Q4_holidays,158.90316,76.51127000000001
ITUANGO2,2035_Q4_holidays,856.9098235135809,69.32355747836162
ITUANGO2,2035_Q4_holidays,131.39283960541573,10.629612146682115
AMOYA,2040_Q1_labor,34.7158344,0.0058499999999999
BETANIA,2040_Q1_labor,60.7725388,59.29976
CALIMA,2040_Q1_labor,99.6001992,0.006
CHIVOR,2040_Q1_labor,363.904152,0.22623
CUCUANA,2040_Q1_labor,14.9556976,0.01231
C_LLERAS_R,2040_Q1_labor,54.067682000000005,0.00875
DARIO VALENC,2040_Q1_labor,63.106956,0.49721
EL QUIMBO,2040_Q1_labor,162.11506719999997,35.24369
ESCUELAMINAS,2040_Q1_labor,17.596486,0.79247
ESMERALDA,2040_Q1_labor,28.9320372,0.00013
GUATAPE,2040_Q1_labor,532.1702708,0.672
GUAVIO,2040_Q1_labor,722.234368,0.01912
H_ALBAN,2040_Q1_labor,230.0686,0.08
H_GUATRON,2040_Q1_labor,455.9584264,0.05814
H_PAGUA,2040_Q1_labor,399.33411,1e-05
ITUANGO,2040_Q1_labor,270.3585588,0.0001
JAGUAS,2040_Q1_labor,98.9407772,0.0542999999999999
LA TASAJERA,2040_Q1_labor,302.90329,0.03667
MIEL I,2040_Q1_labor,276.7559724,0.09197
PLAYAS,2040_Q1_labor,204.97,0.01
PORCE II,2040_Q1_labor,268.87004,0.23
PORCE III,2040_Q1_labor,601.4559288,0.26943
PRADO,2040_Q1_labor,50.8990132,6e-05
SALTO II,2040_Q1_labor,34.978568,2e-05
SALVAJINA,2040_Q1_labor,154.70644,2e-05
SAN CARLOS,2040_Q1_labor,928.908982,0.04445
SANFRANCISCO,2040_Q1_labor,26.366201999999998,1e-05
SNMIGUEL,2040_Q1_labor,25.631944,0.00281
SOGAMOSO,2040_Q1_labor,510.196704,116.44197
URRA,2040_Q1_labor,79.44100399999999,72.20884
ITUANGO2,2040_Q1_labor,842.6194440247313,1.7366768516076758
ITUANGO2,2040_Q1_labor,129.20164808379212,0.2662904505798436
AMOYA,2040_Q1_holidays,36.4566984,0.53926
BETANIA,2040_Q1_holidays,60.579406,59.84668
CALIMA,2040_Q1_holidays,99.6720828,0.03599
CHIVOR,2040_Q1_holidays,305.31278,0.88719
CUCUANA,2040_Q1_holidays,16.0772552,1.3145
C_LLERAS_R,2040_Q1_holidays,47.4790684,15.555040000000002
DARIO VALENC,2040_Q1_holidays,68.4905544,0.03696
EL QUIMBO,2040_Q1_holidays,100.2500876,29.54363
ESCUELAMINAS,2040_Q1_holidays,17.746769999999998,10.28117
ESMERALDA,2040_Q1_holidays,28.233364,6e-05
GUATAPE,2040_Q1_holidays,534.2688028,1.392
GUAVIO,2040_Q1_holidays,590.8617448,0.00148
H_ALBAN,2040_Q1_holidays,50.43028000000005,0.567
H_GUATRON,2040_Q1_holidays,506.14,2.24973
H_PAGUA,2040_Q1_holidays,400.404564,1e-05
ITUANGO,2040_Q1_holidays,271.92371,1.10715
JAGUAS,2040_Q1_holidays,97.7405556,0.28169
LA TASAJERA,2040_Q1_holidays,302.9032852,0.55
MIEL I,2040_Q1_holidays,284.85836,31.81752
PLAYAS,2040_Q1_holidays,204.96,16.31
PORCE II,2040_Q1_holidays,267.99604,0.322
PORCE III,2040_Q1_holidays,572.884018,6.86746
PRADO,2040_Q1_holidays,50.997702,8.999999999999999e-05
SALTO II,2040_Q1_holidays,34.9358084,0.03408
SALVAJINA,2040_Q1_holidays,113.4376288,0.04491
SAN CARLOS,2040_Q1_holidays,784.3612248,0.00061
SANFRANCISCO,2040_Q1_holidays,18.65388400000001,1e-05
SNMIGUEL,2040_Q1_holidays,25.6043172,0.0043
SOGAMOSO,2040_Q1_holidays,490.114288,117.64746
URRA,2040_Q1_holidays,79.25469,72.32888
ITUANGO2,2040_Q1_holidays,828.0313228679084,48.70951635309697
ITUANGO2,2040_Q1_holidays,126.96480283974596,7.468792507474869
AMOYA,2040_Q2_labor,48.8131144,0.0030299999999999
BETANIA,2040_Q2_labor,305.5048732,0.23228
CALIMA,2040_Q2_labor,63.81131679999999,0.00034
CHIVOR,2040_Q2_labor,465.1469144,0.18027
CUCUANA,2040_Q2_labor,27.3866412,0.01567
C_LLERAS_R,2040_Q2_labor,52.22787999999999,0.0284899999999999
DARIO VALENC,2040_Q2_labor,99.7934856,0.0675
EL QUIMBO,2040_Q2_labor,142.7640048,40.95992
ESCUELAMINAS,2040_Q2_labor,34.0919888,0.05854
ESMERALDA,2040_Q2_labor,30.0698544,1e-05
GUATAPE,2040_Q2_labor,415.4400008,0.144
GUAVIO,2040_Q2_labor,545.5747044,0.0098599999999999
H_ALBAN,2040_Q2_labor,228.29231999999996,0.078
H_GUATRON,2040_Q2_labor,434.51005,0.09
H_PAGUA,2040_Q2_labor,400.928546,1e-05
ITUANGO,2040_Q2_labor,526.6008007999999,0.00076
JAGUAS,2040_Q2_labor,87.01783,0.00202
LA TASAJERA,2040_Q2_labor,203.68329,0.0733299999999999
MIEL I,2040_Q2_labor,33.513622000000005,28.70466
PLAYAS,2040_Q2_labor,204.91,0.03
PORCE II,2040_Q2_labor,268.68604,0.276
PORCE III,2040_Q2_labor,575.5445011999999,0.6147
PRADO,2040_Q2_labor,51.1145472,0.00026
SALTO II,2040_Q2_labor,34.90771,0.00035
SALVAJINA,2040_Q2_labor,111.2862424,0.0073
SAN CARLOS,2040_Q2_labor,929.6209212,0.00955
SANFRANCISCO,2040_Q2_labor,45.3637264,1e-05
SNMIGUEL,2040_Q2_labor,42.574274,0.89386
SOGAMOSO,2040_Q2_labor,545.5760928,117.87016
URRA,2040_Q2_labor,73.59315120000001,65.49328
ITUANGO2,2040_Q2_labor,857.2999292413181,2.170415385067268
ITUANGO2,2040_Q2_labor,131.4526558170021,0.3327970257103144
AMOYA,2040_Q2_holidays,51.7781256,0.02993
BETANIA,2040_Q2_holidays,150.3175731999999,0.00064
CALIMA,2040_Q2_holidays,15.858,0.17637
CHIVOR,2040_Q2_holidays,323.0400128,1.04242
CUCUANA,2040_Q2_holidays,28.09339,3.90522
C_LLERAS_R,2040_Q2_holidays,51.2803896,8.9424
DARIO VALENC,2040_Q2_holidays,109.7852476,0.2733
EL QUIMBO,2040_Q2_holidays,86.655652,76.52663000000001
ESCUELAMINAS,2040_Q2_holidays,36.052622,12.45958
ESMERALDA,2040_Q2_holidays,30.0394288,0.0002
GUATAPE,2040_Q2_holidays,389.91937,5.856
GUAVIO,2040_Q2_holidays,371.2699748,0.00874
H_ALBAN,2040_Q2_holidays,12.02148,2.979
H_GUATRON,2040_Q2_holidays,438.1602216,1.94938
H_PAGUA,2040_Q2_holidays,501.49114359999993,0.00117
ITUANGO,2040_Q2_holidays,535.76778,266.86046000000005
JAGUAS,2040_Q2_holidays,100.118468,1.05113
LA TASAJERA,2040_Q2_holidays,202.8032936,0.03667
MIEL I,2040_Q2_holidays,165.04464399999998,28.95938
PLAYAS,2040_Q2_holidays,204.94,2.68
PORCE II,2040_Q2_holidays,268.813,4.968
PORCE III,2040_Q2_holidays,627.7697548,10.804530000000002
PRADO,2040_Q2_holidays,51.1027492,1e-05
SALTO II,2040_Q2_holidays,34.8926656,8.999999999999999e-05
SALVAJINA,2040_Q2_holidays,95.7578968,0.0033399999999999
SAN CARLOS,2040_Q2_holidays,733.8056028,5.45185
SANFRANCISCO,2040_Q2_holidays,45.88078,4e-05
SNMIGUEL,2040_Q2_holidays,44.557464,11.15779
SOGAMOSO,2040_Q2_holidays,604.554202,119.40362
URRA,2040_Q2_holidays,72.603302,65.10534
ITUANGO2,2040_Q2_holidays,859.6696597743452,85.23361912656452
ITUANGO2,2040_Q2_holidays,131.81601449873293,13.069154932739892
AMOYA,2040_Q3_labor,60.888916,0.03678
BETANIA,2040_Q3_labor,256.4866699999999,0.04942
CALIMA,2040_Q3_labor,105.167432,0.012
CHIVOR,2040_Q3_labor,841.6999235999999,1.02402
CUCUANA,2040_Q3_labor,23.2130228,0.01441
C_LLERAS_R,2040_Q3_labor,54.337252,0.08511
DARIO VALENC,2040_Q3_labor,95.6519364,0.00464
EL QUIMBO,2040_Q3_labor,116.0460904,74.15267999999999
ESCUELAMINAS,2040_Q3_labor,35.1474708,1e-05
ESMERALDA,2040_Q3_labor,24.09099,1e-05
GUATAPE,2040_Q3_labor,416.524812,0.912
GUAVIO,2040_Q3_labor,425.303314,0.00091
H_ALBAN,2040_Q3_labor,69.84615999999998,2.892
H_GUATRON,2040_Q3_labor,357.7936,0.06
H_PAGUA,2040_Q3_labor,400.9850792,1e-05
ITUANGO,2040_Q3_labor,271.075718,0.00852
JAGUAS,2040_Q3_labor,122.42900039999998,0.6987599999999999
LA TASAJERA,2040_Q3_labor,220.38861800000004,0.36667
MIEL I,2040_Q3_labor,33.1697864,21.61449
PLAYAS,2040_Q3_labor,204.5692,0.07
PORCE II,2040_Q3_labor,270.48,0.046
PORCE III,2040_Q3_labor,676.717356,0.00504
PRADO,2040_Q3_labor,48.2126912,8.999999999999999e-05
SALTO II,2040_Q3_labor,24.8576436,0.00025
SALVAJINA,2040_Q3_labor,94.8110388,0.00123
SAN CARLOS,2040_Q3_labor,921.8786928,0.1103799999999999
SANFRANCISCO,2040_Q3_labor,45.920534,1e-05
SNMIGUEL,2040_Q3_labor,38.58579,0.0030299999999999
SOGAMOSO,2040_Q3_labor,546.7375480000001,111.51935
URRA,2040_Q3_labor,232.7350196,74.20494000000001
ITUANGO2,2040_Q3_labor,858.259185115407,0.8761376135093341
ITUANGO2,2040_Q3_labor,131.59974171769574,0.1343411007380978
AMOYA,2040_Q3_holidays,60.875204,1.4005999999999998
BETANIA,2040_Q3_holidays,60.548730000000006,59.88416
CALIMA,2040_Q3_holidays,92.53229,2.70181
CHIVOR,2040_Q3_holidays,769.279984,1.30438
CUCUANA,2040_Q3_holidays,22.8134964,0.03008
C_LLERAS_R,2040_Q3_holidays,53.30805120000001,15.613040000000002
DARIO VALENC,2040_Q3_holidays,105.16198839999998,0.2335
EL QUIMBO,2040_Q3_holidays,100.656974,77.38903
ESCUELAMINAS,2040_Q3_holidays,40.1187796,10.27611
ESMERALDA,2040_Q3_holidays,22.297736399999994,0.0003
GUATAPE,2040_Q3_holidays,421.46406,4.944
GUAVIO,2040_Q3_holidays,253.5824472,6e-05
H_ALBAN,2040_Q3_holidays,5.9058,2.799
H_GUATRON,2040_Q3_holidays,310.3236128,1.38
H_PAGUA,2040_Q3_holidays,518.7912248,0.0014
ITUANGO,2040_Q3_holidays,271.26080400000006,2.29334
JAGUAS,2040_Q3_holidays,107.7583256,3.41509
LA TASAJERA,2040_Q3_holidays,204.3535604,4.98666
MIEL I,2040_Q3_holidays,32.992406,31.45053
PLAYAS,2040_Q3_holidays,204.78,0.59
PORCE II,2040_Q3_holidays,267.72004,1.472
PORCE III,2040_Q3_holidays,616.65382,0.66625
PRADO,2040_Q3_holidays,43.91334,0.00011
SALTO II,2040_Q3_holidays,20.7985124,0.00074
SALVAJINA,2040_Q3_holidays,94.3162852,0.02328
SAN CARLOS,2040_Q3_holidays,922.4500008,0.67083
SANFRANCISCO,2040_Q3_holidays,52.6599244,1e-05
SNMIGUEL,2040_Q3_holidays,41.5338448,3.21132
SOGAMOSO,2040_Q3_holidays,545.4251720000001,119.41947
URRA,2040_Q3_holidays,231.450052,74.30389
ITUANGO2,2040_Q3_holidays,840.5164089317284,50.90295700313654
ITUANGO2,2040_Q3_holidays,128.87918270286502,7.805120073814269
AMOYA,2040_Q4_labor,53.5251268,0.00135
BETANIA,2040_Q4_labor,79.476492,59.16481
CALIMA,2040_Q4_labor,95.3249684,0.00349
CHIVOR,2040_Q4_labor,512.9830784,0.00483
CUCUANA,2040_Q4_labor,23.266878,0.01745
C_LLERAS_R,2040_Q4_labor,52.7572404,0.09328
DARIO VALENC,2040_Q4_labor,99.227286,0.0602
EL QUIMBO,2040_Q4_labor,182.23371200000005,8.35747
ESCUELAMINAS,2040_Q4_labor,36.308188,2.3851
ESMERALDA,2040_Q4_labor,22.4246668,1e-05
GUATAPE,2040_Q4_labor,364.86724,0.072
GUAVIO,2040_Q4_labor,537.2328512,0.0001799999999999
H_ALBAN,2040_Q4_labor,208.69356,2.778
H_GUATRON,2040_Q4_labor,431.7400292,0.06
H_PAGUA,2040_Q4_labor,399.3064124,1e-05
ITUANGO,2040_Q4_labor,594.572622,0.00043
JAGUAS,2040_Q4_labor,106.3795348,0.00079
LA TASAJERA,2040_Q4_labor,202.69329,0.33
MIEL I,2040_Q4_labor,36.16170399999999,13.36982
PLAYAS,2040_Q4_labor,204.92,0.01
PORCE II,2040_Q4_labor,268.91603999999995,1.334
PORCE III,2040_Q4_labor,684.4014792,0.6950599999999999
PRADO,2040_Q4_labor,30.2980104,2e-05
SALTO II,2040_Q4_labor,34.873613199999994,3e-05
SALVAJINA,2040_Q4_labor,89.3977704,0.00065
SAN CARLOS,2040_Q4_labor,963.9736172,0.00496
SANFRANCISCO,2040_Q4_labor,45.6401812,1e-05
SNMIGUEL,2040_Q4_labor,25.57414,0.00294
SOGAMOSO,2040_Q4_labor,609.424602,118.67555
URRA,2040_Q4_labor,156.52661999999998,76.20934
ITUANGO2,2040_Q4_labor,853.5489354287245,5.028842687100994
ITUANGO2,2040_Q4_labor,130.8775034324044,0.7710892120221524
AMOYA,2040_Q4_holidays,50.64497,0.0078099999999999
BETANIA,2040_Q4_holidays,60.519828,59.42281
CALIMA,2040_Q4_holidays,71.099836,0.01688
CHIVOR,2040_Q4_holidays,323.2367652,0.12028
CUCUANA,2040_Q4_holidays,22.9009216,0.06929
C_LLERAS_R,2040_Q4_holidays,52.5343092,3.96478
DARIO VALENC,2040_Q4_holidays,95.0987344,0.32172
EL QUIMBO,2040_Q4_holidays,172.31972919999998,77.49339
ESCUELAMINAS,2040_Q4_holidays,39.104588,8.70785
ESMERALDA,2040_Q4_holidays,23.3353356,8.999999999999999e-05
GUATAPE,2040_Q4_holidays,347.83104,8.688
GUAVIO,2040_Q4_holidays,273.9311316,0.00307
H_ALBAN,2040_Q4_holidays,37.93624,2.913
H_GUATRON,2040_Q4_holidays,384.56003,0.03
H_PAGUA,2040_Q4_holidays,398.74596,1e-05
ITUANGO,2040_Q4_holidays,576.8790128,171.64973
JAGUAS,2040_Q4_holidays,128.9213356,1.77504
LA TASAJERA,2040_Q4_holidays,203.42665,7.00333
MIEL I,2040_Q4_holidays,32.98746,30.96207
PLAYAS,2040_Q4_holidays,204.87,0.36
PORCE II,2040_Q4_holidays,268.25548,0.276
PORCE III,2040_Q4_holidays,696.3620212,0.43562
PRADO,2040_Q4_holidays,30.4484816,2e-05
SALTO II,2040_Q4_holidays,34.8808892,0.08208
SALVAJINA,2040_Q4_holidays,80.30697719999999,0.0031
SAN CARLOS,2040_Q4_holidays,929.9319876,3.41094
SANFRANCISCO,2040_Q4_holidays,45.728166,1e-05
SNMIGUEL,2040_Q4_holidays,25.58323,14.31722
SOGAMOSO,2040_Q4_holidays,612.17998,118.98969
URRA,2040_Q4_holidays,158.90316,76.51127000000001
ITUANGO2,2040_Q4_holidays,856.9098235135809,69.32355747836162
ITUANGO2,2040_Q4_holidays,131.39283960541573,10.629612146682115
AMOYA,2045_Q1_labor,34.7158344,0.0058499999999999
BETANIA,2045_Q1_labor,60.7725388,59.29976
CALIMA,2045_Q1_labor,99.6001992,0.006
CHIVOR,2045_Q1_labor,363.904152,0.22623
CUCUANA,2045_Q1_labor,14.9556976,0.01231
C_LLERAS_R,2045_Q1_labor,54.067682000000005,0.00875
DARIO VALENC,2045_Q1_labor,63.106956,0.49721
EL QUIMBO,2045_Q1_labor,162.11506719999997,35.24369
ESCUELAMINAS,2045_Q1_labor,17.596486,0.79247
ESMERALDA,2045_Q1_labor,28.9320372,0.00013
GUATAPE,2045_Q1_labor,532.1702708,0.672
GUAVIO,2045_Q1_labor,722.234368,0.01912
H_ALBAN,2045_Q1_labor,230.0686,0.08
H_GUATRON,2045_Q1_labor,455.9584264,0.05814
H_PAGUA,2045_Q1_labor,399.33411,1e-05
ITUANGO,2045_Q1_labor,270.3585588,0.0001
JAGUAS,2045_Q1_labor,98.9407772,0.0542999999999999
LA TASAJERA,2045_Q1_labor,302.90329,0.03667
MIEL I,2045_Q1_labor,276.7559724,0.09197
PLAYAS,2045_Q1_labor,204.97,0.01
PORCE II,2045_Q1_labor,268.87004,0.23
PORCE III,2045_Q1_labor,601.4559288,0.26943
PRADO,2045_Q1_labor,50.8990132,6e-05
SALTO II,2045_Q1_labor,34.978568,2e-05
SALVAJINA,2045_Q1_labor,154.70644,2e-05
SAN CARLOS,2045_Q1_labor,928.908982,0.04445
SANFRANCISCO,2045_Q1_labor,26.366201999999998,1e-05
SNMIGUEL,2045_Q1_labor,25.631944,0.00281
SOGAMOSO,2045_Q1_labor,510.196704,116.44197
URRA,2045_Q1_labor,79.44100399999999,72.20884
ITUANGO2,2045_Q1_labor,842.6194440247313,1.7366768516076758
ITUANGO2,2045_Q1_labor,129.20164808379212,0.2662904505798436
AMOYA,2045_Q1_holidays,36.4566984,0.53926
BETANIA,2045_Q1_holidays,60.579406,59.84668
CALIMA,2045_Q1_holidays,99.6720828,0.03599
CHIVOR,2045_Q1_holidays,305.31278,0.88719
CUCUANA,2045_Q1_holidays,16.0772552,1.3145
C_LLERAS_R,2045_Q1_holidays,47.4790684,15.555040000000002
DARIO VALENC,2045_Q1_holidays,68.4905544,0.03696
EL QUIMBO,2045_Q1_holidays,100.2500876,29.54363
ESCUELAMINAS,2045_Q1_holidays,17.746769999999998,10.28117
ESMERALDA,2045_Q1_holidays,28.233364,6e-05
GUATAPE,2045_Q1_holidays,534.2688028,1.392
GUAVIO,2045_Q1_holidays,590.8617448,0.00148
H_ALBAN,2045_Q1_holidays,50.43028000000005,0.567
H_GUATRON,2045_Q1_holidays,506.14,2.24973
H_PAGUA,2045_Q1_holidays,400.404564,1e-05
ITUANGO,2045_Q1_holidays,271.92371,1.10715
JAGUAS,2045_Q1_holidays,97.7405556,0.28169
LA TASAJERA,2045_Q1_holidays,302.9032852,0.55
MIEL I,2045_Q1_holidays,284.85836,31.81752
PLAYAS,2045_Q1_holidays,204.96,16.31
PORCE II,2045_Q1_holidays,267.99604,0.322
PORCE III,2045_Q1_holidays,572.884018,6.86746
PRADO,2045_Q1_holidays,50.997702,8.999999999999999e-05
SALTO II,2045_Q1_holidays,34.9358084,0.03408
SALVAJINA,2045_Q1_holidays,113.4376288,0.04491
SAN CARLOS,2045_Q1_holidays,784.3612248,0.00061
SANFRANCISCO,2045_Q1_holidays,18.65388400000001,1e-05
SNMIGUEL,2045_Q1_holidays,25.6043172,0.0043
SOGAMOSO,2045_Q1_holidays,490.114288,117.64746
URRA,2045_Q1_holidays,79.25469,72.32888
ITUANGO2,2045_Q1_holidays,828.0313228679084,48.70951635309697
ITUANGO2,2045_Q1_holidays,126.96480283974596,7.468792507474869
AMOYA,2045_Q2_labor,48.8131144,0.0030299999999999
BETANIA,2045_Q2_labor,305.5048732,0.23228
CALIMA,2045_Q2_labor,63.81131679999999,0.00034
CHIVOR,2045_Q2_labor,465.1469144,0.18027
CUCUANA,2045_Q2_labor,27.3866412,0.01567
C_LLERAS_R,2045_Q2_labor,52.22787999999999,0.0284899999999999
DARIO VALENC,2045_Q2_labor,99.7934856,0.0675
EL QUIMBO,2045_Q2_labor,142.7640048,40.95992
ESCUELAMINAS,2045_Q2_labor,34.0919888,0.05854
ESMERALDA,2045_Q2_labor,30.0698544,1e-05
GUATAPE,2045_Q2_labor,415.4400008,0.144
GUAVIO,2045_Q2_labor,545.5747044,0.0098599999999999
H_ALBAN,2045_Q2_labor,228.29231999999996,0.078
H_GUATRON,2045_Q2_labor,434.51005,0.09
H_PAGUA,2045_Q2_labor,400.928546,1e-05
ITUANGO,2045_Q2_labor,526.6008007999999,0.00076
JAGUAS,2045_Q2_labor,87.01783,0.00202
LA TASAJERA,2045_Q2_labor,203.68329,0.0733299999999999
MIEL I,2045_Q2_labor,33.513622000000005,28.70466
PLAYAS,2045_Q2_labor,204.91,0.03
PORCE II,2045_Q2_labor,268.68604,0.276
PORCE III,2045_Q2_labor,575.5445011999999,0.6147
PRADO,2045_Q2_labor,51.1145472,0.00026
SALTO II,2045_Q2_labor,34.90771,0.00035
SALVAJINA,2045_Q2_labor,111.2862424,0.0073
SAN CARLOS,2045_Q2_labor,929.6209212,0.00955
SANFRANCISCO,2045_Q2_labor,45.3637264,1e-05
SNMIGUEL,2045_Q2_labor,42.574274,0.89386
SOGAMOSO,2045_Q2_labor,545.5760928,117.87016
URRA,2045_Q2_labor,73.59315120000001,65.49328
ITUANGO2,2045_Q2_labor,857.2999292413181,2.170415385067268
ITUANGO2,2045_Q2_labor,131.4526558170021,0.3327970257103144
AMOYA,2045_Q2_holidays,51.7781256,0.02993
BETANIA,2045_Q2_holidays,150.3175731999999,0.00064
CALIMA,2045_Q2_holidays,15.858,0.17637
CHIVOR,2045_Q2_holidays,323.0400128,1.04242
CUCUANA,2045_Q2_holidays,28.09339,3.90522
C_LLERAS_R,2045_Q2_holidays,51.2803896,8.9424
DARIO VALENC,2045_Q2_holidays,109.7852476,0.2733
EL QUIMBO,2045_Q2_holidays,86.655652,76.52663000000001
ESCUELAMINAS,2045_Q2_holidays,36.052622,12.45958
ESMERALDA,2045_Q2_holidays,30.0394288,0.0002
GUATAPE,2045_Q2_holidays,389.91937,5.856
GUAVIO,2045_Q2_holidays,371.2699748,0.00874
H_ALBAN,2045_Q2_holidays,12.02148,2.979
H_GUATRON,2045_Q2_holidays,438.1602216,1.94938
H_PAGUA,2045_Q2_holidays,501.49114359999993,0.00117
ITUANGO,2045_Q2_holidays,535.76778,266.86046000000005
JAGUAS,2045_Q2_holidays,100.118468,1.05113
LA TASAJERA,2045_Q2_holidays,202.8032936,0.03667
MIEL I,2045_Q2_holidays,165.04464399999998,28.95938
PLAYAS,2045_Q2_holidays,204.94,2.68
PORCE II,2045_Q2_holidays,268.813,4.968
PORCE III,2045_Q2_holidays,627.7697548,10.804530000000002
PRADO,2045_Q2_holidays,51.1027492,1e-05
SALTO II,2045_Q2_holidays,34.8926656,8.999999999999999e-05
SALVAJINA,2045_Q2_holidays,95.7578968,0.0033399999999999
SAN CARLOS,2045_Q2_holidays,733.8056028,5.45185
SANFRANCISCO,2045_Q2_holidays,45.88078,4e-05
SNMIGUEL,2045_Q2_holidays,44.557464,11.15779
SOGAMOSO,2045_Q2_holidays,604.554202,119.40362
URRA,2045_Q2_holidays,72.603302,65.10534
ITUANGO2,2045_Q2_holidays,859.6696597743452,85.23361912656452
ITUANGO2,2045_Q2_holidays,131.81601449873293,13.069154932739892
AMOYA,2045_Q3_labor,60.888916,0.03678
BETANIA,2045_Q3_labor,256.4866699999999,0.04942
CALIMA,2045_Q3_labor,105.167432,0.012
CHIVOR,2045_Q3_labor,841.6999235999999,1.02402
CUCUANA,2045_Q3_labor,23.2130228,0.01441
C_LLERAS_R,2045_Q3_labor,54.337252,0.08511
DARIO VALENC,2045_Q3_labor,95.6519364,0.00464
EL QUIMBO,2045_Q3_labor,116.0460904,74.15267999999999
ESCUELAMINAS,2045_Q3_labor,35.1474708,1e-05
ESMERALDA,2045_Q3_labor,24.09099,1e-05
GUATAPE,2045_Q3_labor,416.524812,0.912
GUAVIO,2045_Q3_labor,425.303314,0.00091
H_ALBAN,2045_Q3_labor,69.84615999999998,2.892
H_GUATRON,2045_Q3_labor,357.7936,0.06
H_PAGUA,2045_Q3_labor,400.9850792,1e-05
ITUANGO,2045_Q3_labor,271.075718,0.00852
JAGUAS,2045_Q3_labor,122.42900039999998,0.6987599999999999
LA TASAJERA,2045_Q3_labor,220.38861800000004,0.36667
MIEL I,2045_Q3_labor,33.1697864,21.61449
PLAYAS,2045_Q3_labor,204.5692,0.07
PORCE II,2045_Q3_labor,270.48,0.046
PORCE III,2045_Q3_labor,676.717356,0.00504
PRADO,2045_Q3_labor,48.2126912,8.999999999999999e-05
SALTO II,2045_Q3_labor,24.8576436,0.00025
SALVAJINA,2045_Q3_labor,94.8110388,0.00123
SAN CARLOS,2045_Q3_labor,921.8786928,0.1103799999999999
SANFRANCISCO,2045_Q3_labor,45.920534,1e-05
SNMIGUEL,2045_Q3_labor,38.58579,0.0030299999999999
SOGAMOSO,2045_Q3_labor,546.7375480000001,111.51935
URRA,2045_Q3_labor,232.7350196,74.20494000000001
ITUANGO2,2045_Q3_labor,858.259185115407,0.8761376135093341
ITUANGO2,2045_Q3_labor,131.59974171769574,0.1343411007380978
AMOYA,2045_Q3_holidays,60.875204,1.4005999999999998
BETANIA,2045_Q3_holidays,60.548730000000006,59.88416
CALIMA,2045_Q3_holidays,92.53229,2.70181
CHIVOR,2045_Q3_holidays,769.279984,1.30438
CUCUANA,2045_Q3_holidays,22.8134964,0.03008
C_LLERAS_R,2045_Q3_holidays,53.30805120000001,15.613040000000002
DARIO VALENC,2045_Q3_holidays,105.16198839999998,0.2335
EL QUIMBO,2045_Q3_holidays,100.656974,77.38903
ESCUELAMINAS,2045_Q3_holidays,40.1187796,10.27611
ESMERALDA,2045_Q3_holidays,22.297736399999994,0.0003
GUATAPE,2045_Q3_holidays,421.46406,4.944
GUAVIO,2045_Q3_holidays,253.5824472,6e-05
H_ALBAN,2045_Q3_holidays,5.9058,2.799
H_GUATRON,2045_Q3_holidays,310.3236128,1.38
H_PAGUA,2045_Q3_holidays,518.7912248,0.0014
ITUANGO,2045_Q3_holidays,271.26080400000006,2.29334
JAGUAS,2045_Q3_holidays,107.7583256,3.41509
LA TASAJERA,2045_Q3_holidays,204.3535604,4.98666
MIEL I,2045_Q3_holidays,32.992406,31.45053
PLAYAS,2045_Q3_holidays,204.78,0.59
PORCE II,2045_Q3_holidays,267.72004,1.472
PORCE III,2045_Q3_holidays,616.65382,0.66625
PRADO,2045_Q3_holidays,43.91334,0.00011
SALTO II,2045_Q3_holidays,20.7985124,0.00074
SALVAJINA,2045_Q3_holidays,94.3162852,0.02328
SAN CARLOS,2045_Q3_holidays,922.4500008,0.67083
SANFRANCISCO,2045_Q3_holidays,52.6599244,1e-05
SNMIGUEL,2045_Q3_holidays,41.5338448,3.21132
SOGAMOSO,2045_Q3_holidays,545.4251720000001,119.41947
URRA,2045_Q3_holidays,231.450052,74.30389
ITUANGO2,2045_Q3_holidays,840.5164089317284,50.90295700313654
ITUANGO2,2045_Q3_holidays,128.87918270286502,7.805120073814269
AMOYA,2045_Q4_labor,53.5251268,0.00135
BETANIA,2045_Q4_labor,79.476492,59.16481
CALIMA,2045_Q4_labor,95.3249684,0.00349
CHIVOR,2045_Q4_labor,512.9830784,0.00483
CUCUANA,2045_Q4_labor,23.266878,0.01745
C_LLERAS_R,2045_Q4_labor,52.7572404,0.09328
DARIO VALENC,2045_Q4_labor,99.227286,0.0602
EL QUIMBO,2045_Q4_labor,182.23371200000005,8.35747
ESCUELAMINAS,2045_Q4_labor,36.308188,2.3851
ESMERALDA,2045_Q4_labor,22.4246668,1e-05
GUATAPE,2045_Q4_labor,364.86724,0.072
GUAVIO,2045_Q4_labor,537.2328512,0.0001799999999999
H_ALBAN,2045_Q4_labor,208.69356,2.778
H_GUATRON,2045_Q4_labor,431.7400292,0.06
H_PAGUA,2045_Q4_labor,399.3064124,1e-05
ITUANGO,2045_Q4_labor,594.572622,0.00043
JAGUAS,2045_Q4_labor,106.3795348,0.00079
LA TASAJERA,2045_Q4_labor,202.69329,0.33
MIEL I,2045_Q4_labor,36.16170399999999,13.36982
PLAYAS,2045_Q4_labor,204.92,0.01
PORCE II,2045_Q4_labor,268.91603999999995,1.334
PORCE III,2045_Q4_labor,684.4014792,0.6950599999999999
PRADO,2045_Q4_labor,30.2980104,2e-05
SALTO II,2045_Q4_labor,34.873613199999994,3e-05
SALVAJINA,2045_Q4_labor,89.3977704,0.00065
SAN CARLOS,2045_Q4_labor,963.9736172,0.00496
SANFRANCISCO,2045_Q4_labor,45.6401812,1e-05
SNMIGUEL,2045_Q4_labor,25.57414,0.00294
SOGAMOSO,2045_Q4_labor,609.424602,118.67555
URRA,2045_Q4_labor,156.52661999999998,76.20934
ITUANGO2,2045_Q4_labor,853.5489354287245,5.028842687100994
ITUANGO2,2045_Q4_labor,130.8775034324044,0.7710892120221524
AMOYA,2045_Q4_holidays,50.64497,0.0078099999999999
BETANIA,2045_Q4_holidays,60.519828,59.42281
CALIMA,2045_Q4_holidays,71.099836,0.01688
CHIVOR,2045_Q4_holidays,323.2367652,0.12028
CUCUANA,2045_Q4_holidays,22.9009216,0.06929
C_LLERAS_R,2045_Q4_holidays,52.5343092,3.96478
DARIO VALENC,2045_Q4_holidays,95.0987344,0.32172
EL QUIMBO,2045_Q4_holidays,172.31972919999998,77.49339
ESCUELAMINAS,2045_Q4_holidays,39.104588,8.70785
ESMERALDA,2045_Q4_holidays,23.3353356,8.999999999999999e-05
GUATAPE,2045_Q4_holidays,347.83104,8.688
GUAVIO,2045_Q4_holidays,273.9311316,0.00307
H_ALBAN,2045_Q4_holidays,37.93624,2.913
H_GUATRON,2045_Q4_holidays,384.56003,0.03
H_PAGUA,2045_Q4_holidays,398.74596,1e-05
ITUANGO,2045_Q4_holidays,576.8790128,171.64973
JAGUAS,2045_Q4_holidays,128.9213356,1.77504
LA TASAJERA,2045_Q4_holidays,203.42665,7.00333
MIEL I,2045_Q4_holidays,32.98746,30.96207
PLAYAS,2045_Q4_holidays,204.87,0.36
PORCE II,2045_Q4_holidays,268.25548,0.276
PORCE III,2045_Q4_holidays,696.3620212,0.43562
PRADO,2045_Q4_holidays,30.4484816,2e-05
SALTO II,2045_Q4_holidays,34.8808892,0.08208
SALVAJINA,2045_Q4_holidays,80.30697719999999,0.0031
SAN CARLOS,2045_Q4_holidays,929.9319876,3.41094
SANFRANCISCO,2045_Q4_holidays,45.728166,1e-05
SNMIGUEL,2045_Q4_holidays,25.58323,14.31722
SOGAMOSO,2045_Q4_holidays,612.17998,118.98969
URRA,2045_Q4_holidays,158.90316,76.51127000000001
ITUANGO2,2045_Q4_holidays,856.9098235135809,69.32355747836162
ITUANGO2,2045_Q4_holidays,131.39283960541573,10.629612146682115
AMOYA,2050_Q1_labor,34.7158344,0.0058499999999999
BETANIA,2050_Q1_labor,60.7725388,59.29976
CALIMA,2050_Q1_labor,99.6001992,0.006
CHIVOR,2050_Q1_labor,363.904152,0.22623
CUCUANA,2050_Q1_labor,14.9556976,0.01231
C_LLERAS_R,2050_Q1_labor,54.067682000000005,0.00875
DARIO VALENC,2050_Q1_labor,63.106956,0.49721
EL QUIMBO,2050_Q1_labor,162.11506719999997,35.24369
ESCUELAMINAS,2050_Q1_labor,17.596486,0.79247
ESMERALDA,2050_Q1_labor,28.9320372,0.00013
GUATAPE,2050_Q1_labor,532.1702708,0.672
GUAVIO,2050_Q1_labor,722.234368,0.01912
H_ALBAN,2050_Q1_labor,230.0686,0.08
H_GUATRON,2050_Q1_labor,455.9584264,0.05814
H_PAGUA,2050_Q1_labor,399.33411,1e-05
ITUANGO,2050_Q1_labor,270.3585588,0.0001
JAGUAS,2050_Q1_labor,98.9407772,0.0542999999999999
LA TASAJERA,2050_Q1_labor,302.90329,0.03667
MIEL I,2050_Q1_labor,276.7559724,0.09197
PLAYAS,2050_Q1_labor,204.97,0.01
PORCE II,2050_Q1_labor,268.87004,0.23
PORCE III,2050_Q1_labor,601.4559288,0.26943
PRADO,2050_Q1_labor,50.8990132,6e-05
SALTO II,2050_Q1_labor,34.978568,2e-05
SALVAJINA,2050_Q1_labor,154.70644,2e-05
SAN CARLOS,2050_Q1_labor,928.908982,0.04445
SANFRANCISCO,2050_Q1_labor,26.366201999999998,1e-05
SNMIGUEL,2050_Q1_labor,25.631944,0.00281
SOGAMOSO,2050_Q1_labor,510.196704,116.44197
URRA,2050_Q1_labor,79.44100399999999,72.20884
ITUANGO2,2050_Q1_labor,842.6194440247313,1.7366768516076758
ITUANGO2,2050_Q1_labor,129.20164808379212,0.2662904505798436
AMOYA,2050_Q1_holidays,36.4566984,0.53926
BETANIA,2050_Q1_holidays,60.579406,59.84668
CALIMA,2050_Q1_holidays,99.6720828,0.03599
CHIVOR,2050_Q1_holidays,305.31278,0.88719
CUCUANA,2050_Q1_holidays,16.0772552,1.3145
C_LLERAS_R,2050_Q1_holidays,47.4790684,15.555040000000002
DARIO VALENC,2050_Q1_holidays,68.4905544,0.03696
EL QUIMBO,2050_Q1_holidays,100.2500876,29.54363
ESCUELAMINAS,2050_Q1_holidays,17.746769999999998,10.28117
ESMERALDA,2050_Q1_holidays,28.233364,6e-05
GUATAPE,2050_Q1_holidays,534.2688028,1.392
GUAVIO,2050_Q1_holidays,590.8617448,0.00148
H_ALBAN,2050_Q1_holidays,50.43028000000005,0.567
H_GUATRON,2050_Q1_holidays,506.14,2.24973
H_PAGUA,2050_Q1_holidays,400.404564,1e-05
ITUANGO,2050_Q1_holidays,271.92371,1.10715
JAGUAS,2050_Q1_holidays,97.7405556,0.28169
LA TASAJERA,2050_Q1_holidays,302.9032852,0.55
MIEL I,2050_Q1_holidays,284.85836,31.81752
PLAYAS,2050_Q1_holidays,204.96,16.31
PORCE II,2050_Q1_holidays,267.99604,0.322
PORCE III,2050_Q1_holidays,572.884018,6.86746
PRADO,2050_Q1_holidays,50.997702,8.999999999999999e-05
SALTO II,2050_Q1_holidays,34.9358084,0.03408
SALVAJINA,2050_Q1_holidays,113.4376288,0.04491
SAN CARLOS,2050_Q1_holidays,784.3612248,0.00061
SANFRANCISCO,2050_Q1_holidays,18.65388400000001,1e-05
SNMIGUEL,2050_Q1_holidays,25.6043172,0.0043
SOGAMOSO,2050_Q1_holidays,490.114288,117.64746
URRA,2050_Q1_holidays,79.25469,72.32888
ITUANGO2,2050_Q1_holidays,828.0313228679084,48.70951635309697
ITUANGO2,2050_Q1_holidays,126.96480283974596,7.468792507474869
AMOYA,2050_Q2_labor,48.8131144,0.0030299999999999
BETANIA,2050_Q2_labor,305.5048732,0.23228
CALIMA,2050_Q2_labor,63.81131679999999,0.00034
CHIVOR,2050_Q2_labor,465.1469144,0.18027
CUCUANA,2050_Q2_labor,27.3866412,0.01567
C_LLERAS_R,2050_Q2_labor,52.22787999999999,0.0284899999999999
DARIO VALENC,2050_Q2_labor,99.7934856,0.0675
EL QUIMBO,2050_Q2_labor,142.7640048,40.95992
ESCUELAMINAS,2050_Q2_labor,34.0919888,0.05854
ESMERALDA,2050_Q2_labor,30.0698544,1e-05
GUATAPE,2050_Q2_labor,415.4400008,0.144
GUAVIO,2050_Q2_labor,545.5747044,0.0098599999999999
H_ALBAN,2050_Q2_labor,228.29231999999996,0.078
H_GUATRON,2050_Q2_labor,434.51005,0.09
H_PAGUA,2050_Q2_labor,400.928546,1e-05
ITUANGO,2050_Q2_labor,526.6008007999999,0.00076
JAGUAS,2050_Q2_labor,87.01783,0.00202
LA TASAJERA,2050_Q2_labor,203.68329,0.0733299999999999
MIEL I,2050_Q2_labor,33.513622000000005,28.70466
PLAYAS,2050_Q2_labor,204.91,0.03
PORCE II,2050_Q2_labor,268.68604,0.276
PORCE III,2050_Q2_labor,575.5445011999999,0.6147
PRADO,2050_Q2_labor,51.1145472,0.00026
SALTO II,2050_Q2_labor,34.90771,0.00035
SALVAJINA,2050_Q2_labor,111.2862424,0.0073
SAN CARLOS,2050_Q2_labor,929.6209212,0.00955
SANFRANCISCO,2050_Q2_labor,45.3637264,1e-05
SNMIGUEL,2050_Q2_labor,42.574274,0.89386
SOGAMOSO,2050_Q2_labor,545.5760928,117.87016
URRA,2050_Q2_labor,73.59315120000001,65.49328
ITUANGO2,2050_Q2_labor,857.2999292413181,2.170415385067268
ITUANGO2,2050_Q2_labor,131.4526558170021,0.3327970257103144
AMOYA,2050_Q2_holidays,51.7781256,0.02993
BETANIA,2050_Q2_holidays,150.3175731999999,0.00064
CALIMA,2050_Q2_holidays,15.858,0.17637
CHIVOR,2050_Q2_holidays,323.0400128,1.04242
CUCUANA,2050_Q2_holidays,28.09339,3.90522
C_LLERAS_R,2050_Q2_holidays,51.2803896,8.9424
DARIO VALENC,2050_Q2_holidays,109.7852476,0.2733
EL QUIMBO,2050_Q2_holidays,86.655652,76.52663000000001
ESCUELAMINAS,2050_Q2_holidays,36.052622,12.45958
ESMERALDA,2050_Q2_holidays,30.0394288,0.0002
GUATAPE,2050_Q2_holidays,389.91937,5.856
GUAVIO,2050_Q2_holidays,371.2699748,0.00874
H_ALBAN,2050_Q2_holidays,12.02148,2.979
H_GUATRON,2050_Q2_holidays,438.1602216,1.94938
H_PAGUA,2050_Q2_holidays,501.49114359999993,0.00117
ITUANGO,2050_Q2_holidays,535.76778,266.86046000000005
JAGUAS,2050_Q2_holidays,100.118468,1.05113
LA TASAJERA,2050_Q2_holidays,202.8032936,0.03667
MIEL I,2050_Q2_holidays,165.04464399999998,28.95938
PLAYAS,2050_Q2_holidays,204.94,2.68
PORCE II,2050_Q2_holidays,268.813,4.968
PORCE III,2050_Q2_holidays,627.7697548,10.804530000000002
PRADO,2050_Q2_holidays,51.1027492,1e-05
SALTO II,2050_Q2_holidays,34.8926656,8.999999999999999e-05
SALVAJINA,2050_Q2_holidays,95.7578968,0.0033399999999999
SAN CARLOS,2050_Q2_holidays,733.8056028,5.45185
SANFRANCISCO,2050_Q2_holidays,45.88078,4e-05
SNMIGUEL,2050_Q2_holidays,44.557464,11.15779
SOGAMOSO,2050_Q2_holidays,604.554202,119.40362
URRA,2050_Q2_holidays,72.603302,65.10534
ITUANGO2,2050_Q2_holidays,859.6696597743452,85.23361912656452
ITUANGO2,2050_Q2_holidays,131.81601449873293,13.069154932739892
AMOYA,2050_Q3_labor,60.888916,0.03678
BETANIA,2050_Q3_labor,256.4866699999999,0.04942
CALIMA,2050_Q3_labor,105.167432,0.012
CHIVOR,2050_Q3_labor,841.6999235999999,1.02402
CUCUANA,2050_Q3_labor,23.2130228,0.01441
C_LLERAS_R,2050_Q3_labor,54.337252,0.08511
DARIO VALENC,2050_Q3_labor,95.6519364,0.00464
EL QUIMBO,2050_Q3_labor,116.0460904,74.15267999999999
ESCUELAMINAS,2050_Q3_labor,35.1474708,1e-05
ESMERALDA,2050_Q3_labor,24.09099,1e-05
GUATAPE,2050_Q3_labor,416.524812,0.912
GUAVIO,2050_Q3_labor,425.303314,0.00091
H_ALBAN,2050_Q3_labor,69.84615999999998,2.892
H_GUATRON,2050_Q3_labor,357.7936,0.06
H_PAGUA,2050_Q3_labor,400.9850792,1e-05
ITUANGO,2050_Q3_labor,271.075718,0.00852
JAGUAS,2050_Q3_labor,122.42900039999998,0.6987599999999999
LA TASAJERA,2050_Q3_labor,220.38861800000004,0.36667
MIEL I,2050_Q3_labor,33.1697864,21.61449
PLAYAS,2050_Q3_labor,204.5692,0.07
PORCE II,2050_Q3_labor,270.48,0.046
PORCE III,2050_Q3_labor,676.717356,0.00504
PRADO,2050_Q3_labor,48.2126912,8.999999999999999e-05
SALTO II,2050_Q3_labor,24.8576436,0.00025
SALVAJINA,2050_Q3_labor,94.8110388,0.00123
SAN CARLOS,2050_Q3_labor,921.8786928,0.1103799999999999
SANFRANCISCO,2050_Q3_labor,45.920534,1e-05
SNMIGUEL,2050_Q3_labor,38.58579,0.0030299999999999
SOGAMOSO,2050_Q3_labor,546.7375480000001,111.51935
URRA,2050_Q3_labor,232.7350196,74.20494000000001
ITUANGO2,2050_Q3_labor,858.259185115407,0.8761376135093341
ITUANGO2,2050_Q3_labor,131.59974171769574,0.1343411007380978
AMOYA,2050_Q3_holidays,60.875204,1.4005999999999998
BETANIA,2050_Q3_holidays,60.548730000000006,59.88416
CALIMA,2050_Q3_holidays,92.53229,2.70181
CHIVOR,2050_Q3_holidays,769.279984,1.30438
CUCUANA,2050_Q3_holidays,22.8134964,0.03008
C_LLERAS_R,2050_Q3_holidays,53.30805120000001,15.613040000000002
DARIO VALENC,2050_Q3_holidays,105.16198839999998,0.2335
EL QUIMBO,2050_Q3_holidays,100.656974,77.38903
ESCUELAMINAS,2050_Q3_holidays,40.1187796,10.27611
ESMERALDA,2050_Q3_holidays,22.297736399999994,0.0003
GUATAPE,2050_Q3_holidays,421.46406,4.944
GUAVIO,2050_Q3_holidays,253.5824472,6e-05
H_ALBAN,2050_Q3_holidays,5.9058,2.799
H_GUATRON,2050_Q3_holidays,310.3236128,1.38
H_PAGUA,2050_Q3_holidays,518.7912248,0.0014
ITUANGO,2050_Q3_holidays,271.26080400000006,2.29334
JAGUAS,2050_Q3_holidays,107.7583256,3.41509
LA TASAJERA,2050_Q3_holidays,204.3535604,4.98666
MIEL I,2050_Q3_holidays,32.992406,31.45053
PLAYAS,2050_Q3_holidays,204.78,0.59
PORCE II,2050_Q3_holidays,267.72004,1.472
PORCE III,2050_Q3_holidays,616.65382,0.66625
PRADO,2050_Q3_holidays,43.91334,0.00011
SALTO II,2050_Q3_holidays,20.7985124,0.00074
SALVAJINA,2050_Q3_holidays,94.3162852,0.02328
SAN CARLOS,2050_Q3_holidays,922.4500008,0.67083
SANFRANCISCO,2050_Q3_holidays,52.6599244,1e-05
SNMIGUEL,2050_Q3_holidays,41.5338448,3.21132
SOGAMOSO,2050_Q3_holidays,545.4251720000001,119.41947
URRA,2050_Q3_holidays,231.450052,74.30389
ITUANGO2,2050_Q3_holidays,840.5164089317284,50.90295700313654
ITUANGO2,2050_Q3_holidays,128.87918270286502,7.805120073814269
AMOYA,2050_Q4_labor,53.5251268,0.00135
BETANIA,2050_Q4_labor,79.476492,59.16481
CALIMA,2050_Q4_labor,95.3249684,0.00349
CHIVOR,2050_Q4_labor,512.9830784,0.00483
CUCUANA,2050_Q4_labor,23.266878,0.01745
C_LLERAS_R,2050_Q4_labor,52.7572404,0.09328
DARIO VALENC,2050_Q4_labor,99.227286,0.0602
EL QUIMBO,2050_Q4_labor,182.23371200000005,8.35747
ESCUELAMINAS,2050_Q4_labor,36.308188,2.3851
ESMERALDA,2050_Q4_labor,22.4246668,1e-05
GUATAPE,2050_Q4_labor,364.86724,0.072
GUAVIO,2050_Q4_labor,537.2328512,0.0001799999999999
H_ALBAN,2050_Q4_labor,208.69356,2.778
H_GUATRON,2050_Q4_labor,431.7400292,0.06
H_PAGUA,2050_Q4_labor,399.3064124,1e-05
ITUANGO,2050_Q4_labor,594.572622,0.00043
JAGUAS,2050_Q4_labor,106.3795348,0.00079
LA TASAJERA,2050_Q4_labor,202.69329,0.33
MIEL I,2050_Q4_labor,36.16170399999999,13.36982
PLAYAS,2050_Q4_labor,204.92,0.01
PORCE II,2050_Q4_labor,268.91603999999995,1.334
PORCE III,2050_Q4_labor,684.4014792,0.6950599999999999
PRADO,2050_Q4_labor,30.2980104,2e-05
SALTO II,2050_Q4_labor,34.873613199999994,3e-05
SALVAJINA,2050_Q4_labor,89.3977704,0.00065
SAN CARLOS,2050_Q4_labor,963.9736172,0.00496
SANFRANCISCO,2050_Q4_labor,45.6401812,1e-05
SNMIGUEL,2050_Q4_labor,25.57414,0.00294
SOGAMOSO,2050_Q4_labor,609.424602,118.67555
URRA,2050_Q4_labor,156.52661999999998,76.20934
ITUANGO2,2050_Q4_labor,853.5489354287245,5.028842687100994
ITUANGO2,2050_Q4_labor,130.8775034324044,0.7710892120221524
AMOYA,2050_Q4_holidays,50.64497,0.0078099999999999
BETANIA,2050_Q4_holidays,60.519828,59.42281
CALIMA,2050_Q4_holidays,71.099836,0.01688
CHIVOR,2050_Q4_holidays,323.2367652,0.12028
CUCUANA,2050_Q4_holidays,22.9009216,0.06929
C_LLERAS_R,2050_Q4_holidays,52.5343092,3.96478
DARIO VALENC,2050_Q4_holidays,95.0987344,0.32172
EL QUIMBO,2050_Q4_holidays,172.31972919999998,77.49339
ESCUELAMINAS,2050_Q4_holidays,39.104588,8.70785
ESMERALDA,2050_Q4_holidays,23.3353356,8.999999999999999e-05
GUATAPE,2050_Q4_holidays,347.83104,8.688
GUAVIO,2050_Q4_holidays,273.9311316,0.00307
H_ALBAN,2050_Q4_holidays,37.93624,2.913
H_GUATRON,2050_Q4_holidays,384.56003,0.03
H_PAGUA,2050_Q4_holidays,398.74596,1e-05
ITUANGO,2050_Q4_holidays,576.8790128,171.64973
JAGUAS,2050_Q4_holidays,128.9213356,1.77504
LA TASAJERA,2050_Q4_holidays,203.42665,7.00333
MIEL I,2050_Q4_holidays,32.98746,30.96207
PLAYAS,2050_Q4_holidays,204.87,0.36
PORCE II,2050_Q4_holidays,268.25548,0.276
PORCE III,2050_Q4_holidays,696.3620212,0.43562
PRADO,2050_Q4_holidays,30.4484816,2e-05
SALTO II,2050_Q4_holidays,34.8808892,0.08208
SALVAJINA,2050_Q4_holidays,80.30697719999999,0.0031
SAN CARLOS,2050_Q4_holidays,929.9319876,3.41094
SANFRANCISCO,2050_Q4_holidays,45.728166,1e-05
SNMIGUEL,2050_Q4_holidays,25.58323,14.31722
SOGAMOSO,2050_Q4_holidays,612.17998,118.98969
URRA,2050_Q4_holidays,158.90316,76.51127000000001
ITUANGO2,2050_Q4_holidays,856.9098235135809,69.32355747836162
ITUANGO2,2050_Q4_holidays,131.39283960541573,10.629612146682115
